iso3,year,raw_score,kalman_score,kalman_std,ci_lower_95,ci_upper_95,ci_width,innovation
AFG,2013,24.386,24.378055165650327,0.58248818996895,23.236378313311185,25.51973201798947,2.283353704678284,0.0
AFG,2014,24.408,24.326651181208973,0.5640659884695346,23.221081843808687,25.43222051860926,2.2111386748005755,0.022000000000002018
AFG,2015,23.555,23.779706154621973,0.5637708631160872,22.674715262914443,24.884697046329503,2.2099817834150617,-0.8502613140294315
AFG,2016,24.655,24.601571685984847,0.5637662111272728,23.49658991217539,25.706553459794304,2.209963547618909,0.9932780709994873
AFG,2017,24.949,25.097975547459622,0.563766137818302,23.99299391733575,26.202957177583496,2.209963260247744,0.418689043508067
AFG,2018,26.633,26.501872586333782,0.5637661366635908,25.396890958473143,27.60685421419442,2.209963255721276,1.7365593429858208
AFG,2019,27.465,27.106999388740967,0.5637661366792323,26.00201776084967,28.21198101663226,2.2099632557825903,1.0499957237268944
AFG,2020,25.499,25.531344728939132,0.5637661388267547,24.426363096838692,26.636326361039572,2.2099632642008786,-1.8341907538925035
AFG,2021,24.252,24.152719859177537,0.5637662751214602,23.047737959939475,25.2577017584156,2.2099637984761236,-1.4772517001038032
AFG,2022,22.189,22.169324260366917,0.5637749239826041,21.064325409361015,23.27432311137282,2.209997702011808,-2.2484440246786406
AFG,2023,19.324,20.06607275377956,0.5643234884390779,18.959998716438967,21.172146791120156,2.2121480746811852,-3.147254208386933
AFG,2024,22.88,22.483200414595157,0.5981059552944586,21.31091274221802,23.655488086972294,2.344575344754278,3.1609153390386595
AGO,2000,17.036,17.678776096667285,0.6689556064934198,16.367623107940183,18.989929085394387,2.6223059774542055,0.0
AGO,2001,17.769,18.101458740303215,0.589875293762211,16.94530316452928,19.25761431607715,2.3123111515478674,0.732999999999997
AGO,2002,20.064,18.72391748088801,0.5710064366949056,17.604744864965994,19.843090096810023,2.23834523184403,2.5864855101313893
AGO,2003,17.784,18.54111402558821,0.5667702573749229,17.43024432113336,19.65198373004306,2.221739408909698,-1.106055768399166
AGO,2004,18.836,18.81326412283844,0.565833879758057,17.70422971851265,19.92229852716423,2.218068808651583,0.536843516553926
AGO,2005,18.958,19.071752119354297,0.5656276329767058,17.963121958719952,20.180382279988642,2.2172603212686868,0.3734318801957279
AGO,2006,19.899,19.398594325488876,0.5655822407408404,18.290053133636828,20.507135517340924,2.2170823837040943,1.1161102736768314
AGO,2007,18.703,19.424740293486604,0.5655722522331772,18.316218679109575,20.533261907863633,2.2170432287540547,-0.6724920273627149
AGO,2008,19.367,19.884583563928462,0.5655700543606691,18.77606625738155,20.993100870475374,2.2170346130938228,0.34855122655264026
AGO,2009,20.853,20.65544535099047,0.5655695707574412,19.546928992305883,21.763961709675055,2.2170327173691695,1.6494985596463714
AGO,2010,21.656,21.307595574995865,0.5655694644076754,20.19907942475682,22.41611172523491,2.2170323004780874,1.5767496958724543
AGO,2011,21.899,21.750387861461228,0.5655694412857364,20.641871756541185,22.85890396638127,2.2170322098400868,0.9826249932312763
AGO,2012,22.309,22.103878380827844,0.5655694374662614,20.995362283393973,23.212394478261714,2.2170321948677447,0.8709318181137604
AGO,2013,22.049,22.334110307441957,0.5655694423895242,21.22559420035849,23.442626414525424,2.217032214166935,0.1485385587615049
AGO,2014,22.811,22.73566642414563,0.5655694696669006,21.627150263598505,23.844182584692756,2.2170323210942504,0.8316767850930944
AGO,2015,22.747,23.091954223524688,0.5655695947123123,21.983437817888557,24.20047062916082,2.217032811272264,0.3261247271416394
AGO,2016,23.152,23.65552671735616,0.5655701632392733,22.547009197407185,24.764044237305136,2.2170350398979513,0.557979285356744
AGO,2017,24.752,24.52167089936506,0.5655727470508263,23.41314831514544,25.63019348358468,2.217045168439239,1.8617381180260217
AGO,2018,26.091,25.249409188670935,0.5655844894803486,24.140863589289452,26.357954788052417,2.2170911987629665,2.2123081031234193
AGO,2019,25.884,25.471431408181186,0.5656378518601011,24.36278121853539,26.580081597826982,2.217300379291596,0.830754222445865
AGO,2020,25.235,25.445539125813458,0.565880302781747,24.336413732361233,26.554664519265682,2.218250786904448,-0.2593080303591506
AGO,2021,25.408,25.546160842661628,0.5669808555764434,24.434878365731798,26.657443319591458,2.222564953859658,0.05136323383725383
AGO,2022,25.566,25.72980409136344,0.571955822417304,24.608770679425525,26.850837503301356,2.242066823875832,0.18209357571754126
AGO,2023,26.202,26.011878026552836,0.5940406860222123,24.8475582819493,27.17619777115637,2.328639489207072,0.721416844432536
AGO,2024,26.459,26.17970673009379,0.6855023848698361,24.836122055748913,27.52329140443867,2.6871693486897574,0.5954037582275191
ALB,2000,34.469,36.057404164057765,0.9824774557971093,34.13174835069543,37.9830599774201,3.8513116267246685,0.0
ALB,2001,38.857,37.43058472581616,0.8715939830971404,35.72226051894577,39.138908932686554,3.4166484137407904,4.387999999999998
ALB,2002,37.726,37.67520621319805,0.850321326705304,36.00857641285565,39.34183601354045,3.3332596006847917,0.4903561542947088
ALB,2003,37.658,37.87964039324052,0.8464750190238588,36.22054935595376,39.538731430527285,3.3181820745735267,0.13448529424325528
ALB,2004,38.027,38.25943323745818,0.8457878775853205,36.60168899739095,39.917177477525414,3.3154884801344564,0.42554799747472316
ALB,2005,38.708,38.82312388764277,0.8456653894004701,37.16561972441785,40.48062805086769,3.315008326449843,0.8605024698313954
ALB,2006,38.825,39.477898887825724,0.8456435635344951,37.820437503298116,41.13536027235333,3.3149227690552205,0.4801776548385277
ALB,2007,40.692,40.649238017573005,0.8456396747102651,38.991784255140885,42.306691780005124,3.3149075248642395,2.0696807944714664
ALB,2008,41.626,41.78674448709872,0.8456389818277076,40.12929208271642,43.44419689148103,3.314904808764614,1.8076184523786196
ALB,2009,43.282,43.05142966317263,0.845638858375979,41.39397750075571,44.70888182558954,3.3149043248338375,2.41900358853394
ALB,2010,44.972,44.13369093323678,0.8456388363849108,42.47623881392235,45.791143052551206,3.3149042386288503,2.711072486578132
ALB,2011,44.621,44.55269422958844,0.8456388324926093,42.895242117902924,46.210146341273955,3.314904223371028,0.7933562211578149
ALB,2012,45.311,44.917654991185024,0.8456388319444632,43.26020288057388,46.57510710179617,3.314904221222296,1.0248793321295366
ALB,2013,44.537,44.97140688738803,0.8456388326626069,43.31395477536932,46.62885899940674,3.3149042240374187,-0.3413936899876262
ALB,2014,46.085,45.368855211697436,0.845638837369318,43.71140309045357,47.0263073329413,3.3149042424877266,1.4038961431442019
ALB,2015,44.188,45.19970016738495,0.8456388639064039,43.542247994128395,46.8571523406415,3.314904346513103,-1.304408939280492
ALB,2016,45.161,45.83098762050981,0.8456390128684176,44.17353515528771,47.48844008573191,3.3149049304441967,0.42240294855209015
ALB,2017,47.796,46.99235956062174,0.8456398489276334,45.33490545672358,48.649813664519904,3.3149082077963232,2.8132982399098907
ALB,2018,48.05,47.5179028421299,0.8456445413322355,45.860439541118716,49.17536614314108,3.3149266020223633,1.441506209976076
ALB,2019,47.693,47.6224585705513,0.8456708771771904,45.96494365128401,49.279973489818595,3.315029838534586,0.25146644404138385
ALB,2020,47.534,47.67120294321632,0.8458186730531678,46.01339834403211,49.32900754240053,3.315609198368418,-0.052854849918311686
ALB,2021,47.291,47.82850029438652,0.8466477051694873,46.169070792254324,49.48792979651872,3.31885900426439,-0.2653102768184894
ALB,2022,49.305,48.41106008188127,0.8512857027944639,46.74254010440412,50.07958005935841,3.3370399549542986,1.902011304019247
ALB,2023,50.007,48.28634757301229,0.8768615599529821,46.56769891550445,50.004996230520135,3.4372973150156896,1.5048477759400924
ALB,2024,44.922,46.80027982246168,1.0084414600954128,44.82373456067467,48.77682508424869,3.953090523574018,-4.449796787753648
AND,2007,36.529,36.22536860143513,0.49666791823006745,35.2518994817042,37.19883772116606,1.9469382394618644,0.0
AND,2008,33.386,33.74979583254479,0.4846294427526291,32.799922124749635,34.69966954033995,1.899747415590306,-3.1430000000000007
AND,2009,34.176,34.08186358949936,0.48449755069689937,33.13224839013344,35.031478788865286,1.8992303987318455,0.46477912819769784
AND,2010,33.685,33.687421646685436,0.4844961234286974,32.73780924476519,34.637034048605685,1.8992248038404937,-0.4426567749455117
AND,2011,32.944,33.31166906962305,0.4844961079856344,32.362056697971205,34.261281441274896,1.8992247433036868,-0.7870447852305844
AND,2012,36.005,35.77344921731022,0.4844961078185404,34.82383684598588,36.723061588634565,1.8992247426486784,2.979132214114429
AND,2013,36.573,36.448206801480524,0.4844961078167326,35.49859443015973,37.39781917280132,1.8992247426415916,0.8778870158427665
AND,2014,35.957,36.15985703210532,0.4844961078167129,35.21024466078457,37.109469403426075,1.8992247426415145,-0.5246828753967208
AND,2015,37.603,37.43708216310069,0.4844961078167127,36.48746979177994,38.386694534421444,1.8992247426415139,1.5914228953781162
AND,2016,37.746,37.433815322595315,0.4844961078167127,36.48420295127456,38.38342769391607,1.8992247426415139,0.30853857183360134
AND,2017,34.569,35.02122359868484,0.4844961078167131,34.07161122736408,35.9708359700056,1.8992247426415152,-3.1449060577265513
AND,2018,36.078,36.09872491275508,0.4844961078167531,35.14911254143424,37.04833728407592,1.8992247426416722,1.1818693178545772
AND,2019,37.44,37.33617337228524,0.48449610782044955,36.38656100095716,38.28578574361332,1.8992247426561621,1.4849371272336143
AND,2020,37.782,37.77232665040925,0.48449610816208116,36.82271427841157,38.72193902240693,1.8992247439953582,0.49646200505147675
AND,2021,38.244,38.13382462492055,0.4844961397361699,37.18421219103766,39.08343705880344,1.899224867765786,0.5136415916376151
AND,2022,37.621,37.645030154190266,0.4844990578504701,36.695412000803344,38.59464830757719,1.8992363067738427,-0.5695714011272699
AND,2023,37.663,37.341691449335435,0.4847686783831548,36.39154483970445,38.29183805896642,1.9002932192619668,-0.017246374155924116
AND,2024,34.198,34.55861321080887,0.5090712960024307,33.560833470644106,35.55639295097364,1.9955594803295285,-3.4667939544261728
ARE,2000,49.485,49.99625327318382,0.9547097082989248,48.12502224491793,51.86748430144971,3.742462056531785,0.0
ARE,2001,52.123,51.158913909220665,0.8815487169534194,49.43107842399196,52.88674939444937,3.4556709704574042,2.637999999999998
ARE,2002,50.566,50.29646622317398,0.8763664311986216,48.57878801802468,52.01414442832328,3.4353564102985965,-0.9014683417619693
ARE,2003,49.038,48.86785012151229,0.8760139006336283,47.15086287627038,50.5848373667542,3.433974490483823,-1.7620229215272118
ARE,2004,47.409,47.081826171918266,0.8759899897314334,45.36488579204465,48.79876655179188,3.4338807597472187,-2.087747210799975
ARE,2005,43.748,44.608558159420404,0.8759883682642101,42.89162095762255,46.32549536121826,3.4338744035957034,-4.2046566179052505
ARE,2006,43.918,43.94293316443606,0.8759882583093357,42.225996178149764,45.65987015072236,3.433873972572596,-0.9249216831682645
ARE,2007,43.062,43.32968145776931,0.875988250853087,41.61274448609726,45.04661842944136,3.433873943344101,-1.096856224004803
ARE,2008,43.004,43.278707283141124,0.8759882503474646,41.56177031246009,44.99564425382216,3.4338739413620614,-0.3436292260166667
ARE,2009,43.36,43.80476871824396,0.8759882503131774,42.08783174763013,45.52170568885779,3.4338739412276555,0.2665164850949324
ARE,2010,45.727,45.265087831507245,0.8759882503108525,43.54815086089798,46.98202480211651,3.4338739412185415,2.43640280414904
ARE,2011,45.646,45.75513864048438,0.8759882503106947,44.03820166987542,47.472075611093345,3.4338739412179233,0.5534567638565377
ARE,2012,46.387,46.474440313279224,0.8759882503106851,44.75750334267028,48.191377283888166,3.433873941217885,0.8851241106492722
ARE,2013,47.63,47.377414489806824,0.8759882503106993,45.660477519197855,49.094351460415794,3.433873941217941,1.4734926664418495
ARE,2014,47.337,47.7498208844505,0.8759882503109179,46.032883913841104,49.466757855059896,3.433873941218798,0.09070805809544424
ARE,2015,49.041,48.98937702497921,0.8759882503141416,47.27244005436349,50.70631399559493,3.433873941231435,1.7276210288779055
ARE,2016,49.886,50.1204966707538,0.875988250361683,48.4035597000449,51.8374336414627,3.4338739414177977,1.2948849062590568
ARE,2017,52.162,51.74418763768554,0.8759882510627605,50.02725066560253,53.461124609768554,3.433873944166021,2.6131973163854028
ARE,2018,52.505,52.49024402396648,0.8759882614013209,50.77330703161989,54.20718101631307,3.433873984693178,1.023495322797757
ARE,2019,53.759,53.20530478635891,0.8759884138607011,51.48836749519194,54.92224207752588,3.4338745823339485,1.5205255224709262
ARE,2020,52.704,52.757302627538564,0.8759906621265984,51.04036092977043,54.4742443253067,3.4338833955362658,-0.6590442488792618
ARE,2021,52.919,52.42126515283687,0.8760238159038475,50.70425847366533,54.13827183200841,3.434013358343082,0.04338015098705483
ARE,2022,50.474,51.03971214708314,0.8765125782922278,49.32174749363037,52.757676800535904,3.435929306905533,-2.4337034975645153
ARE,2023,49.122,50.84646419823124,0.8836888121362427,49.1144341264442,52.578494270018275,3.464060143574071,-1.9857538450636198
ARE,2024,55.908,54.275534663028715,0.9834532363402818,52.34796631980176,56.20310300625567,3.8551366864539047,6.268895457101351
ARG,2000,57.291,56.40100621761692,0.6957294600411164,55.03737647593633,57.76463595929751,2.727259483361176,0.0
ARG,2001,52.491,53.251734460045526,0.6566611609358909,51.96467858461118,54.538790335479874,2.5741117508686924,-4.799999999999997
ARG,2002,52.794,52.605983038717746,0.6551093397501623,51.32196873280743,53.889997344628064,2.568028611820636,-0.6163727530271217
ARG,2003,51.141,51.34148182905952,0.6550494781288455,50.05758485192698,52.62537880619205,2.5677939542650745,-1.7738718744203013
ARG,2004,50.632,50.736751357363914,0.6550471716898828,49.452858900851744,52.020643813876084,2.5677849130243406,-0.857171411170583
ARG,2005,50.409,50.47674978541341,0.655047082827973,49.192857503070584,51.76064206775624,2.567784564685654,-0.3912493979280427
ARG,2006,50.353,50.43970770125642,0.6550470794043293,49.155815425623935,51.7235999768889,2.5677845512649706,-0.13279626533011424
ARG,2007,50.734,50.688014191149016,0.6550470792724242,49.404121915775065,51.97190646652297,2.567784550747903,0.35493412538567526
ARG,2008,50.98,50.78498481592233,0.6550470792673422,49.50109254055834,52.06887709128632,2.5677845507279815,0.31566813715657105
ARG,2009,50.116,50.24017502340583,0.6550470792671464,48.95628274804223,51.52406729876944,2.567784550727214,-0.8020391754296412
ARG,2010,50.08,50.10401596603736,0.6550470792671389,48.82012369067377,51.38790824140095,2.5677845507271844,-0.19342801631844253
ARG,2011,50.115,50.04689166064456,0.6550470792671387,48.76299938528097,51.33078393600815,2.5677845507271835,-0.002966959523035939
ARG,2012,49.764,49.76562789319306,0.6550470792671387,48.48173561782947,51.049520168556654,2.5677845507271835,-0.35158236875020066
ARG,2013,49.622,49.48972140075421,0.6550470792671387,48.20582912539062,50.773613676117805,2.5677845507271835,-0.21101023862735957
ARG,2014,48.392,48.77849590982826,0.6550470792671391,47.49460363446467,50.06238818519185,2.5677845507271853,-1.2714180806968614
ARG,2015,49.322,49.3391996148955,0.6550470792671507,48.055307339531886,50.62309189025911,2.5677845507272306,0.6804400876075576
ARG,2016,49.338,49.9565059690183,0.6550470792674508,48.6726136936541,51.240398244382504,2.567784550728407,0.14955997624209516
ARG,2017,53.109,52.609269309581165,0.6550470792752396,51.32537703420169,53.89316158496064,2.5677845507589394,3.8003563345803144
ARG,2018,53.638,53.61745624166408,0.6550470794774033,52.33356396588837,54.90134851743979,2.5677845515514206,1.2749517906164343
ARG,2019,54.359,54.5580351981943,0.6550470847246339,53.27414291213402,55.841927484254576,2.5677845721205648,0.971253525572358
ARG,2020,56.638,56.15362413846821,0.6550472209183992,54.869731585468145,57.437516691468275,2.567785106000125,2.46964220371936
ARG,2021,56.465,56.155168266235805,0.6550507558671926,54.87126878473611,57.4390677477355,2.567798962999395,0.3117529709999758
ARG,2022,54.977,55.13707928017568,0.6551425000762282,53.852999980026276,56.42115858032509,2.5681586002988146,-1.4268076626311696
ARG,2023,55.321,54.645799258845656,0.6575192763237254,53.35706147725116,55.934537040440155,2.5774755631890036,0.06393949064187154
ARG,2024,51.108,51.93248398696908,0.7164564356183772,50.52822937315706,53.3367386007811,2.8085092276240387,-4.200449656469999
ARM,2000,41.336,41.722051818587964,0.7489243898050126,40.25416001457014,43.18994362260579,2.9357836080356496,0.0
ARM,2001,42.532,42.262510752337874,0.6758903616876094,40.93776564343016,43.58725586124559,2.649490217815429,1.195999999999998
ARM,2002,42.525,42.45640195157795,0.6669655794845083,41.149149415788315,43.76365448736759,2.6145050715792726,0.36621075890521126
ARM,2003,42.784,42.56207489929348,0.6659300217634938,41.25685205663703,43.867297741949926,2.6104456853128957,0.3821387774425631
ARM,2004,41.871,42.38234841066804,0.6658106520432668,41.07735953266324,43.687337288672836,2.609977756009606,-0.7834511469293162
ARM,2005,43.089,42.860224634461794,0.6657969027307337,41.555262705109556,44.16518656381403,2.6099238587044757,0.9521536154070489
ARM,2006,44.107,43.04389186537714,0.6657953191894908,41.73893303976574,44.34885069098854,2.6099176512228035,1.3411265401699097
ARM,2007,41.373,41.86038403846923,0.6657951368111126,40.55542557031945,43.165342506619005,2.609916936299561,-2.278864456144781
ARM,2008,40.745,41.30366033565486,0.6657951158063968,39.99870190867432,42.6086187626354,2.6099168539610753,-1.4013749680462695
ARM,2009,41.268,41.465383281706984,0.665795113387262,40.16042485946795,42.770341703946016,2.609916844478067,0.047417305072293914
ARM,2010,41.89,41.88094446941344,0.6657951131086549,40.57598604772048,43.18590289110641,2.609916843385927,0.6380919458916807
ARM,2011,41.862,42.28486009149013,0.6657951130766293,40.979901669859935,43.58981851312033,2.609916843260387,0.1885483903810794
ARM,2012,43.843,43.232580949559356,0.665795113073478,41.92762252793534,44.53753937118337,2.6099168432480337,2.0449874092113376
ARM,2013,43.454,43.39529257535641,0.6657951130777798,42.09033415372396,44.700250996988856,2.6099168432648967,0.3050045784774227
ARM,2014,43.399,43.48250545924021,0.6657951131187773,42.177547037527404,44.78746388095301,2.609916843425607,0.04850898639627843
ARM,2015,43.068,43.677107777319044,0.6657951134751671,42.37214935490772,44.98206619973037,2.609916844822655,-0.3145375716716927
ARM,2016,43.598,44.655033008237965,0.6657951165696543,43.35007457976144,45.95999143671449,2.6099168569530447,0.42325581474933216
ARM,2017,47.957,46.992320581607125,0.6657951434382746,45.68736210046811,48.29727906274614,2.6099169622780365,4.502639746622023
ARM,2018,48.663,48.08901409246348,0.6657953767313719,46.78405515406999,49.39397303085697,2.609917876786978,2.2340546889073494
ARM,2019,48.105,48.44755200957644,0.6657974023503538,47.14258910096975,49.75251491818313,2.609925817213387,0.20016808245016904
ARM,2020,49.602,49.246617609855235,0.6658149900065338,47.94162022944243,50.55161499026804,2.609994760825612,1.5649307682092584
ARM,2021,50.434,49.58865544035979,0.6659676794604268,48.28335878861735,50.893952092102225,2.610593303484873,1.363088413185075
ARM,2022,48.806,48.843565856853274,0.6672919730294886,47.53567358971548,50.15145812399107,2.6157845342755954,-1.1654105506163717
ARM,2023,48.125,48.146786601189156,0.6786818491071864,46.816570176939074,49.47700302543924,2.6604328485001707,-1.0765037836876559
ARM,2024,46.958,47.47802528346617,0.7705319738086573,45.9677826148012,48.98826795213113,3.0204853373299367,-1.5323316158647842
ATG,2002,25.871,25.853852155554236,1.9828054754427882,21.967553423686372,29.7401508874221,7.772597463735729,0.0
ATG,2003,25.856,25.81633931575776,1.8273225989907347,22.23478702173592,29.3978916097796,7.16310458804368,-0.014999999999997016
ATG,2004,24.65,25.69872824040669,1.815778492505866,22.139802395095195,29.257654085718187,7.117851690622994,-1.2098044217863055
ATG,2009,28.501,27.699115965070657,1.8149561619234846,24.141801887700627,31.256430042440687,7.11462815474006,3.529752692013222
ATG,2010,27.481,28.08002844505832,1.8148977688668722,24.52282881807925,31.63722807203739,7.114399253958139,-0.07974840696214613
ATG,2011,29.747,29.67073148748606,1.8148936233556283,26.11353998570903,33.22792298926309,7.114383003554063,2.24475194054099
ATG,2012,30.68,31.107403569594833,1.8148933290571416,27.550212644642837,34.66459449454683,7.114381849903995,1.5310982475454615
ATG,2013,31.554,33.40725470290658,1.8148933081643537,29.850063818904445,36.96444558690871,7.114381768004266,1.281950739525687
ATG,2014,41.368,39.449916495494726,1.8148933066818596,35.89272561439828,43.00710737659117,7.114381762192889,10.155567103904723
ATG,2015,42.256,41.61884016952567,1.8148933065868507,38.06164928861544,45.176031050435896,7.114381761820455,3.5938821817467144
ATG,2016,42.72,42.50096359887254,1.8148933067242927,38.94377271769292,46.05815448005215,7.114381762359227,1.4215656054776957
ATG,2017,43.12,42.940723776355746,1.8148933087650818,39.38353289117619,46.497914661535305,7.11438177035912,0.7787665429569017
ATG,2018,42.928,43.01841987286931,1.8148933375192708,39.46122893133154,46.57561081440708,7.114381883075541,0.015497079354112486
ATG,2019,43.494,43.278726844971054,1.81489374255397,39.721535109565274,46.835918580376834,7.114383470811562,0.5701290920027091
ATG,2020,43.02,43.10427077126225,1.814899447901403,39.5470678533755,46.661473689149,7.114405835773499,-0.3220929586468557
ATG,2021,43.323,43.10000692231948,1.8149798120582914,39.54264649068523,46.65736735395373,7.114720863268502,0.21718050916003762
ATG,2022,43.409,42.645388965666356,1.8161114513076522,39.085810521103355,46.20496741022936,7.119156889125996,0.14386627809182784
ATG,2023,43.5,40.648591450875536,1.8319775567012795,37.05791543974103,44.23926746201004,7.1813520222690155,0.129332196974282
ATG,2024,29.053,32.893123908226734,2.042414869770582,28.889990763476394,36.89625705297708,8.006266289500681,-14.41254031066008
AUS,2000,73.459,73.63009276188296,0.3181417232395221,73.0065349843335,74.25365053943243,1.2471155550989266,0.0
AUS,2001,73.731,74.01905941948645,0.29375739472638857,73.44329492582273,74.59482391315018,1.1515289873274432,0.27199999999999136
AUS,2002,75.353,75.01291630030298,0.29202949411643886,74.44053849183476,75.5852941087712,1.1447556169364403,1.6896021032182347
AUS,2003,75.277,75.2926382106763,0.29191190776527015,74.72049087145638,75.86478554989623,1.1442946784398589,0.3627046679881971
AUS,2004,75.587,75.60519848739608,0.2919039293233595,75.0330667859223,76.17733018886986,1.1442634029475693,0.40444867519303784
AUS,2005,75.913,75.9559734044244,0.2919033880804721,75.38384276378667,76.52810404506212,1.1442612812754507,0.43133946836762505
AUS,2006,76.546,76.39698731534097,0.2919033513640454,75.82485674666744,76.9691178840145,1.144261137347058,0.7453447204253223
AUS,2007,76.376,76.52509246512183,0.2919033488733064,75.95296190133016,77.0972230289135,1.144261127583361,0.024129278140406996
AUS,2008,77.113,76.96627390543918,0.29190334870434165,76.39414334197868,77.53840446889969,1.1442611269210192,0.7432846083230658
AUS,2009,77.089,77.0993481495111,0.2919033486928796,76.52721758607306,77.67147871294914,1.144261126876088,0.16959272283452265
AUS,2010,77.303,77.25415226611688,0.29190334869210205,76.68202170268036,77.82628282955339,1.14426112687304,0.25817139360621866
AUS,2011,77.259,77.30638200169845,0.2919033486920493,76.73425143826204,77.87851256513487,1.1442611268728333,0.02324221449165975
AUS,2012,77.419,77.4581082565563,0.29190334869204604,76.88597769311988,78.03023881999272,1.1442611268728204,0.166053567555565
AUS,2013,77.812,77.69195715847076,0.2919033486920508,77.11982659503434,78.26408772190717,1.144261126872839,0.436249600394234
AUS,2014,77.99,77.67373049438844,0.2919033486921239,77.10159993095188,78.245861057825,1.1442611268731258,0.2916237008752205
AUS,2015,76.859,76.99137581051802,0.291903348693202,76.41924524707935,77.5635063739567,1.144261126877352,-1.0550449409548435
AUS,2016,76.575,76.58699444796791,0.2919033487090939,76.01486388449808,77.15912501143774,1.144261126939648,-0.5587924827269433
AUS,2017,76.005,76.20779998720899,0.2919033489433599,75.63566942328,76.77993055113797,1.1442611278579709,-0.7155406947108105
AUS,2018,76.176,76.25446117022366,0.29190335239671633,75.6823305995261,76.82659174092123,1.144261141395128,-0.0153666620815045
AUS,2019,76.258,76.46588139793387,0.2919034033032575,75.89375072745949,77.03801206840825,1.1442613409487694,0.07799766506553851
AUS,2020,77.242,77.11382762233683,0.2919041537246681,76.54169548103648,77.68595976363717,1.144264282600699,1.0043149374953373
AUS,2021,77.469,77.4926272301402,0.29191521559726835,76.92047340756956,78.06478105271084,1.144307645141292,0.488579563486951
AUS,2022,78.053,77.92104118674315,0.29207823203563404,77.3485678519533,78.493514521533,1.1449466695796855,0.7112533387428215
AUS,2023,78.561,78.07235746624823,0.2944708164148584,77.49519466607511,78.64952026642136,1.154325600346245,0.6932499957244431
AUS,2024,76.781,77.1975830459962,0.32771994461406395,76.55525195455263,77.83991413743976,1.2846621828871307,-1.5994390778243428
AUT,2000,69.045,69.09679357685685,0.5070780053277726,68.10292068641442,70.09066646729929,1.9877457808848684,0.0
AUT,2001,69.225,69.31732581838801,0.4827514450512849,68.37113298608749,70.26351865068854,1.8923856646010369,0.1799999999999926
AUT,2002,69.998,69.90471886892057,0.48200980934109927,68.95997964261201,70.84945809522912,1.8894784526171091,0.8034735554417836
AUT,2003,70.116,70.12145513232842,0.48198775449859377,69.17675913351118,71.06615113114566,1.8893919976344875,0.2564285451601478
AUT,2004,70.255,70.35986761040903,0.4819870991330525,69.41517289610825,71.3045623247098,1.8893894286015658,0.18320223429417126
AUT,2005,70.917,71.01497627450131,0.4819870796591353,70.0702815983694,71.95967095063321,1.8893893522638103,0.6935802284674111
AUT,2006,72.205,72.05939809014806,0.48198707908047633,71.11470341515033,73.0040927651458,1.8893893499954673,1.407558760418567
AUT,2007,72.627,72.52526414129639,0.48198707906328153,71.58056946633236,73.46995881626042,1.8893893499280636,0.664633766043579
AUT,2008,72.692,72.58687816327135,0.4819870790627708,71.64218348830832,73.53157283823438,1.8893893499260614,0.17956899583481345
AUT,2009,72.104,72.23078581947225,0.4819870790627557,71.28609114450924,73.17548049443525,1.8893893499260022,-0.5570460512432618
AUT,2010,72.413,72.37848265527192,0.4819870790627552,71.43378798030892,73.32317733023493,1.8893893499260002,0.212976881726334
AUT,2011,72.367,72.38902326291557,0.48198707906275506,71.44432858795257,73.33371793787857,1.8893893499259997,-0.009287228662827829
AUT,2012,72.39,72.48707430037314,0.4819870790627552,71.54237962541013,73.43176897533614,1.8893893499260002,0.021399075526460365
AUT,2013,73.035,72.9708544544518,0.48198707906275506,72.0261597794888,73.9155491294148,1.8893893499259997,0.648688754198389
AUT,2014,73.346,73.19974938634108,0.4819870790627552,72.25505471137808,74.14444406130409,1.8893893499260002,0.4228204084351148
AUT,2015,72.668,72.84751089985802,0.48198707906275584,71.90281622489502,73.79220557482103,1.8893893499260028,-0.6051145823633988
AUT,2016,73.286,73.20856708106696,0.48198707906278043,72.26387240610391,74.15326175603,1.8893893499260992,0.5136908697553508
AUT,2017,73.315,73.26194006185492,0.48198707906360483,72.31724538689025,74.20663473681958,1.8893893499293308,0.11754958945050475
AUT,2018,73.012,73.10447698212018,0.48198707909135124,72.15978230710112,74.04917165713923,1.889389350038097,-0.28273690306997423
AUT,2019,73.183,73.3144753673034,0.4819870800251142,72.36978069045418,74.25917004415263,1.8893893536984476,0.12226205629997366
AUT,2020,74.05,74.04689706218277,0.4819871114495323,73.10220232374168,74.99159180062385,1.8893894768821666,0.8880754279045107
AUT,2021,74.767,74.76698909350984,0.4819881689908464,73.82229228228778,75.7116859047319,1.889393622444118,0.870085676954858
AUT,2022,75.824,75.48703778740568,0.4820237576333413,74.54227122244433,76.43180435236704,1.8895331299226978,1.2069846191890008
AUT,2023,75.765,74.86815191160508,0.4832199126238967,73.92104088286224,75.81526294034792,1.894222057485675,0.14905896852550882
AUT,2024,69.633,70.68559965293957,0.5218785377917128,69.66271771886781,71.70848158701133,2.045763868143514,-6.106305343458544
AZE,2000,34.488,34.034815438499834,0.8518464335864052,32.36519642867048,35.70443444832919,3.3392380196587084,0.0
AZE,2001,32.846,33.33691071079644,0.7719963316799209,31.823797900703795,34.85002352088908,3.02622562018529,-1.642000000000003
AZE,2002,33.05,33.334119441606894,0.7631652632844893,31.838315525569296,34.829923357644496,2.991607832075198,-0.2882909784762404
AZE,2003,33.863,33.733631979083086,0.7622360163541732,32.239649387028905,35.227614571137266,2.9879651841083588,0.7204850439781154
AZE,2004,34.163,33.949963643820205,0.7621387928266824,32.45617160987991,35.4437556777605,2.987584067880595,0.5327855658433123
AZE,2005,33.573,33.86464281844752,0.7621286268322716,32.37087070985627,35.35841492703877,2.9875442171825046,-0.41773757166235725
AZE,2006,34.008,34.19227865448662,0.7621275639113338,32.698508629220406,35.68604867975284,2.9875400505324285,0.29992538466994745
AZE,2007,34.788,34.78084701864812,0.7621274527767591,33.28707721120567,36.274616826090565,2.9875396148848954,0.876981027441893
AZE,2008,35.374,35.359286995922055,0.7621274411569999,33.865517211254335,36.853056780589775,2.9875395693354396,0.869572495445766
AZE,2009,35.831,35.916893842191044,0.7621274399420876,34.42312405990455,37.410663624477536,2.9875395645729834,0.738176964621907
AZE,2010,36.662,36.596123550616745,0.7621274398150636,35.10235376857922,38.08989333265427,2.9875395640750493,1.0696901163339234
AZE,2011,37.474,37.18207436828223,0.7621274398018021,35.6883045862707,38.67584415029376,2.987539564023064,1.157885161392798
AZE,2012,37.694,37.354668070225046,0.7621274398006017,35.860898288215864,38.84843785223423,2.9875395640183586,0.5944031003426744
AZE,2013,36.834,37.046778893912126,0.7621274398022575,35.553009111899705,38.54054867592455,2.9875395640248494,-0.6677992783359059
AZE,2014,37.004,37.04017764958597,0.7621274398194685,35.54640786753981,38.53394743163213,2.9875395640923164,-0.04593343498555669
AZE,2015,36.577,37.08480276999693,0.7621274399842228,35.59103298762785,38.578572552366005,2.9875395647381535,-0.4418526132310774
AZE,2016,37.018,37.848459950480084,0.7621274415599943,36.3546901650225,39.34222973593767,2.9875395709151777,0.2981266013193462
AZE,2017,40.13,39.788021171433066,0.762127456631109,38.29425135643609,41.28179098643004,2.987539629993947,3.208399476866582
AZE,2018,41.359,41.24335159229204,0.762127600775395,39.74958149477227,42.737121689811815,2.987540195039548,2.26643855724452
AZE,2019,43.016,42.534927662541975,0.7621289794097643,41.041154862898836,44.028700462185114,2.987545599286276,2.389854734538055
AZE,2020,43.823,43.1453210881043,0.7621421649235033,41.65152244485424,44.63911973135437,2.987597286500133,1.5797614549559
AZE,2021,44.284,42.79614341071497,0.7622682632946581,41.30209761465744,44.290189206772496,2.98809159211506,0.9718171399593132
AZE,2022,38.943,40.34020962308996,0.7634732507581116,38.843802051604065,41.83661719457586,2.9928151429717973,-5.026762144379376
AZE,2023,38.493,39.86267881591575,0.7749034265204046,38.343868099935754,41.381489531895745,3.0376214319599857,-2.0754075916286396
AZE,2024,42.357,41.324568269586365,0.8767284333556741,39.606180540209245,43.042955998963485,3.4367754587542425,3.192915282190377
BDI,2000,22.458,22.70917589143453,0.695200870948488,21.346582184375492,24.071769598493567,2.725187414118073,0.0
BDI,2001,23.763,23.852200349392916,0.6638100793016826,22.55113259396162,25.153268104824214,2.6021355108625954,1.3050000000000033
BDI,2002,24.924,25.37453438483183,0.6629425684197879,24.075166950729045,26.673901818934613,2.5987348682055686,1.371934006648143
BDI,2006,29.4,28.812690592651002,0.6629191473712872,27.513369063803278,30.112012121498726,2.598643057695446,4.701250717377185
BDI,2007,30.097,29.753411704441458,0.662918515463246,28.454091414133497,31.05273199474942,2.5986405806159243,1.4691971721834847
BDI,2008,28.945,29.233081014276546,0.6629184984144479,27.933760757384228,30.532401271168865,2.598640513784636,-0.9106764070654059
BDI,2009,30.219,29.937766689508074,0.6629184979544738,28.638446433517306,31.23708694549884,2.5986405119815372,1.12441642219515
BDI,2010,29.358,29.446554715210684,0.6629184979420638,28.14723445924424,30.74587497117713,2.59864051193289,-0.6763084548449676
BDI,2011,29.165,29.331906866940614,0.662918497941729,28.032586610974825,30.631227122906402,2.5986405119315776,-0.3040873614871096
BDI,2012,29.905,29.92700257470725,0.66291849794172,28.627682318741478,31.22632283067302,2.598640511931542,0.6900519882497633
BDI,2013,30.862,30.61566055406238,0.6629184979417196,29.31634029809661,31.91498081002815,2.5986405119315408,1.070344811993575
BDI,2014,30.54,30.256801210993125,0.6629184979417196,28.957480955027354,31.556121466958896,2.5986405119315408,-0.1461900124200426
BDI,2015,28.547,28.69368634950626,0.66291849794172,27.39436609354049,29.993006605472033,2.598640511931542,-2.0170125088475075
BDI,2016,27.424,27.754330673180167,0.6629184979417349,26.455010417214368,29.053650929145967,2.5986405119316007,-1.4543053327820772
BDI,2017,28.073,28.219650975430238,0.6629184979422861,26.920330719463358,29.518971231397117,2.598640511933761,0.41012239754060076
BDI,2018,29.535,29.308580040494963,0.6629184979627181,28.009259784488037,30.60790029650189,2.598640512013855,1.5293648461784741
BDI,2019,29.397,29.434696069988377,0.662918498720022,28.135375812497134,30.73401632747962,2.598640514982486,0.11320653792964208
BDI,2020,29.914,29.721108336853973,0.6629185267892505,28.42178802434704,31.020428649360905,2.5986406250138616,0.5355947928222449
BDI,2021,29.974,29.187281044733616,0.6629195671655658,27.887958693089107,30.486603396378126,2.598644703289018,0.14797437313549722
BDI,2022,24.552,25.30806288196136,0.6629581272357338,24.00866495257932,26.607460811343397,2.5987958587640763,-5.3976944001488185
BDI,2023,24.255,24.64387576174975,0.6643857654166652,23.341679661533085,25.946071861966416,2.6043922004333275,-1.183600817621624
BDI,2024,25.866,25.633317824446184,0.7152935035818752,24.23134255742571,27.03529309146666,2.8039505340409505,1.4165870942578707
BEL,2000,66.576,66.68794669596014,0.6079707786221145,65.4963239698608,67.87956942205948,2.3832454521986888,0.0
BEL,2001,66.614,67.17433995464603,0.5793298666900566,66.03885341593352,68.30982649335854,2.2709730774250216,0.038000000000010914
BEL,2002,70.461,69.93363460844891,0.5784822317211242,68.7998094342755,71.06745978262232,2.267650348346807,3.8533440413896614
BEL,2003,70.554,70.55378226005371,0.5784577503621932,69.42000506934382,71.6875594507636,2.267554381419797,0.7472911404252187
BEL,2004,71.13,71.17304669527599,0.5784570438097879,70.0392708894088,72.30682250114317,2.2675516117343686,0.7029501708572496
BEL,2005,71.917,71.96692101318956,0.5784570234185281,70.83314524728925,73.10069677908987,2.2675515318006303,0.9064191737352729
BEL,2006,73.337,72.96328944130077,0.5784570228300322,71.82951367655392,74.09706520604763,2.2675515294937263,1.5739851285313193
BEL,2007,72.303,72.4437794402644,0.5784570228130481,71.31000367555082,73.57755520497797,2.2675515294271484,-0.7666068201496756
BEL,2008,72.558,72.4953116851497,0.5784570228125581,71.36153592043709,73.62908744986231,2.2675515294252278,0.12476659964072212
BEL,2009,72.27,72.29256194086146,0.5784570228125437,71.15878617614888,73.42633770557404,2.2675515294251714,-0.26680428650576005
BEL,2010,72.159,72.1813299733003,0.5784570228125434,71.04755420858771,73.31510573801287,2.26755152942517,-0.15632548961100667
BEL,2011,72.107,72.16067485475074,0.5784570228125434,71.02689909003816,73.29445061946332,2.26755152942517,-0.07855702967931677
BEL,2012,72.315,72.35774051665618,0.5784570228125434,71.2239647519436,73.49151628136876,2.26755152942517,0.19465450289710873
BEL,2013,72.77,72.72817411195705,0.5784570228125434,71.59439834724446,73.86194987666963,2.26755152942517,0.48806847414016374
BEL,2014,72.944,72.92894977282617,0.5784570228125434,71.79517400811359,74.06272553753875,2.26755152942517,0.25691449453016446
BEL,2015,73.136,73.068677346625,0.5784570228125441,71.93490158191241,74.20245311133758,2.2675515294251727,0.23564538293312864
BEL,2016,72.988,72.93532470990108,0.5784570228125671,71.80154894518844,74.06910047461372,2.267551529425263,-0.10796787571931077
BEL,2017,72.508,72.58830581689594,0.5784570228133628,71.45453005218175,73.72208158161013,2.267551529428382,-0.49834189732605694
BEL,2018,72.533,72.5670306117099,0.5784570228409348,71.43325484694167,73.70080637647813,2.2675515295364645,-0.05965977359586816
BEL,2019,72.53,72.68379343895539,0.5784570237963004,71.55001767231464,73.81756920559614,2.2675515332814973,-0.01313517617624882
BEL,2020,73.353,73.42438706581315,0.5784570568995137,72.2906112342901,74.5581628973362,2.2675516630460937,0.8207685579976385
BEL,2021,74.368,74.45454733901602,0.5784582039177081,73.32076925933731,75.58832541869472,2.2675561593574156,1.1544345542037036
BEL,2022,76.311,75.83576872424946,0.5784979464517488,74.70191274920404,76.96962469929488,2.267711950090855,2.1391187058815433
BEL,2023,76.208,75.28931420363217,0.5798733345742422,74.15276246786667,76.42586593939768,2.273103471531029,0.2603997187599987
BEL,2024,69.963,71.0164036076889,0.6256656282466193,69.79009897632552,72.24270823905228,2.4526092627267477,-6.200762537019386
BEN,2000,35.45,34.823448801333036,0.569395024794991,33.70743455273485,35.93946304993122,2.2320284971963646,0.0
BEN,2001,32.448,32.80003788768777,0.5350427228778594,31.751354150847167,33.84872162452837,2.0973674736812087,-3.0020000000000024
BEN,2002,31.363,31.83229959006758,0.5334951891430855,30.786649019347134,32.87795016078803,2.091301141440895,-1.694257112279736
BEN,2003,32.381,32.271872105497,0.5334276384159276,31.226353934201786,33.317390276792224,2.091036342590436,0.6647204099113431
BEN,2004,32.605,32.384197657174994,0.533424694050568,31.33868525683588,33.42971005751411,2.091024800678227,0.36276582932039503
BEN,2005,31.647,31.83439281031682,0.5334245657212385,30.788880661503192,32.87990495913045,2.091024297627255,-0.8822658320230374
BEN,2006,31.831,31.846531621258652,0.5334245601280564,30.80101948340766,32.89204375910964,2.091024275701981,-0.00018993909070630366
BEN,2007,31.889,31.905245837344864,0.53342455988428,30.859733699971677,32.95075797471805,2.091024274746377,0.05796034656263416
BEN,2008,32.008,32.01267721203584,0.533424559873655,30.967165074683475,33.0581893493882,2.0910242747047274,0.13110033686661993
BEN,2009,31.551,32.13413436303746,0.5334245598731919,31.088622225686006,33.17964650038892,2.0910242747029124,-0.42963028374083123
BEN,2010,34.526,34.0042640292766,0.5334245598731718,32.95875189192518,35.049776166628014,2.0910242747028334,2.885306416875263
BEN,2011,34.354,34.30983943487756,0.533424559873171,33.264327297526144,35.355351572228976,2.0910242747028303,0.43036319630241593
BEN,2012,34.3,34.48298847121996,0.5334245598731708,33.437476333868545,35.52850060857138,2.09102427470283,0.035846592715238046
BEN,2013,35.209,35.20487366600262,0.5334245598731711,34.1593615286512,36.250385803354035,2.0910242747028307,0.9164836655262079
BEN,2014,35.845,35.914385028428136,0.5334245598731723,34.86887289107672,36.95989716577955,2.091024274702835,0.8273335883137136
BEN,2015,36.876,36.83196454782052,0.5334245598732026,35.78645241046904,37.877476685172,2.091024274702954,1.2037217954218917
BEN,2016,37.949,37.61749288003676,0.5334245598738959,36.57198074268392,38.663005017389594,2.091024274705672,1.324300071253603
BEN,2017,37.302,37.4089151776408,0.5334245598898066,36.36340304025678,38.45442731502482,2.091024274768042,-0.37052689505755865
BEN,2018,38.119,37.5209490605892,0.5334245602548578,36.475436922489685,38.56646119868872,2.0910242761990427,0.7396453857664795
BEN,2019,35.442,35.83957938725899,0.5334245686305545,34.7940672327431,36.885091541774884,2.091024309031774,-2.522584803023051
BEN,2020,35.545,35.350449772469304,0.533424760801567,34.304937241298234,36.395962303640374,2.0910250623421427,-0.4236380846088821
BEN,2021,33.602,34.27791321533435,0.5334291699328517,33.232392042265964,35.32343438840274,2.0910423461367786,-2.031442596331523
BEN,2022,35.54,35.232269493299015,0.5335303225410654,34.186550061118524,36.277988925479505,2.0914388643609763,1.5138972952493646
BEN,2023,35.926,35.26381978815348,0.5358459117336742,34.21356180115548,36.314077775151475,2.100515973996003,0.7020551712312084
BEN,2024,32.658,33.309659053119965,0.586468520191797,32.16018075354404,34.45913735269589,2.298956599151844,-3.1214324831324305
BFA,2000,30.259,30.361235666521218,0.5017843050522673,29.377738428618773,31.344732904423662,1.9669944758048878,0.0
BFA,2001,30.125,30.62717154056896,0.466463547966235,29.71290298655514,31.54144009458278,1.8285371080276411,-0.13400000000000034
BFA,2002,32.68,32.10192913816547,0.46434781009192044,31.191807430385303,33.01205084594563,1.8202434155603282,2.524071703184795
BFA,2003,32.769,32.18516101380566,0.46422568237436296,31.27527867635191,33.09504335125941,1.8197646749075027,0.6933682119594096
BFA,2004,30.249,30.86298220295658,0.4642186487099808,29.95311365148502,31.77285075442814,1.8197371029431246,-2.3536347664817434
BFA,2005,31.284,31.018774493307976,0.46421824367539477,30.108906735704203,31.92864225091175,1.8197355152075474,0.4702068687188401
BFA,2006,30.318,30.53611890633583,0.4642182203515953,29.626251194446702,31.445986618224957,1.8197354237782537,-0.8531654032678162
BFA,2007,30.431,30.578516714457944,0.4642182190085017,29.66864900520128,31.488384423714606,1.8197354185133265,-0.09173246695879911
BFA,2008,30.748,30.976015109963534,0.4642182189311601,30.06614740085846,31.88588281906861,1.8197354182101475,0.2949871351844031
BFA,2009,32.053,31.922388931402246,0.46421821892670634,31.012521222305903,32.83225664049859,1.8197354181926888,1.3757874992675028
BFA,2010,32.668,32.55435724734776,0.46421821892644993,31.644489538251918,33.4642249564436,1.8197354181916836,0.9451450978297764
BFA,2011,33.204,32.91276599841976,0.46421821892643517,32.002898289323944,33.82263370751557,1.8197354181916259,0.7628046634773398
BFA,2012,32.264,32.570119513770194,0.4642182189264344,31.660251804674385,33.47998722286601,1.8197354181916228,-0.7569512222025736
BFA,2013,32.99,32.96436050352495,0.4642182189264355,32.05449279442914,33.874228212620764,1.8197354181916272,0.5443558613225932
BFA,2014,32.946,33.296882383740396,0.46421821892645654,32.38701467464454,34.20675009283625,1.8197354181917096,0.08662803607901992
BFA,2015,34.981,34.47404441898216,0.464218218926822,33.56417670988559,35.383912128078734,1.8197354181931422,2.0557879643196912
BFA,2016,34.142,34.43086864194103,0.46421821893316867,33.521000932832024,35.34073635105004,1.8197354182180212,-0.34567648967439624
BFA,2017,34.987,35.08305423331739,0.46421821904338273,34.173186523992364,35.99292194264242,1.8197354186500603,0.7620486731691543
BFA,2018,36.375,35.966460502276014,0.4642182209573299,35.05659278919965,36.87632821535238,1.8197354261527332,1.570867364247448
BFA,2019,36.032,35.86643505541713,0.46421825419441565,34.95656727719607,36.776302833638184,1.8197355564421094,0.033958040340948514
BFA,2020,35.391,35.36786352320429,0.46421883138025,34.457994613699,36.277732432709584,1.81973781901058,-0.6328511539343893
BFA,2021,35.154,34.813598122467276,0.46422885451842494,33.903709567611166,35.723486677323386,1.8197771097122257,-0.38886408238158054
BFA,2022,33.331,33.439921124187045,0.46440287911955835,32.52969148111271,34.35015076726138,1.8204592861486688,-1.9163149709452227
BFA,2023,31.954,32.328437839476216,0.4674146111072623,31.412305201705983,33.24457047724645,1.8322652755404683,-1.836854442561176
BFA,2024,32.031,32.11829713974081,0.516924879722556,31.1051243754846,33.13146990399702,2.0263455285124192,-0.3637864513699114
BGD,2000,35.27,35.44732125941313,0.7036182474768148,34.068229494358576,36.82641302446768,2.7581835301091138,0.0
BGD,2001,36.27,35.617502918089976,0.6261213326181694,34.390305106158365,36.844700730021586,2.454395623863224,1.0
BGD,2002,35.681,35.214176653067526,0.612538533609976,34.013601127191976,36.414752178943075,2.401151051751106,-0.2311876126572301
BGD,2003,33.306,34.40053914550298,0.6102922462685747,33.20436634281658,35.59671194818939,2.392345605372813,-2.4666999643154455
BGD,2004,34.351,34.548939461782034,0.6099247229136947,33.35348700487119,35.74439191869288,2.390904913821683,0.05128286025389883
BGD,2005,34.205,34.871317337336095,0.609864698562988,33.67598252815264,36.06665214651955,2.3906696183669127,-0.1252887772073521
BGD,2006,36.349,35.779350357188804,0.6098548981886814,34.58403475673899,36.97466595763862,2.390631200899631,2.0933799244817237
BGD,2007,35.934,36.186693652991934,0.6098532981257937,34.99138118866538,37.38200611731849,2.390624928653111,0.43083875584440534
BGD,2008,36.441,36.81614033634612,0.6098530368928144,35.62082838403621,38.01145228865604,2.3906239046198325,0.6810840604000177
BGD,2009,37.511,37.77531409643133,0.6098529942430293,36.58000222771499,38.97062596514767,2.3906237374326746,1.3451982904212016
BGD,2010,39.218,38.96680495470961,0.6098529872808155,37.77149309963921,40.16211680978001,2.3906237101407966,2.2505399219440108
BGD,2011,40.389,39.93750961660164,0.6098529861500127,38.74219776374761,41.13282146945566,2.39062370570805,2.0803516993457976
BGD,2012,40.941,40.51137984117323,0.609852986001383,39.31606798861052,41.70669169373594,2.3906237051254213,1.3925855631338422
BGD,2013,41.195,40.707638315287866,0.6098529861975567,39.51232646234065,41.90295016823508,2.390623705894422,0.8166872233394642
BGD,2014,40.627,40.47553351293901,0.609852987579787,39.280221657282624,41.670845368595394,2.390623711312765,-0.23800988786776145
BGD,2015,39.849,40.11029826002922,0.6098529960755128,38.914986387721214,41.30561013233722,2.3906237446160103,-0.874170121613453
BGD,2016,39.354,39.97472935618099,0.6098530481170744,38.77941738187152,41.170041330490456,2.3906239486189316,-0.8482166149062493
BGD,2017,40.792,40.38474634706269,0.6098533668749538,39.18943374798778,41.5800589461376,2.390625198149819,1.0952701422559343
BGD,2018,39.778,40.436810477478964,0.6098553192795333,39.24149405169108,41.63212690326685,2.3906328515757704,-0.5714458535120315
BGD,2019,41.082,41.06793164818772,0.6098672777196827,39.87259178385714,42.263271512518294,2.3906797286611563,1.0731019574000058
BGD,2020,41.883,41.686687535646286,0.6099405186527166,40.49120411908696,42.88217095220561,2.390966833118649,1.234596884028612
BGD,2021,42.535,42.1328959022819,0.6103889312966195,40.93653359694053,43.329258207623276,2.3927246106827487,1.150850419808421
BGD,2022,41.943,42.22567757539388,0.6131283253706303,41.023946057667445,43.42740909312032,2.4034630354528708,-0.12698812245112379
BGD,2023,42.342,42.56691680308363,0.6296472424557903,41.33280820787028,43.80102539829698,2.468217190426698,0.34768926123584976
BGD,2024,43.719,43.10584514282884,0.7226331627928583,41.68948414375484,44.52220614190284,2.8327219981480045,1.51748709839962
BGR,2000,51.179,51.759638737288036,0.6432561693132054,50.49885664543415,53.02042082914192,2.521564183707765,0.0
BGR,2001,52.645,52.612742106401875,0.5817426746574803,51.47252646407321,53.75295774873054,2.2804312846573227,1.466000000000001
BGR,2002,54.12,53.422288126224714,0.5745931050069296,52.296085640411135,54.54849061203829,2.252404971627164,1.9234119500189593
BGR,2003,53.643,53.28972428081223,0.5738032819026757,52.16506984828298,54.41437871334148,2.249308865058489,0.15478468614571028
BGR,2004,52.28,52.6801375371165,0.573716561909965,51.555653075772966,53.804621998460036,2.248968922687063,-1.311777562932562
BGR,2005,51.845,52.61085050070344,0.5737070468081095,51.48638468895955,53.73531631244734,2.248931623487789,-0.8694557966469034
BGR,2006,54.249,53.57567989419153,0.5737060028688652,52.451216128568554,54.70014365981451,2.2489275312459514,2.1160138323722535
BGR,2007,53.87,53.63133526042527,0.5737058883351236,52.50687171928843,54.75579880156211,2.2489270822736844,0.3218851715065014
BGR,2008,53.172,53.36472521297106,0.5737058757692906,52.24026169646325,54.48918872947887,2.248927033015619,-0.5913821781779234
BGR,2009,53.561,53.35834912633103,0.5737058743906567,52.23388561252534,54.482812640136714,2.248927027611374,0.19311683200405838
BGR,2010,52.883,53.07833660829555,0.5737058742394058,51.95387309478632,54.202800121804785,2.2489270270184707,-0.6140340254900636
BGR,2011,52.979,53.06208417896415,0.5737058742228395,51.93762066548739,54.18654769244091,2.2489270269535306,-0.10738612885680254
BGR,2012,53.202,53.158019068767175,0.5737058742212762,52.033555555293475,54.282482582240874,2.2489270269474027,0.18743055573823142
BGR,2013,52.886,53.1945671676124,0.5737058742234215,52.07010365413449,54.319030681090304,2.248927026955812,-0.2539174873294101
BGR,2014,53.408,53.647768878961564,0.5737058742447741,52.52330536544181,54.77223239248132,2.2489270270395147,0.4378950601071878
BGR,2015,54.529,54.42472690683123,0.5737058744395939,53.30026339292963,55.549190420732835,2.248927027803208,1.2660437230496981
BGR,2016,54.404,55.06088654292156,0.5737058762153383,53.9364230255395,56.18535006030362,2.248927034764126,0.2943509172948353
BGR,2017,57.223,56.5840302130919,0.573705892400713,55.4595666639865,57.7084937621973,2.248927098210795,2.916497681104424
BGR,2018,57.467,57.244382575761385,0.5737060399254704,56.11991873750746,58.36884641401531,2.248927676507844,1.2100298104976233
BGR,2019,57.392,57.60413797364993,0.5737073845671181,56.47967149989837,58.72860444740148,2.248932947503103,0.3257974620054753
BGR,2020,58.329,58.250340091565185,0.5737196404224216,57.12584959633724,59.37483058679313,2.248980990455893,1.0449137016020416
BGR,2021,58.686,58.79032891640007,0.5738313367582276,57.66561949635395,59.915038336446194,2.249418840092252,0.7031061504299743
BGR,2022,60.137,59.47119151028517,0.5748484145280217,58.34448861781025,60.5978944027601,2.253405784949845,1.6838894364155195
BGR,2023,60.256,59.25302289932109,0.5840371298343531,58.10831012484576,60.39773567379642,2.289425548950664,0.6767537070228187
BGR,2024,56.516,57.68054937156971,0.6619356151607829,56.38315556585458,58.97794317728484,2.594787611430269,-3.5158392679053136
BHR,2000,42.638,42.8575170814556,0.4451962232774697,41.984932483831756,43.73010167907944,1.7451691952476813,0.0
BHR,2001,44.732,44.73577125658101,0.4350202073421953,43.88313165019031,45.58841086297171,1.7052792127814056,2.094000000000001
BHR,2002,46.733,46.64460476682475,0.43491742196114114,45.792166619780915,47.49704291386858,1.7048762940876732,2.2092298697747523
BHR,2003,48.048,47.83668315843349,0.43491639575314045,46.98424702275733,48.689119294109645,1.7048722713523106,1.5357224469992588
BHR,2004,47.314,47.315293273463276,0.4349163855087027,46.46285715786622,48.167729389060334,1.7048722311941147,-0.580559983615295
BHR,2005,46.797,46.80438993105089,0.4349163854064345,45.95195381565428,47.656826046447506,1.7048722307932234,-0.5750060382364097
BHR,2006,46.351,46.35340804273533,0.4349163854054136,45.50097192734072,47.20584415812994,1.7048722307892212,-0.5034511219113469
BHR,2007,45.856,45.92195183351402,0.43491638540540345,45.06951571811943,46.77438794890861,1.7048722307891815,-0.5453017879105957
BHR,2008,46.119,46.025267834925636,0.4349163854054033,45.17283171953105,46.877703950320225,1.7048722307891808,0.20851674693140865
BHR,2009,45.211,45.36855406228139,0.4349163854054033,44.5161179468868,46.22099017767598,1.7048722307891808,-0.8871662691302902
BHR,2010,46.166,45.98937162866365,0.4349163854054033,45.13693551326906,46.84180774405824,1.7048722307891808,0.8663597178176374
BHR,2011,45.13,45.17799330954485,0.4349163854054033,44.325557194150264,46.03042942493944,1.7048722307891808,-0.9494385824496234
BHR,2012,44.629,44.75577002787375,0.4349163854054033,43.90333391247916,45.60820614326834,1.7048722307891808,-0.5958621546958298
BHR,2013,45.513,45.36146491672074,0.4349163854054033,44.50902880132615,46.21390103211533,1.7048722307891808,0.8244650612045845
BHR,2014,44.877,44.73843351918688,0.4349163854054033,43.88599740379229,45.590869634581466,1.7048722307891808,-0.5536244428833825
BHR,2015,42.725,42.991832096138744,0.4349163854054033,42.139395980744155,43.84426821153333,1.7048722307891808,-2.2073148023632
BHR,2016,43.364,43.40884588008249,0.4349163854054033,42.5564097646879,44.26128199547708,1.7048722307891808,0.41845846933676256
BHR,2017,44.151,44.189493685275906,0.4349163854054035,43.33705756988132,45.041929800670495,1.7048722307891817,0.8288098366611436
BHR,2018,45.346,45.2822685697874,0.43491638540542477,44.429832454392766,46.13470468518203,1.704872230789265,1.2778096607743876
BHR,2019,45.819,45.85827544337859,0.4349163854075574,45.00583932797978,46.7107115587774,1.704872230797625,0.6006710046893886
BHR,2020,46.642,46.752748302827314,0.43491638562118307,45.900312187009796,47.60518441864483,1.7048722316350375,0.8830154099711507
BHR,2021,49.197,48.54522674561159,0.4349164070205668,47.692790587851285,49.3976629033719,1.7048723155206218,2.643225553466941
BHR,2022,44.726,45.052784277037034,0.43491855064139234,44.200343917779904,45.905224636294164,1.704880718514258,-4.2069049063479085
BHR,2023,43.88,44.21008088196409,0.4351332286253032,43.357219753858494,45.06294201006968,1.7057222562111884,-1.2663284671526256
BHR,2024,46.27,46.04384716984656,0.45612631046991226,45.14983960132553,46.937854738367584,1.788015137042056,2.2634761266633703
BHS,2000,57.429,57.64187054407845,0.867630058393654,55.941315629626885,59.342425458530016,3.401109828903124,0.0
BHS,2001,59.057,58.868074741074494,0.8365625748892398,57.228412094291585,60.507737387857404,3.27932529356582,1.6280000000000001
BHS,2002,59.189,59.07232790244238,0.8359639268548585,57.43383860580686,60.7108171990779,3.2769785932710453,0.35354644295851756
BHS,2003,58.728,58.64546814854394,0.8359526015529933,57.007001049500076,60.283935247587806,3.276934198087734,-0.41239053994998187
BHS,2004,57.441,57.772169884795,0.8359523873761109,56.13370320553782,59.410636564052176,3.2769333585143547,-1.3437109575600488
BHS,2005,58.938,58.6902647288811,0.8359523833257617,57.05179805756261,60.32873140019959,3.276933342636986,1.3122154177140004
BHS,2006,58.331,58.268288275346706,0.8359523832491644,56.629821604178346,59.906754946515065,3.2769333423367244,-0.42654661214108813
BHS,2007,57.554,57.50708607550416,0.8359523832477161,55.86861940433864,59.145552746669686,3.276933342331047,-0.8356578852086116
BHS,2008,56.641,56.492112971778354,0.8359523832476887,54.85364630061289,58.13057964294382,3.2769333423309397,-1.0279180954911311
BHS,2009,54.446,54.67176713204004,0.8359523832476883,53.03330046087457,56.310233803205506,3.276933342330938,-2.3363573568150784
BHS,2010,53.87,54.07266061049203,0.8359523832476882,52.43419393932656,55.7111272816575,3.2769333423309375,-0.8972914550132955
BHS,2011,54.641,54.56980358967926,0.8359523832476882,52.93133691851379,56.20827026084473,3.2769333423309375,0.647606172291546
BHS,2012,54.201,54.68182471870152,0.8359523832476882,53.04335804753605,56.32029138986699,3.2769333423309375,-0.3509424212164234
BHS,2013,57.973,57.39476497324098,0.8359523832476882,55.756298302075514,59.03323164440645,3.2769333423309375,3.7237390604610994
BHS,2014,56.898,56.979865743564844,0.8359523832476882,55.341399072399376,58.61833241473031,3.2769333423309375,-0.5629184310843911
BHS,2015,56.955,57.00780185467044,0.8359523832476882,55.36933518350497,58.64626852583591,3.2769333423309375,-0.020411480418161432
BHS,2016,58.064,57.3213583765694,0.8359523832476891,55.68289170540393,58.95982504773487,3.276933342330941,1.1061930517292708
BHS,2017,52.881,53.61775287110426,0.8359523832477379,51.97928619993869,55.256219542269825,3.2769333423311324,-5.030878418907548
BHS,2018,54.071,53.89945543883802,0.8359523832503174,52.2609887676674,55.53792211000864,3.2769333423412443,0.49816309307697537
BHS,2019,52.928,53.25322416155324,0.8359523833867187,51.614757490115274,54.89169083299121,3.2769333428759375,-1.0744935514715905
BHS,2020,54.515,54.366223865879505,0.8359523905994374,52.72775718030461,56.0046905514544,3.2769333711497945,1.4392376743661686
BHS,2021,54.183,54.674450692264955,0.8359527719980216,53.035983259148836,56.312918125381074,3.276934866232245,-0.13407875085624
BHS,2022,57.778,57.6410755898071,0.8359729395845993,56.00256862822129,59.27958255139291,3.277013923171629,3.5765617431882504
BHS,2023,59.021,59.867036991132586,0.8370386817287265,58.226441174944284,61.50763280732089,3.281191632376608,1.7348420219671894
BHS,2024,67.927,66.66945568665496,0.891580785987579,64.9219573461193,68.41695402719061,3.4949966810713096,9.14457220122177
BIH,2000,30.13,30.842174190319195,1.1704835218570646,28.548026487479348,33.13632189315904,4.588295405679693,0.0
BIH,2001,30.765,31.41583464712471,1.036471542802545,29.384350423231723,33.4473188710177,4.062968447785977,0.6350000000000016
BIH,2002,32.698,32.46907919467744,1.0092024165509716,30.491042458237537,34.447115931117345,3.9560734728798086,2.172471374665186
BIH,2003,32.751,33.353637614718735,1.0039760979563794,31.385844462724233,35.32143076671324,3.935586303989007,0.97363421379805
BIH,2004,33.453,34.68226491428539,1.0029872961659634,32.716409813800105,36.648120014770676,3.9317102009705764,1.1229213068482764
BIH,2005,37.64,36.91670738335705,1.0028006864729686,34.951218037870035,38.882196728844065,3.9309786909740367,4.674261513095345
BIH,2006,40.077,38.6181732608638,1.0027654856550003,36.65275290898,40.5835936127476,3.9308407037676014,4.466682243664657
BIH,2007,39.384,39.244665489783756,1.0027588462014285,37.27925815122896,41.210072828338554,3.9308146771095998,1.246800555925212
BIH,2008,39.251,39.76848553508997,1.0027575939128381,37.80308065102081,41.73389041915914,3.9308097681383254,0.40847667515554065
BIH,2009,40.386,40.673627980666936,1.002757357717668,38.70822355954031,42.639032401793564,3.9308088422532586,1.3123993627255643
BIH,2010,41.734,41.790716431563396,1.0027573131805811,39.82531209772946,43.756120765397334,3.930808667667878,1.917968934980614
BIH,2011,43.309,42.949597829995646,1.002757304845471,40.98419351249852,44.91500214749277,3.9308086349942464,2.407965120008292
BIH,2012,44.764,43.843644583137284,1.0027573036187425,41.87824026804455,45.80904889823002,3.9308086301854703,2.500768250665331
BIH,2013,44.336,44.059503999894226,1.0027573052185157,42.09409968166594,46.02490831812251,3.9308086364565815,0.6580722327461004
BIH,2014,44.039,44.07162029481248,1.0027573152287785,42.10621595696408,46.03702463266089,3.9308086756968117,-0.011202233760471358
BIH,2015,44.439,44.10777368501548,1.0027573685902254,42.14236924257864,46.07317812745232,3.9308088848736835,0.39513492102082637
BIH,2016,43.002,43.899854526522475,1.002757651560266,41.93444952946435,45.8652595235806,3.930809994116243,-1.2653947077542824
BIH,2017,44.589,44.35354235012216,1.0027591518409298,42.38813441251394,46.31895028773038,3.9308158752164446,1.0374448554661413
BIH,2018,44.867,44.6337272057637,1.0027671061056842,42.66830367779656,46.59915073373084,3.930847055934282,0.7285575643699573
BIH,2019,44.269,44.742019059989104,1.0028092775682704,42.77651287595529,46.70752524402292,3.93101236806762,-0.2815907759565377
BIH,2020,45.345,45.19886705945535,1.0030328357647598,43.23292270135642,47.16481141755428,3.931888716197858,0.953706411578807
BIH,2021,45.72,45.54803327871992,1.0042172819201203,43.579767406156485,47.516299151283356,3.9365317451268713,0.7891903404899807
BIH,2022,46.345,45.77048143829261,1.0104738735132686,43.78995264620661,47.75101023037862,3.961057584172013,0.967741761899056
BIH,2023,45.527,45.569580958927475,1.04301874881127,43.52526421125739,47.61389770659756,4.088633495340178,-0.39771417094303274
BIH,2024,45.17,45.40005734396344,1.2009229420734786,43.046248377499424,47.753866310427455,4.707617932928036,-0.5297254487131795
BLR,2000,39.944,39.606916775307916,0.8131906556600169,38.01306309021428,41.20077046040155,3.1877073701872662,0.0
BLR,2001,37.608,38.21033416861685,0.7732198987147364,36.69482316713597,39.725845170097735,3.0310220029617665,-2.3360000000000056
BLR,2002,39.381,39.14141779477956,0.7719517584263815,37.62839234826385,40.65444324129526,3.0260508930314156,1.370042352600997
BLR,2003,39.278,39.14665753205107,0.77191253721708,37.6337089591056,40.65960610499655,3.0258971458909536,0.13769988648549258
BLR,2004,38.53,38.644336112222014,0.7719113251729727,37.13138991488299,40.15728230956104,3.0258923946780527,-0.7237942324262505
BLR,2005,38.796,38.58385631699495,0.7719112877184001,37.07091019306688,40.096802440923014,3.0258922478561283,0.13876461349089908
BLR,2006,37.805,37.70356633471172,0.7719112865609802,36.1906202130522,39.216512456371234,3.025892243319042,-0.9666066325401559
BLR,2007,36.409,36.431295073816464,0.7719112865252139,34.91834895222704,37.94424119540589,3.0258922431788386,-1.5659193373102127
BLR,2008,34.781,35.24518112091644,0.7719112865241087,33.73223499932919,36.7581272425037,3.025892243174506,-1.9032722433878746
BLR,2009,35.967,35.8528533707259,0.7719112865240745,34.33990724913872,37.36579949231309,3.025892243174372,0.8514246436962338
BLR,2010,35.868,36.019416235747364,0.7719112865240734,34.50647011416018,37.53236235733455,3.0258922431743676,0.05067154831384357
BLR,2011,36.987,36.771113528497374,0.7719112865240733,35.25816740691019,38.28405965008456,3.025892243174367,1.1279075282795077
BLR,2012,36.522,36.688536964593126,0.7719112865240734,35.17559084300594,38.20148308618031,3.0258922431743676,-0.26672565198541065
BLR,2013,37.18,37.249527525388984,0.7719112865240733,35.7365814038018,38.76247364697617,3.025892243174367,0.6111124197505404
BLR,2014,38.408,38.07920095614963,0.7719112865240735,36.56625483456244,39.59214707773681,3.025892243174368,1.335427172486817
BLR,2015,37.172,37.638260047493716,0.771911286524075,36.12531392590653,39.1512061690809,3.025892243174374,-1.0012458687374064
BLR,2016,38.234,38.99913916636855,0.7719112865241298,37.48619304478126,40.51208528795584,3.0258922431745887,0.8859914471277364
BLR,2017,44.251,43.316829792516245,0.7719112865258989,41.80388367092549,44.829775914107,3.0258922431815236,6.172748030863595
BLR,2018,44.155,44.02450365223827,0.7719112865831542,42.51155753053529,45.537449773941255,3.0258922434059645,0.9891045503214002
BLR,2019,44.302,44.227886110240206,0.7719112884359539,42.71493998490573,45.74083223557468,3.025892250668939,0.32087423606649423
BLR,2020,44.512,44.14486210557133,0.7719113483933009,42.631915862720454,45.6578083484222,3.0258924857017395,0.26640633505462574
BLR,2021,43.022,42.64306672084772,0.7719132886347317,41.130116675123645,44.156016766571796,3.025900091448148,-1.443168552327613
BLR,2022,39.295,39.67691775244363,0.7719760729983446,38.16384464936687,41.189990855520385,3.026146206153511,-3.9806939390983587
BLR,2023,36.881,38.186655596391205,0.7740050513530828,36.669605695739165,39.703705497043245,3.0340998013040847,-3.1137643651020923
BLR,2024,42.662,41.74198208830661,0.8370129698063791,40.101436667486105,43.38252750912711,3.281090841641006,5.233632787810684
BLZ,2000,41.915,41.95461688340241,0.6944048451172585,40.59358338697258,43.315650379832235,2.7220669928596535,0.0
BLZ,2001,42.523,42.325566556978316,0.6802205501738238,40.99233427863762,43.65879883531901,2.666464556681389,0.6080000000000041
BLZ,2002,40.688,40.94079430399108,0.6800976668078486,39.6078028770477,42.27378573093446,2.6659828538867663,-1.7789241569174834
BLZ,2003,41.886,41.80405306152852,0.6800966132117218,40.47106369963355,43.137042423423495,2.6659787237899493,1.0332923965779344
BLZ,2004,41.972,41.93857997664301,0.6800966041790546,40.60559063245206,43.27156932083396,2.665978688381894,0.18167398366090026
BLZ,2005,41.806,41.775911710960905,0.6800966041016162,40.442922366921735,43.108901055000075,2.6659786880783356,-0.1491785477705605
BLZ,2006,41.397,41.34567647187142,0.6800966041009522,40.01268712783356,42.678665815909284,2.6659786880757324,-0.4228126536917003
BLZ,2007,40.329,40.45903505202148,0.6800966041009467,39.12604570798362,41.79202439605933,2.665978688075711,-1.1071488243404488
BLZ,2008,40.715,40.72875999321814,0.6800966041009465,39.395770649180285,42.061749337255996,2.66597868807571,0.2834875173096094
BLZ,2009,41.198,41.120848812756236,0.6800966041009465,39.78785946871838,42.45383815679409,2.66597868807571,0.5092485120087176
BLZ,2010,40.967,40.82685310157286,0.6800966041009465,39.493863757535,42.159842445610714,2.66597868807571,-0.1838479567293021
BLZ,2011,39.181,39.28656912867225,0.6800966041009465,37.95357978463439,40.619558472710104,2.66597868807571,-1.8030227435260144
BLZ,2012,38.788,38.68508271276753,0.6800966041009465,37.352093368729676,40.01807205680539,2.66597868807571,-0.559944437570266
BLZ,2013,36.968,37.16838084475432,0.6800966041009465,35.83539150071646,38.50137018879217,2.66597868807571,-1.8718460510475552
BLZ,2014,37.447,37.43361134551283,0.6800966041009465,36.100622001474974,38.766600689550685,2.66597868807571,0.30568311460167763
BLZ,2015,37.584,37.57978018229722,0.6800966041009465,36.246790838259365,38.912769526335076,2.66597868807571,0.16530363389765768
BLZ,2016,37.227,37.68842332762086,0.6800966041009465,36.355433983583005,39.021412671658716,2.66597868807571,-0.34169430167287373
BLZ,2017,42.315,41.90037866429748,0.6800966041009466,40.56738932025962,43.23336800833533,2.6659786880757106,5.056362039126483
BLZ,2018,42.635,42.425219198271435,0.6800966041009591,41.09222985423356,43.75820854230931,2.6659786880757594,0.7881757453169058
BLZ,2019,40.734,41.08453610195353,0.6800966041024048,39.75154675791282,42.417525445994244,2.665978688081427,-1.82802168789555
BLZ,2020,43.06,42.86107524940815,0.680096604271036,41.528085905036924,44.19406459377938,2.6659786887424612,2.156740874651888
BLZ,2021,42.766,42.868630677565285,0.6800966239406805,41.53564129464155,44.20162006048902,2.6659787658474676,-0.09430429810362284
BLZ,2022,43.797,43.78885281598999,0.6800989182621773,42.45585893619612,45.12184669578386,2.665987759587735,1.0222682310503828
BLZ,2023,45.653,44.63662426223617,0.6803664816114858,43.303105958277655,45.97014256619468,2.6670366079170242,1.9506532679587352
BLZ,2024,35.525,36.44604262550071,0.7108852435954518,35.052707548053625,37.83937770294779,2.786670154894171,-9.947386242418034
BOL,2000,43.672,43.574352304205576,0.6711149510163421,42.258967000213545,44.889737608197606,2.630770607984061,0.0
BOL,2001,44.543,43.43538894482179,0.6060953332847311,42.247442091583714,44.62333579805986,2.3758937064761456,0.8710000000000022
BOL,2002,41.527,41.84824648491619,0.5982831238272903,40.6756115622147,43.02088140761768,2.345269845402978,-2.7460253150176612
BOL,2003,40.473,40.68112732054989,0.5973915570776948,39.51023986867761,41.85201477242217,2.341774903744563,-1.9700989692802295
BOL,2004,40.325,39.78613042731737,0.597290458601663,38.61544112845811,40.956819726176626,2.341378597718519,-0.8104696029828702
BOL,2005,37.525,38.18657244342242,0.5972790030616727,37.01590559742154,39.3572392894233,2.341333692001757,-3.072773548792213
BOL,2006,37.054,37.452007077257676,0.5972777051347498,36.281342775193565,38.62267137932179,2.341328604128219,-1.505284383630837
BOL,2007,37.302,37.23782793191446,0.5972775580794077,36.06716391807882,38.4084919457501,2.3413280276712785,-0.25867904134844366
BOL,2008,36.817,36.939745102688455,0.5972775414180304,35.76908112150912,38.11040908386779,2.341327962358679,-0.5720715328805852
BOL,2009,37.122,36.80214901795078,0.5972775395302962,35.631485040471404,37.97281299543016,2.341327954958761,0.11244032316530905
BOL,2010,36.056,36.246354229507915,0.597277539316421,35.07569025244773,37.4170182065681,2.3413279541203704,-1.028152508195248
BOL,2011,36.139,35.93944375436305,0.5972775392922335,34.76877977735027,37.11010773137583,2.341327954025555,-0.26307685753591414
BOL,2012,35.44,35.37161751554919,0.5972775392898868,34.200953538541015,36.542281492557365,2.3413279540163563,-0.787551855332957
BOL,2013,34.005,34.71438255843079,0.5972775392930959,33.54371858141632,35.88504653544526,2.341327954028936,-1.7000905085895184
BOL,2014,35.041,34.9846509794986,0.5972775393241304,33.81398700242331,36.155314956573896,2.341327954150591,0.46374833870346066
BOL,2015,34.993,35.181244193512924,0.5972775395983523,34.010580215900156,36.35190817112569,2.341327955225541,0.1080980170795911
BOL,2016,35.956,35.62396289134714,0.5972775420187021,34.45329890899048,36.7946268737038,2.341327964713312,0.9993858686017845
BOL,2017,35.999,35.63254977088581,0.5972775633810093,34.46188574665903,36.80321379511259,2.3413280484535566,0.37939398649329803
BOL,2018,34.639,35.162010371661204,0.597277751927323,33.991345977883654,36.33267476543875,2.3413287875551063,-1.2322957172221933
BOL,2019,35.251,35.375296477838425,0.5972794160576429,34.20462882236544,36.54596413331141,2.34133531094596,0.1972083945964016
BOL,2020,35.523,35.751097720202246,0.5972941036750007,34.58040127699925,36.921794163405245,2.3413928864060027,0.33838048436791013
BOL,2021,36.52,36.425132128196964,0.5974237227299125,35.25418163164633,37.596082624747595,2.341900993101257,1.1108991091071871
BOL,2022,37.398,36.97512870845977,0.5985665392561991,35.80193829151762,38.14831912540192,2.3463808338843,1.2519294217030108
BOL,2023,37.566,36.972229609543305,0.6085601234177702,35.779451767644474,38.165007451442136,2.385555683797659,0.5894003241452026
BOL,2024,35.597,36.19298770874887,0.6905212150284391,34.83956612729313,37.546409290204615,2.7068431629114813,-1.7706074362177588
BRA,2000,55.519,55.862983946186546,0.3846441685205515,55.10908137588626,56.61688651648683,1.507805140600562,0.0
BRA,2001,55.679,56.20884430900829,0.3427894712210155,55.5369769454151,56.880711672601485,1.3437347271863807,0.1600000000000037
BRA,2002,57.601,57.04275092952616,0.33575213064223763,56.384676753467375,57.70082510558494,1.3161483521175714,1.9783930751442966
BRA,2003,57.493,57.36244730927152,0.33463499258092866,56.7065627238129,58.018331894730146,1.3117691709172403,0.6622055798162023
BRA,2004,57.312,57.56188996342445,0.3344594459271598,56.906349449407216,58.21743047744168,1.3110810280344665,0.08055484553050718
BRA,2005,58.492,57.99150940613889,0.33443190542479384,57.336022871506295,58.64699594077148,1.3109730692651917,1.2118885462470956
BRA,2006,58.055,57.96012066740621,0.33442758585985466,57.304642599120896,58.61559873569152,1.3109561365706301,0.042908102125878145
BRA,2007,57.798,57.84133738197777,0.33442690838884687,57.18586064153563,58.49681412241991,1.3109534808842798,-0.2400074485292194
BRA,2008,57.598,57.76247270421012,0.33442680213646936,57.10699617202264,58.4179492363976,1.3109530643749598,-0.2950490443653564
BRA,2009,57.824,57.83510590311713,0.3344267854722495,57.17962940359152,58.490582402642744,1.310952999051218,0.10915292787869646
BRA,2010,57.715,57.91796888908139,0.3344267828589863,57.26249239467778,58.57344538348501,1.3109529888072262,-0.06577260107820848
BRA,2011,58.198,58.187789071831105,0.33442678245102286,57.5323125782271,58.84326556543511,1.3109529872080097,0.4569523381113072
BRA,2012,58.448,58.44820384020586,0.3344267823991024,57.79272734670362,59.103680333708105,1.3109529870044814,0.43096501992278746
BRA,2013,58.571,58.70880636835825,0.3344267824678746,58.05332987472122,59.364282861995285,1.3109529872740684,0.2936733656348878
BRA,2014,59.135,59.096344075808545,0.33442678296907696,58.44086758118915,59.75182057042794,1.3109529892387817,0.6803022969373416
BRA,2015,59.482,59.44827532525094,0.33442678617460875,58.79279882434871,60.10375182615317,1.3109530018044662,0.6164174174634596
BRA,2016,59.957,59.76914235257476,0.3344268066148202,59.113665811609714,60.42461889353981,1.3109530819300952,0.7191173423060206
BRA,2017,59.86,59.91697133788,0.33442693694309,59.26149454147154,60.57244813428846,1.3109535928169127,0.1877891857637337
BRA,2018,60.181,60.11727733912284,0.3344277679230725,59.46179891399362,60.77275576425207,1.310956850258444,0.3953694056068713
BRA,2019,59.887,60.258887595893604,0.3344330662544811,59.60339878603482,60.914376405752385,1.310977619717566,-0.1374234241415806
BRA,2020,61.1,60.743048195045496,0.3344668467708069,60.08749317537472,61.398603214716275,1.3111100393415631,1.1585767469872934
BRA,2021,60.99,60.898415996720736,0.33468215326351836,60.24243897632424,61.554393017117235,1.311954040792992,0.3488265488929443
BRA,2022,60.73,60.96942462098227,0.3360517170343101,60.31076325559502,61.62808598636951,1.3173227307744955,-0.12185560688407548
BRA,2023,62.136,61.260970275243075,0.3446561892920696,60.58544414423062,61.93649640625553,1.3510522620249128,1.3577420078425888
BRA,2024,60.188,60.74651504343266,0.3951371001919528,59.97204632705643,61.520983759808885,1.548937432752455,-1.4102988236512388
BRB,2000,53.302,53.60728191714642,0.7463265229099729,52.144481932242876,55.07008190204997,2.925599969807094,0.0
BRB,2001,56.747,56.470553533379885,0.7311139636470472,55.037570164631674,57.903536902128096,2.865966737496425,3.4450000000000003
BRB,2002,56.989,56.8712445495841,0.7309825498053583,55.438518751965596,58.3039703472026,2.8654515952370043,0.5592848147795451
BRB,2003,56.119,56.222971940796846,0.7309814262735933,54.790248345300604,57.65569553629309,2.865447190992486,-0.8182904181954811
BRB,2004,56.544,56.50087967891036,0.7309814166687438,55.06815610223962,57.9336032555811,2.8654471533414756,0.34934114241713843
BRB,2005,56.296,56.3946723025113,0.7309814165866341,54.9619487260015,57.827395879021104,2.8654471530196055,-0.2157000260514934
BRB,2006,57.282,57.167436181905,0.7309814165859322,55.734712605396574,58.60015975841343,2.865447153016854,0.9660564422766456
BRB,2007,56.867,56.91966744478419,0.7309814165859259,55.48694386827577,58.352391021292604,2.8654471530168295,-0.32567872000924325
BRB,2008,57.237,57.141059443788414,0.7309814165859262,55.70833586728,58.57378302029683,2.865447153016831,0.33988784623347357
BRB,2009,56.569,56.50781453832702,0.7309814165859262,55.0750909618186,57.940538114835434,2.865447153016831,-0.6365740748156128
BRB,2010,55.092,55.32953054171032,0.7309814165859262,53.896806965201904,56.762254118218735,2.865447153016831,-1.5358574421567752
BRB,2011,56.243,56.26716472296664,0.7309814165859262,54.834441146458225,57.699888299475056,2.865447153016831,1.008995095717701
BRB,2012,57.637,57.420057860903675,0.7309814165859262,55.98733428439526,58.85278143741209,2.865447153016831,1.4872913746131857
BRB,2013,56.578,56.64043397448108,0.7309814165859262,55.20771039797266,58.07315755098949,2.865447153016831,-0.9214854993082824
BRB,2014,56.344,56.416970910873744,0.7309814165859262,54.98424733436533,57.84969448738216,2.865447153016831,-0.31920026438329074
BRB,2015,56.908,56.84353152700863,0.7309814165859262,55.410807950500214,58.276255103517045,2.865447153016831,0.53448684223779
BRB,2016,57.34,56.69580804089737,0.7309814165859262,55.26308446438895,58.128531617405784,2.865447153016831,0.48141848819350486
BRB,2017,50.027,50.80963312664419,0.7309814165859263,49.37690955013577,52.2423567031526,2.865447153016831,-7.268488195415038
BRB,2018,51.974,51.89514129511471,0.7309814165859393,50.46241771860627,53.327864871623156,2.865447153016882,1.2749578285485157
BRB,2019,52.472,52.27817741115419,0.7309814165874692,50.84545383464275,53.71090098766563,2.8654471530228793,0.6158822066667611
BRB,2020,50.562,50.9346450780659,0.7309814167664141,49.501921501203725,52.36736865492807,2.8654471537243436,-1.8530557215752594
BRB,2021,52.675,52.91062900127514,0.7309814376986075,51.47790538338587,54.34335261916441,2.865447235778541,1.9416670408664132
BRB,2022,57.475,56.98559221128353,0.7309838862494746,55.55286379423456,58.4183206283325,2.8654568340979405,4.9795259343205345
BRB,2023,57.413,56.700918849584355,0.7312702502823164,55.26762915903102,58.13420854013769,2.86657938110668,0.3984054284370515
BRB,2024,49.329,50.07303825467516,0.7640275991429589,48.57554416035496,51.570532348995364,2.994988188640399,-8.047163557256127
BRN,2002,41.031,40.683478386427815,1.3978642491957596,37.94366445800413,43.4232923148515,5.479627856847378,0.0
BRN,2005,39.509,40.324832363599825,1.246837781074704,37.881030312693404,42.768634414506245,4.8876041018128396,-1.5219999999999985
BRN,2006,40.915,40.737652347149826,1.2220373901940675,38.34245906236946,43.132845631930195,4.790386569560745,0.8741865097444972
BRN,2010,40.852,40.98276914608831,1.2181909850376296,38.595114815414554,43.37042347676206,4.775308661347508,0.2737176085146089
BRN,2011,41.086,41.35154364162155,1.217600276466647,38.96504709974692,43.738040183496175,4.772993083749256,0.340902564159947
BRN,2012,40.934,41.971421062046005,1.21750969852551,39.58510205293601,44.357740071156,4.7726380182199994,-0.01857749451897206
BRN,2013,42.021,43.57230281544103,1.2174958130055031,41.18601102195024,45.95859460893181,4.772583586981572,1.0797267961434187
BRN,2014,48.8,46.64012488783798,1.217493685823592,44.25383726362374,49.02641251205222,4.772575248428481,7.201740564012724
BRN,2015,48.16,47.66552954533551,1.2174933689490615,45.27924254219535,50.05181654847567,4.772574006280321,2.1796863327300144
BRN,2016,47.639,48.22335389595638,1.217493380467348,45.83706687024038,50.60964092167238,4.772574051432004,0.3324102043697863
BRN,2017,49.404,49.33375397970421,1.2174937742456189,46.9474661821828,51.720041777225624,4.772575595042826,1.8951482266491482
BRN,2018,50.31,50.37772814170703,1.2174963918505322,47.99143521367999,52.76402106973407,4.772585856054086,1.6480054631661076
BRN,2019,51.332,51.485747273403845,1.2175134748112024,49.09942086277389,53.8720736840338,4.772652821259913,1.6672419103202714
BRN,2020,53.392,52.73915263920518,1.217624908588009,50.35260781837268,55.12569746003768,4.7730896416649955,2.712773537414712
BRN,2021,53.035,53.375213598633046,1.2183515826616456,50.98724449661622,55.76318270064987,4.77593820403365,0.7051294770935854
BRN,2022,54.671,54.33298676017901,1.2230813537098608,51.935747306907686,56.73022621345034,4.794478906542654,1.9120786304018935
BRN,2023,53.953,54.97112841914894,1.253497550223912,52.51427322071007,57.427983617587806,4.913710396877735,0.030634210668864625
BRN,2024,58.265,56.57203093506133,1.4361926783213095,53.75709328555156,59.38696858457109,5.629875299019533,4.323994181493852
BTN,2009,40.003,40.1617448040914,0.9196347777012439,38.35926063979696,41.96422896838584,3.604968328588876,0.0
BTN,2010,40.319,40.40087566989175,0.8326089708450911,38.76896208703537,42.032789252748124,3.263827165712757,0.3160000000000025
BTN,2011,40.159,40.753384132496514,0.8227562581493489,39.14078186652379,42.36598639846924,3.225204531945448,-0.06435860732564436
BTN,2012,41.048,41.92896793128152,0.8216954530659952,40.31844484327217,43.53949101929087,3.2210461760187012,0.8681185217517964
BTN,2013,45.485,44.324474901901546,0.8215819120164561,42.71417435434929,45.9347754494538,3.220601095104508,4.72067122732372
BTN,2014,45.046,45.11294101621372,0.8215697671606866,43.50266427257877,46.723217759848666,3.2205534872698918,1.1047182069511692
BTN,2015,46.344,45.994103917691014,0.821568468396379,44.38382971963411,47.60437811574792,3.2205483961138057,1.6592857625521376
BTN,2016,46.964,46.39074709559322,0.8215683315161944,44.780473165821476,48.00102102536496,3.220547859543482,1.1626555792655537
BTN,2017,45.409,45.993576473269734,0.821568335866738,44.38330253497093,47.60385041156854,3.220547876597613,-1.174762831822889
BTN,2018,46.291,46.40589999951754,0.8215685138880672,44.795625712296925,48.01617428673815,3.2205485744412234,0.4978032141740414
BTN,2019,46.813,46.97733166906787,0.821570193003991,45.36705409078005,48.587609247355694,3.220555156575645,0.6848025603971379
BTN,2020,47.781,47.77632214506715,0.8215858934677089,46.16601379387044,49.386630496263855,3.220616702393419,1.1919592014489666
BTN,2021,48.147,48.56883494642646,0.8217326721434247,46.958238909025354,50.17943098382757,3.2211920748022247,0.7558207255441829
BTN,2022,50.117,49.94548504445995,0.8231037273884128,48.332201738778664,51.558768350141236,3.226566611362578,2.2171851245064502
BTN,2023,52.087,51.084629257034926,0.8358137351035512,49.44643433623197,52.722824177837886,3.2763898416059205,2.6951126656538165
BTN,2024,50.656,50.83573736444342,0.9464245889671208,48.98074517006786,52.69072955881897,3.7099843887511135,-0.5495849536741346
BWA,2000,46.405,46.40409056258002,0.3775391234897476,45.66411388054012,47.144067244619926,1.4799533640798106,0.0
BWA,2001,46.267,46.39468744713788,0.3707531094346952,45.668011352645884,47.12136354162988,1.453352188984005,-0.13799999999999812
BWA,2002,47.675,47.64216691669231,0.37070357527193915,46.91558790915931,48.36874592422531,1.4531580150660015,1.396300577819538
BWA,2003,48.599,48.56645619374013,0.3707032169786526,47.83987788846197,49.29303449901829,1.4531566105563183,1.042746647173054
BWA,2004,49.223,49.17040275696296,0.3707032143871984,48.44382445676405,49.89698105716187,1.4531566003978176,0.7126810936750303
BWA,2005,49.313,49.25661198363543,0.3707032143684552,48.530033683473256,49.983190283797605,1.4531566003243443,0.15061045539196982
BWA,2006,48.767,48.78776965778841,0.3707032143683194,48.061191357626505,49.514347957950314,1.4531566003238119,-0.533191229878426
BWA,2007,48.54,48.52337202682508,0.3707032143683185,47.796793726663175,49.24995032698698,1.4531566003238086,-0.27234561612363706
BWA,2008,48.089,48.09529808800375,0.37070321436831866,47.36871978784185,48.821876388165656,1.453156600323809,-0.4741618208808731
BWA,2009,47.661,47.72921894434924,0.3707032143683185,47.00264064418734,48.455797244511146,1.4531566003238086,-0.4683254192966544
BWA,2010,48.12,48.034648277380164,0.37070321436831866,47.30806997721826,48.76122657754207,1.453156600323809,0.4191709415040279
BWA,2011,47.406,47.49992381170224,0.3707032143683185,46.773345511540334,48.22650211186414,1.4531566003238086,-0.678351317991563
BWA,2012,47.849,47.88973191278135,0.37070321436831866,47.163153612619446,48.616310212943254,1.453156600323809,0.38530914400144667
BWA,2013,48.711,48.68048178986132,0.3707032143683185,47.953903489699414,49.40706009002322,1.4531566003238086,0.8947688820703235
BWA,2014,49.292,49.170827768920326,0.37070321436831866,48.44424946875842,49.89740606908223,1.453156600323809,0.6570962370948763
BWA,2015,48.41,48.46842324318799,0.3707032143683185,47.74184494302609,49.195001543349896,1.4531566003238086,-0.826116797025378
BWA,2016,48.471,48.341103884932714,0.37070321436831866,47.61452558477081,49.06768218509462,1.453156600323809,-0.009257673142414546
BWA,2017,46.81,46.93516107115107,0.3707032143683185,46.20858277098917,47.661739371312976,1.4531566003238086,-1.6617873252015158
BWA,2018,46.784,46.76123263447122,0.37070321436832093,46.03465433430931,47.48781093463313,1.453156600323818,-0.16732784994398742
BWA,2019,46.363,46.36319520445805,0.3707032143686305,45.636616904295536,47.08977350462057,1.4531566003250316,-0.43523051247876765
BWA,2020,45.821,45.96707925607316,0.37070321441145737,45.240500955826704,46.69365755631962,1.4531566004929128,-0.5790144793053997
BWA,2021,46.881,47.00888439627692,0.37070322033266023,46.2823060844249,47.735462708128935,1.453156623704028,1.0107573140042163
BWA,2022,49.498,49.30951077675259,0.3707040389950749,48.58293086032224,50.036090693182935,1.4531598328606936,2.702960553337384
BWA,2023,50.243,49.754756479882765,0.37081720955537406,49.02795474915423,50.4815582106113,1.4536034614570663,0.9748751456900564
BWA,2024,44.951,45.394010745106705,0.38614495482864253,44.637166633642565,46.150854856570845,1.5136882229282786,-5.209091070430752
CAF,2000,18.435,17.885685450432117,0.829034840901539,16.2607771622651,19.510593738599134,3.249816576334033,0.0
CAF,2001,13.313,14.99979878719841,0.796430750288696,13.438794516632566,16.560803057764254,3.1220085411316885,-5.121999999999998
CAF,2002,21.442,20.419185903624285,0.7957057997908403,18.859602536034238,21.978769271214333,3.119166735180094,7.382449643146847
CAF,2003,20.96,20.802553809837008,0.7956900037135817,19.243001402558388,22.362106217115628,3.11910481455724,0.6071884558277496
CAF,2004,20.127,20.4107055344921,0.7956896596866466,18.85115380150627,21.970257267477926,3.1191034659716546,-0.7433933259914056
CAF,2005,21.859,21.415735271298832,0.7956896521940675,19.85618355299846,22.975286989599205,3.1191034366007444,1.6222920755453316
CAF,2006,20.531,20.238267038182194,0.795689652030886,18.678715320201658,21.79781875616273,3.1191034359610734,-1.0885866067631937
CAF,2007,17.297,17.619472542159276,0.7956896520273321,16.059920824185706,19.179024260132845,3.119103435947142,-3.3946506115603654
CAF,2008,16.335,16.58843277383796,0.7956896520272546,15.028881055864543,18.147984491811382,3.119103435946838,-1.4629731824965155
CAF,2009,16.618,16.805217338470253,0.7956896520272531,15.245665620496837,18.36476905644367,3.119103435946832,0.06709844929331155
CAF,2010,18.164,17.943801980322892,0.795689652027253,16.384250262349475,19.50335369829631,3.1191034359468315,1.5559022042411783
CAF,2011,18.091,17.99819990527924,0.7956896520272531,16.438648187305823,19.557751623252656,3.119103435946832,0.15661575964802665
CAF,2012,18.098,17.5956789616168,0.795689652027253,16.036127243643385,19.15523067959022,3.1191034359468315,0.030112922217352178
CAF,2013,14.347,14.7198851055494,0.7956896520272531,13.160333387575983,16.279436823522815,3.119103435946832,-3.7465560179223925
CAF,2014,13.484,13.680061795256858,0.795689652027253,12.120510077283441,15.239613513230275,3.1191034359468315,-1.4159064126101004
CAF,2015,13.415,13.60558592278426,0.7956896520272532,12.046034204810843,15.165137640757676,3.1191034359468324,-0.277955566510391
CAF,2016,14.122,14.469495991352861,0.795689652027256,12.90994427337944,16.02904770932628,3.119103435946843,0.6659800834662306
CAF,2017,17.735,17.044368486159133,0.7956896520273895,15.48481676818545,18.603920204132816,3.1191034359473666,3.711283505453439
CAF,2018,15.842,16.218785724037083,0.7956896520335186,14.659234006051387,17.778337442022778,3.1191034359713927,-1.3452990075783742
CAF,2019,17.676,17.248378942680763,0.7956896523149446,15.688827224143472,18.807930661218055,3.1191034370745827,1.6354644797489044
CAF,2020,16.25,16.172498774731356,0.7956896652368107,14.612947030867206,17.732050518595504,3.119103487728298,-1.184642658985073
CAF,2021,14.575,14.715026623790166,0.7956902585531154,13.15547371702606,16.274579530554274,3.119105813528212,-1.8498262990519905
CAF,2022,14.178,13.947002115238064,0.7957175006098981,12.387395814042664,15.506608416433464,3.1192126023908004,-0.6699922675833427
CAF,2023,11.741,12.041615705533202,0.7969673357381852,10.47955972748636,13.603671683580044,3.124111956093686,-2.535875612528928
CAF,2024,11.53,11.616367742611024,0.8523827929306548,9.94569746846694,13.287038016755107,3.3413405482881666,-0.5852375346962866
CAN,2000,74.23,74.2610681694395,0.2860648679601817,73.70038102823754,74.82175531064145,1.1213742824039123,0.0
CAN,2001,74.391,74.47420442630624,0.2775869237408277,73.93013405577422,75.01827479683827,1.0881407410640447,0.16100000000000136
CAN,2002,75.416,75.22546803828926,0.2774633770013162,74.68163981936668,75.76929625721185,1.0876564378451594,1.044143230528178
CAN,2003,74.669,74.74445994103495,0.27746160366323863,74.200635197855,75.2882846842149,1.0876494863598953,-0.6219323974365523
CAN,2004,74.749,74.75149148649038,0.27746157821515216,74.20766679318868,75.29531617979208,1.0876493866033965,0.005497026281929607
CAN,2005,74.711,74.7746368025095,0.2774615778499635,74.23081210992358,75.31846149509543,1.087649385171857,-0.03734149527436159
CAN,2006,75.226,75.2093552251858,0.2774615778447229,74.66553053261015,75.75317991776146,1.0876493851513138,0.5105267538534974
CAN,2007,75.49,75.53642302102769,0.27746157784464764,74.99259832845217,76.0802477136032,1.0876493851510187,0.32515748226713015
CAN,2008,76.211,76.16373322741386,0.2774615778446466,75.61990853483834,76.70755791998937,1.0876493851510145,0.7599515589648718
CAN,2009,76.492,76.48534403238781,0.27746157784464653,75.9415193398123,77.02916872496333,1.0876493851510145,0.37203680392981653
CAN,2010,76.806,76.76390714860409,0.27746157784464653,76.22008245602858,77.3077318411796,1.0876493851510145,0.35856736903093633
CAN,2011,76.738,76.77023336834081,0.27746157784464653,76.2264086757653,77.31405806091632,1.0876493851510145,-0.025046173686959605
CAN,2012,77.077,76.9850299546406,0.27746157784464653,76.44120526206508,77.52885464721611,1.0876493851510145,0.33599964612713507
CAN,2013,76.54,76.60500725720397,0.27746157784464653,76.06118256462845,77.14883194977948,1.0876493851510145,-0.4967496267438065
CAN,2014,76.737,76.64542112709334,0.27746157784464653,76.10159643451783,77.18924581966886,1.0876493851510145,0.13749291979387124
CAN,2015,76.066,76.09354563390964,0.27746157784464653,75.54972094133413,76.63737032648515,1.0876493851510145,-0.6545293238978758
CAN,2016,75.681,75.71982243116096,0.2774615778446466,75.17599773858545,76.26364712373648,1.0876493851510145,-0.4634079682752059
CAN,2017,75.605,75.59718457479681,0.27746157784464864,75.0533598822213,76.14100926737233,1.0876493851510227,-0.13151298612353912
CAN,2018,75.346,75.42400019969072,0.2774615778447917,74.88017550711493,75.96782489226652,1.0876493851515834,-0.2747543224837443
CAN,2019,75.695,75.75528467343668,0.27746157785476033,75.21145998084134,76.29910936603201,1.0876493851906606,0.3160863819018971
CAN,2020,76.609,76.47646224915682,0.2774615785494251,75.93263755519995,77.0202869431137,1.0876493879137463,0.9518649055122381
CAN,2021,76.221,76.34044757585188,0.2774616269569679,75.79662278701622,76.88427236468755,1.0876495776713142,-0.2739733390259431
CAN,2022,77.044,76.97696401563496,0.2774650002042272,76.43313261523468,77.52079541603524,1.0876628008005707,0.7901799381780563
CAN,2023,77.667,77.17992302866293,0.2776999632191776,76.63563110075334,77.72421495657251,1.0885838558191763,0.7176579492503095
CAN,2024,73.777,74.23269576002693,0.293610584191188,73.6572190150122,74.80817250504165,1.150953490029457,-3.804029670386413
CHE,2000,71.364,71.41881652728499,0.4633226456161683,70.5107041418773,72.32692891269268,1.8162247708153798,0.0
CHE,2001,71.624,71.62255762139202,0.43833056727887476,70.76342970952543,72.48168553325861,1.718255823733189,0.2599999999999909
CHE,2002,72.025,71.82130846241441,0.43740405611310745,70.96399651243271,72.6786204123961,1.7146238999633812,0.44923227637396224
CHE,2003,70.976,71.31533980876165,0.4373706590539016,70.45809331701601,72.17258630050729,1.7144929834912943,-0.9638250490771725
CHE,2004,72.002,71.9833982226457,0.4373694564941225,71.12615408791723,72.84064235737418,1.7144882694569603,0.8431157700400149
CHE,2005,72.483,72.58709934759887,0.4373694131940561,71.72985529773851,73.44434339745922,1.7144880997207,0.6409843106929145
CHE,2006,73.861,73.55095701368988,0.43736941163497084,72.69371296688534,74.40820106049442,1.7144880936090856,1.4996292470233357
CHE,2007,73.252,73.44214696255558,0.4373694115788336,72.58490291586106,74.2993910092501,1.7144880933890276,-0.32443955180632145
CHE,2008,74.128,73.99119571574143,0.43736941157681225,73.13395166905087,74.84843976243198,1.714488093381104,0.814436340463871
CHE,2009,73.962,74.06693739287067,0.43736941157673953,73.20969334618026,74.92418143956108,1.7144880933808189,-0.011457555031839206
CHE,2010,74.71,74.5057350287939,0.4373694115767369,73.64849098210348,75.3629790754843,1.7144880933808087,0.7458258846271804
CHE,2011,74.097,74.23782923955538,0.4373694115767368,73.38058519286497,75.09507328624579,1.7144880933808082,-0.47147665433816144
CHE,2012,74.483,74.45715581996433,0.4373694115767368,73.59991177327393,75.31439986665472,1.7144880933808082,0.29653548167379995
CHE,2013,74.555,74.58706829063209,0.4373694115767368,73.72982424394169,75.44431233732249,1.7144880933808082,0.12826875432850215
CHE,2014,74.894,74.82792866732098,0.437369411576737,73.97068462063056,75.68517271401139,1.7144880933808089,0.36333949213967287
CHE,2015,74.826,74.84019949763011,0.43736941157674103,73.9829554509397,75.69744354432052,1.7144880933808249,0.0009450736405796079
CHE,2016,75.138,74.90159687935694,0.43736941157685405,74.0443528326663,75.75884092604758,1.7144880933812678,0.31217933137784826
CHE,2017,73.861,74.14510123669045,0.43736941157999276,73.28785718999366,75.00234528338724,1.7144880933935716,-1.2177627646965448
CHE,2018,74.26,74.37152163624269,0.43736941166716353,73.51427758937506,75.22876568311032,1.714488093735281,0.16792480639981022
CHE,2019,75.029,74.98377775616834,0.43736941408813396,74.1265337045556,75.84102180778108,1.714488103225485,0.8008643813672336
CHE,2020,75.501,75.43957672918015,0.4373694813251114,74.58233254578293,76.29682091257736,1.7144883667944366,0.6239671132480851
CHE,2021,75.339,75.68286723528875,0.43737134867608024,74.82561939188363,76.54011507869387,1.7144956868102346,-0.043599827426263005
CHE,2022,77.573,77.11584852168427,0.43742320694413817,76.25849903607376,77.97319800729478,1.7146989712210217,2.2257267641485328
CHE,2023,77.836,76.96720514852177,0.43886100477093326,76.10703757917074,77.8273727178728,1.7203351387020585,0.685340260218851
CHE,2024,72.901,73.81275860863289,0.47706435552166493,72.87771247181043,74.74780474545535,1.8700922736449266,-4.804954035463112
CHL,2000,61.571,61.61120471437956,0.43388265056381986,60.76079471927447,62.46161470948465,1.7008199902101737,0.0
CHL,2001,61.597,61.91079969260726,0.4221841258646735,61.083318805912505,62.73828057930202,1.65496177338952,0.026000000000003354
CHL,2002,64.734,64.41911737887241,0.42203525494175365,63.591928279186575,65.24630647855825,1.6543781993716742,3.1398942908265965
CHL,2003,64.73,64.71109001434338,0.4220333863523014,63.88390457709287,65.53827545159389,1.6543708745010215,0.34771745832539125
CHL,2004,64.839,64.8699620900865,0.4220333629023836,64.04277669879784,65.69714748137517,1.6543707825773437,0.14795285512042256
CHL,2005,65.241,65.24676513604241,0.4220333626080986,64.41957974533054,66.07395052675429,1.6543707814237465,0.4185743526461181
CHL,2006,65.815,65.66414689253178,0.4220333626044055,64.83696150182715,66.4913322832364,1.6543707814092694,0.6208906058555641
CHL,2007,64.863,65.01972810589538,0.42203336260435925,64.19254271519084,65.84691349659992,1.6543707814090882,-0.8824450057700801
CHL,2008,65.552,65.47846185456775,0.42203336260435853,64.65127646386321,66.3056472452723,1.6543707814090853,0.5901444903404638
CHL,2009,65.506,65.41958715571862,0.42203336260435886,64.59240176501407,66.24677254642316,1.6543707814090867,0.020110674301420772
CHL,2010,64.635,64.75248365382447,0.4220333626043587,63.92529826311993,65.57966904452901,1.654370781409086,-0.8687471106475044
CHL,2011,64.792,64.91230516217898,0.4220333626043587,64.08511977147444,65.73949055288352,1.654370781409086,0.059678990954935784
CHL,2012,66.006,65.91891125910668,0.4220333626043587,65.09172586840214,66.74609664981122,1.654370781409086,1.2206855124435378
CHL,2013,66.314,66.31253116083695,0.4220333626043587,65.48534577013241,67.1397165515415,1.654370781409086,0.44474675212346426
CHL,2014,66.723,66.69581243416725,0.4220333626043587,65.86862704346271,67.5229978248718,1.654370781409086,0.4588225572847193
CHL,2015,66.976,66.88773025034395,0.4220333626043587,66.0605448596394,67.71491564104849,1.654370781409086,0.30439939310336683
CHL,2016,66.601,66.45834917716165,0.4220333626043587,65.63116378645711,67.2855345678662,1.654370781409086,-0.34089979324656383
CHL,2017,64.942,65.02490048012221,0.42203336260435986,64.19771508941767,65.85208587082676,1.6543707814090907,-1.6971891478606267
CHL,2018,64.111,64.17495832329564,0.422033362604451,63.347772932590914,65.00214371400037,1.654370781409448,-1.0211268601480725
CHL,2019,63.435,63.77519570570748,0.42203336261171676,62.948010314988515,64.60238109642644,1.6543707814379296,-0.7903912827733706
CHL,2020,66.043,65.76994779949393,0.42203336319068024,64.9427624076402,66.59713319134767,1.6543707837074666,2.519456767755358
CHL,2021,65.783,65.8427840662558,0.4220334093250622,65.01559858397869,66.66996954853292,1.654370964554244,0.02224102489458346
CHL,2022,66.373,66.33641878447833,0.42203708550137453,65.50922609689563,67.16361147206102,1.654385375165388,0.5924915409310785
CHL,2023,67.138,66.57257153788747,0.4223299166958803,65.74480490116355,67.40033817461139,1.655533273447851,0.8313736016009301
CHL,2024,62.297,62.82887755001365,0.44504504787317267,61.956589256182234,63.70116584384507,1.7445765876628367,-4.747865741699073
CHN,2000,55.807,55.6526553600082,1.3790332251888053,52.94975023863814,58.355560481378255,5.405810242740117,0.0
CHN,2001,54.894,55.24854301713159,1.2823828023369621,52.735072724551145,57.76201330971203,5.026940585160891,-0.9130000000000038
CHN,2002,55.663,55.703556741623984,1.2766414049586627,53.201339587905004,58.205773895342965,5.004434307437958,0.5590519495127069
CHN,2003,56.255,56.25684726823368,1.2763126862137237,53.75527440325478,58.758420133212574,5.003145729957797,0.7253222338186163
CHN,2004,56.891,56.81461408182773,1.2762939077930953,54.31307802255326,59.31615014110219,5.003072118548934,0.8093266129578325
CHN,2005,57.411,57.1872830925863,1.2762928351927938,54.685749135608425,59.68881704956417,5.003067913955752,0.7134231734315222
CHN,2006,57.09,57.01784291607253,1.2762927739276324,54.51630907917437,59.51937675297069,5.003067673796319,-0.15049592037588866
CHN,2007,56.379,56.673552217190654,1.2762927704282687,54.17201838715125,59.17508604723006,5.0030676600788135,-0.7469676823875417
CHN,2008,57.022,57.043018314415434,1.2762927702283908,54.541484484767786,59.54455214406308,5.003067659295292,0.4644789020991382
CHN,2009,57.673,57.463415838671395,1.2762927702169744,54.96188200904613,59.96494966829666,5.003067659250539,0.7620078596599456
CHN,2010,57.28,57.375950543453904,1.276292770216322,54.874416713829916,59.87748437307789,5.003067659247982,-0.21088438362089335
CHN,2011,57.605,57.52099190913864,1.276292770216285,55.01945807951472,60.02252573876255,5.003067659247837,0.2745998118377102
CHN,2012,57.347,57.46246547841658,1.276292770216283,54.960931648792666,59.9639993080405,5.003067659247829,-0.19237218086838936
CHN,2013,57.642,57.68373415744309,1.2762927702162858,55.182200327819174,60.18526798706701,5.00306765924784,0.24902412475270097
CHN,2014,57.948,58.00613274405916,1.2762927702163391,55.504598914435135,60.50766657368318,5.00306765924805,0.36551537296877257
CHN,2015,58.357,58.46939817440262,1.2762927702172695,55.96786434477677,60.97093200402847,5.0030676592516965,0.4963561297310477
CHN,2016,58.434,59.20502604565729,1.2762927702335614,56.70349221599951,61.70655987531507,5.00306765931556,0.19562633877588098
CHN,2017,62.198,61.80899863796672,1.2762927705187903,59.30746480774989,64.31053246818354,5.003067660433658,3.810753600785972
CHN,2018,63.596,63.470345951491396,1.2762927755124402,60.96881211148701,65.97187979149578,5.0030676800087654,2.3087487961983797
CHN,2019,64.923,64.82720928612522,1.276292862938841,62.325675274765096,67.32874329748535,5.003068022720257,1.8787780489477157
CHN,2020,66.378,65.9519532577336,1.2762943935569633,63.45041624636196,68.45349026910526,5.003074022743296,1.9040174452764802
CHN,2021,66.76,66.04430385389205,1.2763211905804506,63.542714320354364,68.54589338742973,5.003179067075366,0.8370495198295345
CHN,2022,62.829,64.4023847402379,1.2767902487747398,61.89987585263942,66.9048936278364,5.00501777519698,-3.730949846564222
CHN,2023,63.945,66.57308011628702,1.2849745531069636,64.05452999219737,69.09163024037666,5.037100248179297,0.22432385470052907
CHN,2024,78.636,75.11212016685084,1.4206430859353452,72.32765971841756,77.89658061528412,5.568920896866553,14.744612146580387
CIV,2000,25.703,25.914146160939637,1.415169008479173,23.14041490432046,28.687877417558816,5.547462513238358,0.0
CIV,2001,27.596,26.223243957490453,1.2796343154808842,23.71516069914792,28.731327215832987,5.016166516685066,1.8930000000000007
CIV,2002,23.785,24.685539071785698,1.2638212539915024,22.208449413962352,27.162628729609043,4.954179315646689,-3.2310940495162654
CIV,2003,24.645,24.359351689372645,1.2620678241049086,21.885698754127024,26.833004624618265,4.947305870491242,-0.20321575973074957
CIV,2004,23.8,23.648874564345174,1.2618745891000325,21.17560036970911,26.12214875898124,4.946548389272127,-0.9123732608478647
CIV,2005,22.936,22.735084650095416,1.261853308430864,20.26185216557092,25.20831713461991,4.9464649690489875,-1.1667329444356405
CIV,2006,20.754,21.550998342590095,1.2618509650012708,19.077770451187604,24.024226233992586,4.946455782804981,-2.569166597804493
CIV,2007,20.96,21.43913363256384,1.2618507069446998,18.96590624695223,23.912361018175453,4.946454771223223,-0.646556193995103
CIV,2008,22.544,21.971859257875053,1.261850678527745,19.498631927960673,24.445086587789433,4.946454659828761,1.369445563153974
CIV,2009,22.473,21.734869781257142,1.261850675398497,19.26164245747609,24.208097105038195,4.946454647562108,0.38343947457426
CIV,2010,19.107,20.504855451267495,1.2618506750539142,18.031628128161824,22.978082774373167,4.946454646211344,-3.238758698583954
CIV,2011,20.542,21.155410659392587,1.2618506750160332,18.682183336361163,23.62863798242401,4.9464546460628505,0.3602440092624626
CIV,2012,22.107,22.631202410654222,1.2618506750124472,20.157975087629826,25.104429733678618,4.946454646048793,1.6845440732629626
CIV,2013,24.476,24.812216639954464,1.2618506750173664,22.338989316920426,27.285443962988502,4.946454646068076,2.928002384313629
CIV,2014,26.911,27.44555143697316,1.261850675066166,24.972324113843477,29.918778760102846,4.946454646259371,3.4066340107030335
CIV,2015,31.036,30.798031513294998,1.2618506755097734,28.324804189295843,33.271258837294155,4.946454647998311,5.255464061282986
CIV,2016,34.711,33.83036669428956,1.261850679538257,31.357139362394577,36.30359402618454,4.946454663789967,5.418983424101022
CIV,2017,36.955,35.677964091798216,1.261850716121238,33.20473668820059,38.15119149539584,4.946454807195253,4.042246007756603
CIV,2018,36.61,35.80753347298704,1.2618510483341154,33.33430541825217,38.28076152772191,4.946456109469732,0.9963867836335467
CIV,2019,35.308,34.85752477284496,1.2618540651813699,32.38429080508948,37.330758740600444,4.94646793551097,-0.9713570702058902
CIV,2020,32.161,33.30148059951077,1.2618814610783227,30.828192935797254,35.77476826322428,4.946575327427024,-3.469337020968773
CIV,2021,33.14,33.2797532057163,1.262130218152786,30.805977978136838,35.753528433295756,4.947550455158921,-0.17227155026392182
CIV,2022,33.979,33.44603925872396,1.2643869605123654,30.967840816119722,35.924237701328195,4.9563968852084725,0.7818330734258438
CIV,2023,33.645,32.895320034722495,1.2846991697625512,30.377309661987894,35.413330407457096,5.036020745469201,-0.07455499103997454
CIV,2024,30.177,31.3360377974585,1.4562445359722016,28.481798506952984,34.19027708796401,5.70847858101103,-3.4927404733514607
CMR,2000,23.548,23.864918967587105,0.5280265909209036,22.829986849382134,24.899851085792076,2.069864236409942,0.0
CMR,2001,24.516,24.42793433741458,0.4817051849113665,23.483792174988302,25.37207649984086,1.8882843248525567,0.968
CMR,2002,24.912,24.84688004853765,0.4773233676446625,23.91132624795411,25.782433849121187,1.8711076011670769,0.6681551164711266
CMR,2003,24.962,25.15929378219529,0.47692770852141475,24.22451547349332,26.094072090897264,1.8695566174039457,0.24916495499581615
CMR,2004,26.253,25.79446722753745,0.47689214411797953,24.85975862506621,26.72917583000869,1.8694172049424798,1.365648279368692
CMR,2005,25.721,25.679511075326346,0.47688894867391546,24.74480873592547,26.61421341472722,1.8694046788017487,-0.1226748158576143
CMR,2006,25.585,25.496681758453036,0.47688866157546506,24.561979981765123,26.43138353514095,1.869403553375823,-0.17277076723750895
CMR,2007,24.945,25.16936958022951,0.47688863578085106,24.234667854099044,26.104071306359977,1.8694034522609362,-0.6917868060341519
CMR,2008,25.411,25.209111346736844,0.47688863346331195,24.274409625148753,26.143813068324935,1.8694034431761828,0.25864176757550794
CMR,2009,24.845,24.918576493299348,0.47688863325509057,23.98387477211937,25.853278214479325,1.869403442359955,-0.488473945917157
CMR,2010,24.372,24.74840796615869,0.4768886332363829,23.813706245015382,25.683109687302,1.869403442286621,-0.6194166364336056
CMR,2011,24.834,25.19401822982087,0.47688863323470365,24.25931650868085,26.12871995096089,1.8694034422800383,0.27633421119534063
CMR,2012,26.652,26.228594748603715,0.4768886332345707,25.293893027463955,27.163296469743475,1.8694034422795172,1.9008292400924134
CMR,2013,26.799,26.57050799464791,0.47688863323475744,25.635806273507786,27.505209715788038,1.8694034422802492,0.7167602219484124
CMR,2014,26.617,26.538623278338395,0.4768886332369859,25.603921557193903,27.473324999482887,1.8694034422889847,0.032843845268995864
CMR,2015,25.918,26.378519376381977,0.4768886332618018,25.443817655188845,27.31322109757511,1.869403442386263,-0.6891552879262335
CMR,2016,26.872,26.97179502593648,0.4768886335380092,26.03709330420198,27.906496747670978,1.8694034434689961,0.7474305399327932
CMR,2017,28.045,27.728328804766054,0.47688863661224545,26.793627077006054,28.663030532526054,1.869403455520002,1.3970370577961617
CMR,2018,27.627,27.96680923931269,0.4768886708290294,27.032107444487792,28.901511034137584,1.8694035896497954,0.0007520516474954775
CMR,2019,29.001,28.7611953435055,0.47688905166762563,27.826492802236952,29.695897884774045,1.8694050825370925,1.374225422202354
CMR,2020,29.51,29.163276728666883,0.4768932904469684,28.228565879390825,30.09798757794294,1.869421698552116,0.9209144240033105
CMR,2021,28.755,28.99814154042902,0.47694046625589315,28.06333822656747,29.93294485429057,1.8696066277231012,-0.4789623657145512
CMR,2022,29.336,29.23076999488782,0.4774652265658737,28.294938150818705,30.166601838956932,1.871663688138225,0.43743439292777
CMR,2023,28.043,29.291249049945122,0.4832674360177304,28.34404487535037,30.238453224539874,1.8944083491895032,-1.161882111267225
CMR,2024,32.679,31.393781833142558,0.5436829471178112,30.328163256791647,32.45940040949347,2.1312371527018197,4.2877339929169835
COD,2000,14.371,14.539444009107386,0.6735683523805892,13.219250038441432,15.85963797977334,2.64038794133191,0.0
COD,2001,14.632,15.055569430856112,0.6312949769328615,13.818231276067703,16.29290758564452,2.474676309576817,0.26099999999999923
COD,2002,16.91,16.77578745850692,0.6292506414751068,15.54245620121571,18.009118715798127,2.4666625145824184,2.332711386971239
COD,2003,18.216,18.114475760312043,0.6291549729989229,16.881332013234154,19.347619507389933,2.4662874941557775,1.8094876307680536
COD,2004,19.44,19.16455828128681,0.6291505032596327,17.93142329489793,20.397693267675688,2.46626997277776,1.615080764491605
COD,2005,19.097,19.43163496496785,0.6291502944442048,18.19850038785721,20.66476954207849,2.466269154221283,0.006085892889590383
COD,2006,20.901,20.649987773981376,0.6291502846888867,19.416853215991157,21.883122331971595,2.4662691159804355,1.8053154175443922
COD,2007,21.648,21.1547811442763,0.6291502842331435,19.92164658717934,22.38791570137326,2.4662691141939224,1.1372046817587638
COD,2008,20.193,20.257487550769206,0.6291502842118524,19.024352993713975,21.490622107824436,2.466269114110461,-1.2092021801491022
COD,2009,19.482,19.543514512045753,0.6291502842108577,18.310379954992474,20.776649069099033,2.466269114106562,-0.9723595111731846
COD,2010,18.743,19.004410488209082,0.6291502842108112,17.77127593115589,20.237545045262273,2.46626911410638,-0.949167836860024
COD,2011,19.229,19.20842533232664,0.629150284210809,17.975290775273457,20.441559889379825,2.466269114106371,0.28084486057073477
COD,2012,19.387,19.35395199620817,0.629150284210809,18.120817439154983,20.587086553261358,2.466269114106371,0.21870240087252668
COD,2013,19.427,19.405532180228928,0.6291502842108091,18.17239762317574,20.638666737282115,2.4662691141063715,0.08727079848485886
COD,2014,18.914,19.396085195695655,0.6291502842108122,18.162950638642464,20.629219752748845,2.466269114106384,-0.4941371054349091
COD,2015,21.127,20.757075209835175,0.629150284210881,19.52394065278185,21.9902097668885,2.4662691141066535,2.106196163180119
COD,2016,19.997,21.0664697306997,0.6291502842123516,19.83333517364349,22.299604287755912,2.4662691141124182,-0.6747623162705807
COD,2017,26.047,24.41607561046431,0.6291502842438318,23.1829410533464,25.649210167582222,2.4662691142358204,5.904155448909798
COD,2018,22.631,23.129407351521333,0.6291502849176739,21.896272793082694,24.362541909959972,2.4662691168772817,-2.139863380853452
COD,2019,23.47,23.259575537741792,0.6291502993414615,22.026440951032527,24.492710124451058,2.466269173418529,0.3764854127897195
COD,2020,23.005,22.791564250542944,0.6291506080868178,21.55842905869278,24.024699442393107,2.4662703837003255,-0.38362564832635115
COD,2021,21.711,21.71681322002274,0.6291572168360248,20.48366507502413,22.94996136502135,2.466296289997217,-1.3769176572516386
COD,2022,20.271,20.65858759180014,0.6292986624220139,19.425162213452992,21.892012970147285,2.4668507566942948,-1.7376098883529103
COD,2023,20.513,20.7021679944865,0.6323187597576793,19.46282322536145,21.941512763611552,2.478689538250103,-0.13357066840571363
COD,2024,21.488,21.283501518247107,0.6938195940008033,19.923615114005532,22.64338792248868,2.7197728084831487,0.9461297538366971
COG,2000,24.003,24.12988765474166,0.43692310057050904,23.27351837762346,24.986256931859856,1.7127385542363953,0.0
COG,2001,24.892,24.766220277620093,0.41893450301333196,23.945108651713962,25.587331903526223,1.6422232518122613,0.8889999999999993
COG,2002,24.559,24.811965061981127,0.4185050172237031,23.991695228222667,25.632234895739586,1.6405396675169162,-0.19894690914246027
COG,2003,26.245,26.045485477811695,0.41849497846010403,25.225235320029892,26.8657356355935,1.6405003155636078,1.655601470871094
COG,2004,26.395,26.34220266190887,0.4184947439351878,25.521952963795904,27.162452360021838,1.6404993962259362,0.4030488307070854
COG,2005,26.859,26.391014498524598,0.4184947384562983,25.57076481115025,27.211264185898944,1.6404993747486893,0.5256040560177695
COG,2006,23.709,24.242440774540622,0.4184947383283024,23.42219108741715,25.062690461664094,1.6404993742469454,-3.0696639596483237
COG,2007,24.717,24.598592200620477,0.41849473832531225,23.778342513502864,25.41884188773809,1.640499374235224,0.5388166939184735
COG,2008,24.417,24.398770016837073,0.4184947383252424,23.5785203297196,25.219019703954547,1.6404993742349503,-0.21764447145653065
COG,2009,24.401,24.113350519363607,0.41849473832524087,23.293100832246136,24.933600206481078,1.640499374234944,-0.04926590598196512
COG,2010,22.171,22.477297693994974,0.4184947383252407,21.657048006877503,23.297547381112444,1.6404993742349434,-2.2375300557167606
COG,2011,22.188,22.279439274024842,0.4184947383252406,21.45918958690737,23.099688961142313,1.6404993742349432,-0.324995659100221
COG,2012,22.554,22.51092607902525,0.4184947383252406,21.69067639190778,23.33117576614272,1.6404993742349432,0.3163259836198762
COG,2013,22.443,22.540163003014534,0.4184947383252406,21.719913315897063,23.360412690132005,1.6404993742349432,-0.0626511016322624
COG,2014,22.952,23.025620427800387,0.4184947383252406,22.205370740682916,23.845870114917858,1.6404993742349432,0.499424081794416
COG,2015,23.98,23.856756221902646,0.41849473832524064,23.036506534785175,24.677005909020117,1.6404993742349434,1.104334558093381
COG,2016,23.696,24.109211485152787,0.4184947383252434,23.28896179803531,24.929461172270265,1.6404993742349543,-0.11520779803723613
COG,2017,26.746,26.30186563936454,0.41849473832536205,25.48161595224683,27.12211532648225,1.6404993742354192,3.0323910446599065
COG,2018,26.32,26.409125207740317,0.4184947383304397,25.588875520612657,27.229374894867977,1.6404993742553236,0.03748632114166739
COG,2019,27.045,26.934864502425135,0.41849473854779123,26.114614814871466,27.755114189978805,1.6404993751073416,0.7307296030832475
COG,2020,27.306,26.943472066922798,0.4184947478515667,26.123222361133728,27.763721772711868,1.6404994115781415,0.3726884895431901
COG,2021,25.141,25.249860988008567,0.4184951461013767,24.42961050164987,26.070111474367266,1.6405009727173967,-2.1080363648994407
COG,2022,23.833,24.06739728953347,0.4185121929103189,23.247113391429245,24.887681187637696,1.64056779620845,-1.6302031740664482
COG,2023,24.004,23.985525848384178,0.4192412351880117,23.163813027415674,24.80723866935268,1.643425641937006,-0.07816867934698024
COG,2024,23.781,23.816910621632633,0.449340427343251,22.93620338403986,24.697617859225407,1.761414475185544,-0.23494770499103268
COL,2000,44.053,44.553661947280496,0.8790515389032458,42.830720931030136,46.276602963530856,3.4458820325007236,0.0
COL,2001,45.31,44.889727463009656,0.7754085113137736,43.36992678083466,46.40952814518465,3.0396013643499926,1.257000000000005
COL,2002,44.423,44.96797946381647,0.7510587388873425,43.49590433559728,46.44005459203566,2.9441502564383826,-0.3896384567000908
COL,2003,45.368,45.38054565068263,0.7456757478814896,43.91902118483491,46.842070116530344,2.923048931695439,0.7693107149839804
COL,2004,45.237,45.80080788717086,0.7445037796242892,44.34158047910726,47.260035295234466,2.9184548161272135,0.22474399151972335
COL,2005,46.626,46.566934486278164,0.7442494963861143,45.10820547336138,48.02566349919495,2.917458025833568,1.493482301556682
COL,2006,47.426,47.29682772164399,0.744194365620358,45.83820676502809,48.755448678259896,2.9172419132318033,1.495112086041253
COL,2007,47.674,47.94748104437605,0.7441824147483311,46.48888351146932,49.40607857728278,2.9171950658134578,0.9440441713944381
COL,2008,48.908,48.765899574466495,0.7441798242140375,47.30730711900698,50.22449202992601,2.917184910919027,1.6735201919714697
COL,2009,49.405,49.49714750225894,0.7441792626939113,48.03855614737888,50.955738857139,2.9171827097601324,1.2761526641069665
COL,2010,50.359,50.28492272926256,0.7441791410422036,48.82633161281984,51.74351384570528,2.917182232885438,1.5481489545254874
COL,2011,51.289,51.02725572565687,0.7441791149741728,49.56866466030749,52.48584679100625,2.917182130698757,1.650784914575226
COL,2012,51.747,51.60902336162471,0.7441791107150177,50.15043230462327,53.06761441862614,2.9171821140028693,1.2265701056695804
COL,2013,52.367,52.10615010629984,0.7441791162109573,50.64755903852637,53.56474117407332,2.9171821355469527,1.1910647897120157
COL,2014,52.186,52.44326014266576,0.7441791470159814,50.98466901451443,53.90185127081708,2.917182256302647,0.3735342776076749
COL,2015,52.901,52.93818477739933,0.7441792903109925,51.479593368389786,54.39677618640887,2.9171828180190906,0.8889095663273068
COL,2016,53.668,53.45592017733677,0.7441799516330787,51.997327472135936,54.91451288253761,2.9171854104016686,1.180857272256155
COL,2017,54.072,53.843556558869466,0.7441830025741835,52.384957873824064,55.30215524391487,2.917197370090799,0.9537818767626263
COL,2018,54.165,54.09105576431975,0.7441970774047769,52.632429492606384,55.54968203603311,2.9172525434267254,0.5370604318194623
COL,2019,53.741,54.29319434867046,0.7442620057179499,52.83444081746328,55.75194787987764,2.9175070624143635,-0.17395615551322408
COL,2020,55.123,54.83407304430821,0.7445614677672028,53.37473256748449,56.29341352113193,2.918680953647435,1.3010097364847155
COL,2021,55.406,55.197711336525494,0.745941426674314,53.735666140243836,56.65975653280715,2.924090392563311,0.88872229297084
COL,2022,55.972,55.43357627283093,0.7522748489495089,53.959117568889894,56.90803497677197,2.948917407882075,0.9797700818190194
COL,2023,57.305,55.339148598029496,0.780828103295746,53.80872551556983,56.86957168048916,3.0608461649193246,1.7891599839730574
COL,2024,51.919,54.038781883321924,0.900911292639522,52.27299574974846,55.80456801689539,3.531572267146926,-4.5530053977366265
COM,2009,25.492,25.524824017559364,0.5932021863383728,24.362147732336155,26.687500302782574,2.3253525704464217,0.0
COM,2010,25.587,25.63624571751042,0.5587700637104414,24.541056392637955,26.731435042382884,2.1903786497449302,0.09499999999999886
COM,2011,26.134,25.903022976049886,0.5573212743683439,24.810673278287933,26.99537267381184,2.184699395523908,0.565685875494303
COM,2012,24.611,25.441136578317803,0.5572621329721728,24.348902797692343,26.533370358943262,2.184467561250917,-1.4089046170433477
COM,2013,28.099,27.598083621319844,0.5572597218749462,26.50585456644495,28.69031267619474,2.184458109749789,3.203545661677044
COM,2014,28.02,28.174788812845694,0.5572596235836946,27.082559950621654,29.267017675069734,2.184457724448083,0.5678144936712037
COM,2015,29.204,29.239806566327644,0.55725961957676,28.147577711957194,30.332035420698094,2.184457708740899,1.2986452395377803
COM,2016,30.296,30.41778336262966,0.5572596194138238,29.325554508578566,31.510012216680753,2.1844577081021894,1.354204481204487
COM,2017,32.889,31.979950364386642,0.5572596194172619,30.88772151032881,33.072179218444475,2.1844577081156666,2.8664222354323456
COM,2018,30.358,30.674336753638137,0.5572596196646737,29.582107899095377,31.766565608180898,2.184457709085521,-1.952251674860232
COM,2019,30.556,30.36667130057661,0.5572596257403792,29.274442434125465,31.458900167027753,2.1844577329022865,-0.19617165172509132
COM,2020,29.358,29.461730239752555,0.557259774778814,28.36950108118608,30.55395939831903,2.1844583171329512,-1.2376082661768848
COM,2021,29.052,28.884027163345266,0.5572634307068056,27.791790839159926,29.976263487530606,2.184472648370678,-0.555880740659422
COM,2022,27.575,27.77641986002415,0.5573531037897611,26.684007776596218,28.86883194345208,2.1848241668558637,-1.5892357493808404
COM,2023,27.332,27.30423217178388,0.5595483011851523,26.20751750146098,28.40094684210678,2.193429340645797,-0.5638764978311421
COM,2024,26.567,26.744445263116177,0.6109319747564322,25.54701859259357,27.941871933638783,2.394853341045214,-0.8788501420596901
CPV,2000,38.183,38.38453678952548,1.1552869231694518,36.12017442011335,40.6488991589376,4.528724738824251,0.0
CPV,2001,39.643,39.06125045956949,1.087653928050017,36.92944876059146,41.19305215854752,4.263603397956067,1.4600000000000009
CPV,2002,37.269,37.9229261466567,1.0847651895713646,35.79678637509682,40.04906591821658,4.252279543119749,-2.084842013058825
CPV,2003,39.143,38.82482827440799,1.0846455195238152,36.69892305614131,40.95073349267467,4.251810436533355,1.4504161669781297
CPV,2004,38.684,38.73404587571333,1.0846405686049063,36.60815036124771,40.859941390178946,4.251791028931232,-0.16400759202293358
CPV,2005,38.351,38.79940483854481,1.0846403637896767,36.67350972551704,40.925299951572576,4.251790226055532,-0.36635806467403853
CPV,2006,40.632,40.26377103238875,1.0846403553166672,38.13787593596808,42.389666128809424,4.2517901928413355,2.2064850484788963
CPV,2007,40.253,40.57927587578833,1.0846403549661472,38.45338078005469,42.70517097152198,4.251790191467297,0.06978536705021554
CPV,2008,41.688,41.91274990750918,1.0846403549516463,39.786854811803956,44.038645003214405,4.2517901914104534,1.4491939106650022
CPV,2009,44.404,43.947435698664016,1.0846403549510466,41.82154060295996,46.07333079436807,4.251790191408102,3.0107570497413008
CPV,2010,44.258,44.55765702359218,1.084640354951022,42.431761927888175,46.68355211929618,4.251790191408006,0.4663693033370251
CPV,2011,46.384,46.10279765980521,1.0846403549510206,43.97690256410121,48.228692755509215,4.251790191408001,2.220856622658033
CPV,2012,46.658,46.770596943978354,1.0846403549510206,44.64470184827435,48.89649203968236,4.251790191408001,0.7257084574943278
CPV,2013,48.171,47.78969470951228,1.0846403549510206,45.66379961380828,49.915589805216285,4.251790191408001,1.6606045975147268
CPV,2014,47.382,47.61913345988751,1.0846403549510222,45.493238364183505,49.74502855559151,4.2517901914080065,-0.45124332827321467
CPV,2015,48.54,48.188420214968154,1.08464035495106,46.06252511926408,50.31431531067223,4.251790191408155,1.0662199068191356
CPV,2016,48.18,47.66079048017867,1.084640354951967,45.53489538447281,49.786685575884526,4.25179019141171,-0.14313748643413504
CPV,2017,44.876,45.51324541397165,1.0846403549738937,43.38735031822282,47.639140509720484,4.251790191497663,-3.3331132766280973
CPV,2018,45.121,45.35388349264113,1.0846403555039197,43.22798839585345,47.47977858942881,4.251790193575365,-0.43293455979052453
CPV,2019,45.924,45.92110982857765,1.0846403683160668,43.79521470667816,48.04700495047714,4.251790243798982,0.714943796729699
CPV,2020,46.395,46.47931893193513,1.0846406780198086,44.353423203016305,48.60521466085396,4.2517914578376494,0.6164151323057538
CPV,2021,46.714,47.30060011959775,1.0846481643588366,45.174689717454434,49.42651052174107,4.251820804286639,0.4443750132940778
CPV,2022,50.921,49.95205292559814,1.084829113433467,47.825787863268545,52.07831798792773,4.252530124659191,4.2973831205293465
CPV,2023,51.951,49.58042514229062,1.0891939894935394,47.445604922883284,51.71524536169796,4.269640438814674,1.9040610631195065
CPV,2024,39.323,41.812687677485286,1.1898429527048011,39.48059549018387,44.1447798647867,4.66418437460282,-12.240725793722184
CRI,2000,52.278,52.222375167763204,0.6881467929476149,50.873607453585876,53.57114288194053,2.6975354283546507,0.0
CRI,2001,51.943,52.03726486842587,0.6475789852679131,50.76801005730076,53.30651967955098,2.5385096222502193,-0.33500000000000085
CRI,2002,52.337,52.14359133739422,0.6458248227817414,50.87777468474201,53.40940799004643,2.531633305304426,0.3272764452001411
CRI,2003,51.257,51.65196019465189,0.6457512717000007,50.38628770211989,52.9176326871839,2.5313449850640026,-1.0131065661363223
CRI,2004,52.473,52.38141941845745,0.6457481919182544,51.11575296229767,53.647085874617225,2.531332912319557,1.0087056626746929
CRI,2005,53.113,52.82774082888658,0.6457480629668346,51.56207462547159,54.09340703230158,2.531332406829992,0.84640307603118
CRI,2006,52.262,52.392132286544076,0.6457480575676114,51.12646609371156,53.657798479376595,2.5313323856650367,-0.6778072326476519
CRI,2007,52.283,52.358851076493565,0.6457480573415448,51.09318488410414,53.62451726888299,2.531332384778856,-0.11769434418415159
CRI,2008,52.333,52.560077090342425,0.6457480573320793,51.29441089797155,53.8257432827133,2.531332384741751,0.025917135214740483
CRI,2009,53.55,53.46335270624105,0.6457480573316831,52.19768651387095,54.729018898611145,2.5313323847401974,1.2223032188369771
CRI,2010,54.186,54.09874265383897,0.6457480573316665,52.8330764614689,55.36440884620904,2.5313323847401326,0.8861102610673086
CRI,2011,54.695,54.46436084658527,0.6457480573316658,53.19869465421521,55.730027038955335,2.53133238474013,0.6903177494050041
CRI,2012,54.227,54.11691667963807,0.6457480573316657,52.851250487268004,55.38258287200813,2.5313323847401294,-0.3267457270321188
CRI,2013,52.979,53.42913015963415,0.6457480573316657,52.163463967264086,54.69479635200421,2.5313323847401294,-1.314859399395516
CRI,2014,54.104,54.13300186003992,0.6457480573316667,52.86733566766985,55.39866805240999,2.5313323847401334,0.8559506981724141
CRI,2015,55.002,54.92653801875377,0.6457480573316918,53.66087182638365,56.19220421112389,2.531332384740232,1.0731464360736922
CRI,2016,55.43,55.48676991139695,0.6457480573322897,54.22110371902566,56.75243610376823,2.5313323847425755,0.6475894857785747
CRI,2017,56.334,56.222516179552535,0.6457480573465703,54.956849987153255,57.488182371951815,2.531332384798555,1.0365111255999793
CRI,2018,56.513,56.613590197142855,0.6457480576876381,55.34792400407508,57.87925639021063,2.5313323861355412,0.39109309132778236
CRI,2019,57.372,57.3156568726352,0.645748065833472,56.0499906636016,58.581323081668806,2.53133241806721,0.9390262927121427
CRI,2020,57.861,57.84352865209005,0.6457482603830857,56.577862061739204,59.1091952424409,2.531333180701696,0.6811455393391057
CRI,2021,58.126,58.317384622072666,0.6457529068584303,57.05170892463014,59.58306031951519,2.531351394885047,0.4043774360105843
CRI,2022,59.927,59.382940518991745,0.6458638702326102,58.117047333335826,60.648833704647664,2.531786371311832,1.8837445633225087
CRI,2023,60.133,58.76643883116166,0.64850840342384,57.49536236045093,60.03751530187238,2.5421529414214525,0.5914557831935738
CRI,2024,52.359,53.92496789032201,0.7087425763752913,52.535832440626436,55.31410334001758,2.7782708993911416,-7.652975070944258
CUB,2000,32.544,32.56799931985489,0.7131781204876478,31.1701702036991,33.96582843601068,2.7956582323115793,0.0
CUB,2001,32.513,32.640274708113644,0.6678467613282387,31.331295055910296,33.94925436031699,2.6179593044066958,-0.030999999999998806
CUB,2002,33.01,33.06805682366197,0.6656033331170919,31.76347429075247,34.37263935657147,2.609165065819,0.49043321108844395
CUB,2003,33.642,33.6580046332653,0.6654959422879009,32.35363258638101,34.96237668014959,2.6087440937685713,0.7390489571192589
CUB,2004,33.604,34.292656963334196,0.665490810217454,32.98829497530799,35.597018951360404,2.6087239760524197,0.12354254276517906
CUB,2005,38.322,36.85088222386716,0.6654905649821093,35.54652071650222,38.1552437312321,2.608723014729869,4.745005947636969
CUB,2006,35.077,35.29994649081503,0.6654905532636142,33.995585006418345,36.60430797521172,2.6087229687933675,-2.2077557383347255
CUB,2007,33.891,34.37175017304076,0.6654905527036497,33.067388689741605,35.67611165633991,2.6087229665983065,-1.668608946610604
CUB,2008,34.762,34.786396617938664,0.6654905526768919,33.482035134691955,36.09075810118537,2.608722966493416,0.5062469623567125
CUB,2009,35.594,35.26918827352969,0.6654905526756133,33.96482679028549,36.57354975677389,2.608722966488404,0.9426641060250063
CUB,2010,34.604,34.84470812646505,0.6654905526755521,33.54034664322097,36.14906960970913,2.6087229664881644,-0.7839363821735787
CUB,2011,35.241,35.092579615793,0.6654905526755492,33.78821813254892,36.39694109903708,2.608722966488153,0.46563379858839227
CUB,2012,34.658,34.92587977485021,0.6654905526755491,33.62151829160613,36.23024125809429,2.6087229664881524,-0.4812138128457377
CUB,2013,35.613,35.50742806172111,0.6654905526755494,34.20306657847703,36.81178954496519,2.6087229664881533,0.8498080672751342
CUB,2014,35.708,35.794090311708445,0.6654905526755537,34.48972882846436,37.09845179495253,2.6087229664881706,0.28076555920789303
CUB,2015,36.202,36.32122205811359,0.6654905526756436,35.01686057486933,37.625583541357855,2.6087229664885228,0.5553745304628706
CUB,2016,37.306,37.18136767922231,0.6654905526775264,35.87700619597436,38.485729162470264,2.6087229664959035,1.2254032487971784
CUB,2017,37.904,37.693387351893456,0.6654905527169279,36.389025868568275,38.99774883521864,2.6087229666503573,0.865869567887124
CUB,2018,37.512,37.61711879068159,0.6654905535414904,36.31275730574026,38.92148027562291,2.6087229698826424,-0.20272344371194606
CUB,2019,38.017,37.83447052375851,0.6654905707972827,36.530109004995836,39.13883204252119,2.608723037525348,0.46068524783902376
CUB,2020,36.917,37.54197660333333,0.6654909319127413,36.23761437678436,38.846338829882306,2.608724453097946,-0.9992955515731339
CUB,2021,39.471,38.99518212450659,0.6654984890062686,37.690805086054304,40.29955916295888,2.608754076904573,2.335556913730919
CUB,2022,39.065,39.119321893264186,0.6656566181934451,37.814634921605034,40.42400886492334,2.609373943318305,0.10454591365818544
CUB,2023,38.13,39.395194860084054,0.6689572446029206,38.08403866066233,40.70635105950578,2.622312398843449,-0.9121465689000914
CUB,2024,44.569,43.205040057195475,0.7346355837527809,41.76515431304002,44.64492580135093,2.8797714883109014,6.239607426575034
CYP,2000,56.795,56.96598704639525,0.5801703498214942,55.82885316074512,58.10312093204538,2.274267771300257,0.0
CYP,2001,58.189,58.36055409783043,0.5661136423480603,57.25097135882823,59.47013683683263,2.2191654780043963,1.3939999999999984
CYP,2002,61.415,61.07957112162911,0.5659597263063686,59.97029005806863,62.18885218518959,2.218562127120965,3.3702036075624235
CYP,2003,61.25,61.20897487295807,0.5659580616438527,60.099697072136124,62.31825267378002,2.2185556016439025,0.18544743314879497
CYP,2004,61.033,61.02165212772382,0.5659580436423203,59.91237436218487,62.13092989326277,2.2185555310778953,-0.1977153450148208
CYP,2005,60.774,60.746720346548976,0.5659580434476533,59.637442581391575,61.85599811170638,2.218555530314801,-0.27956040602123977
CYP,2006,60.097,60.261181318352854,0.5659580434455482,59.15190355319958,61.37045908350613,2.218555530306549,-0.7060714688454723
CYP,2007,61.081,61.04317215569208,0.5659580434455256,59.93389439053885,62.152449920845314,2.2185555303064604,0.9105756728472016
CYP,2008,61.591,61.533120494590264,0.5659580434455255,60.423842729437034,62.642398259743494,2.21855553030646,0.6046907063245115
CYP,2009,61.482,61.57622139405209,0.5659580434455254,60.46694362889886,62.68549915920532,2.2185555303064595,-0.04611825189586227
CYP,2010,62.375,62.34674020032306,0.5659580434455254,61.23746243516983,63.45601796547629,2.2185555303064595,0.8882041659175712
CYP,2011,63.14,62.899084731689115,0.5659580434455254,61.789806966535885,64.00836249684234,2.2185555303064595,0.8573642947412949
CYP,2012,61.396,61.59148989412395,0.5659580434455254,60.48221212897072,62.70076765927718,2.2185555303064595,-1.6548427415015112
CYP,2013,61.9,61.793136678555676,0.5659580434455254,60.683858913402446,62.902414443708906,2.2185555303064595,0.33191300852700323
CYP,2014,61.028,61.16976601995603,0.5659580434455254,60.0604882548028,62.27904378510926,2.2185555303064595,-0.8374843873464783
CYP,2015,61.672,61.64087228488892,0.5659580434455254,60.53159451973569,62.75015005004215,2.2185555303064595,0.5569100518075203
CYP,2016,61.932,61.87166309283196,0.5659580434455254,60.76238532767873,62.98094085798519,2.2185555303064595,0.3179130408788424
CYP,2017,61.745,61.63663457006917,0.5659580434455259,60.52735680491594,62.7459123352224,2.2185555303064617,-0.15394024309208731
CYP,2018,60.389,60.56499186850134,0.5659580434455724,59.455714103348015,61.67426963365466,2.2185555303066438,-1.3720082360915384
CYP,2019,60.689,60.85206008273566,0.5659580434498771,59.742782317573905,61.96133784789742,2.2185555303235183,0.15732495076181863
CYP,2020,62.392,62.39800188147802,0.5659580438479421,61.28872411553605,63.507279647419985,2.218555531883933,1.7193602116269204
CYP,2021,64.018,63.99028003626327,0.5659580806584168,62.88100219817277,65.09955787435376,2.2185556761809937,1.8047961590892854
CYP,2022,65.502,65.36855161429328,0.5659614846421157,64.25926710439474,66.47783612419182,2.2185690197970938,1.6716806378338305
CYP,2023,66.565,65.71656094270978,0.5662761745514632,64.6066596405889,66.82646224483065,2.219802604241736,1.2368379632420385
CYP,2024,58.711,59.51436191008282,0.5946573536180908,58.34883349699136,60.67989032317428,2.331056826182916,-7.725381298841242
CZE,2000,63.868,63.6458433130749,0.6130823319161671,62.444201942519214,64.84748468363058,2.4032827411113753,0.0
CZE,2001,63.521,63.42578653383368,0.5461046702139097,62.355421380214416,64.49615168745294,2.140730307238526,-0.3470000000000013
CZE,2002,62.797,63.119336884833224,0.5346910589320695,62.07134240932637,64.16733136034009,2.0959889510137124,-0.8469024193141692
CZE,2003,62.545,63.105362760895055,0.5328550987898757,62.0609667672669,64.1497587545232,2.0887919872563128,-0.5837057023345977
CZE,2004,63.674,63.599839268670785,0.5325628093459008,62.55601616235282,64.64366237498875,2.0876462126359314,0.8969739564139303
CZE,2005,64.144,64.02702531154753,0.5325163541337209,62.98329325744544,65.07075736564963,2.087464108204186,0.8273808451976379
CZE,2006,64.119,64.34807322678854,0.532508972718876,63.304355640259544,65.39179081331754,2.087435173057994,0.3047743412856505
CZE,2007,64.757,64.87697297480184,0.5325077999125107,63.833257686973326,65.92068826263036,2.087430575657042,0.759482916173539
CZE,2008,65.731,65.51473137489465,0.5325076135708129,64.47101645229586,66.55844629749345,2.0874298451975863,1.2767323647060351
CZE,2009,66.24,65.95625632278754,0.5325075839639751,64.91254145821814,66.99997118735693,2.0874297291387824,1.017910431608513
CZE,2010,66.056,66.14032367001286,0.5325075792604578,65.09660881466236,67.18403852536336,2.0874297107009943,0.2217431087055246
CZE,2011,66.375,66.4009029239502,0.532507578516717,65.35718807005743,67.44461777784296,2.087429707785531,0.4073876801147378
CZE,2012,66.749,66.68498544927672,0.5325075784210688,65.64127059557143,67.72870030298202,2.0874297074105894,0.5363863414568328
CZE,2013,66.458,66.91098374591157,0.5325075785476153,65.86726889195823,67.9546985998649,2.087429707906652,-0.07719428144208962
CZE,2014,67.714,67.54800127479692,0.5325075794598361,66.50428641905563,68.5917161305382,2.0874297114825575,1.225230053901214
CZE,2015,68.262,68.03439823682235,0.5325075852196138,66.99068336979191,69.0781131038528,2.087429734060886,1.0363815486557684
CZE,2016,68.384,68.31427851297448,0.5325076214737448,67.27056357488594,69.35799345106302,2.0874298761770795,0.5351057870487779
CZE,2017,68.526,68.53089631596453,0.5325078496524244,67.48718093064578,69.57461170128327,2.0874307706375035,0.355295284540702
CZE,2018,68.738,68.7519568391333,0.5325092857739543,67.70823863901634,69.79567503925026,2.087436400233901,0.35362210659324944
CZE,2019,68.655,68.98568123679425,0.5325183244268574,67.94194532091761,70.02941715267089,2.087471831753281,0.057955171241360404
CZE,2020,69.742,69.51945248888106,0.532575208883623,68.47560507946916,70.56329989829295,2.087694818823802,1.1101011606297675
CZE,2021,69.47,69.85129308013302,0.5329330920839983,68.80674421964838,70.89584194061766,2.0890977209692734,0.17049071614681566
CZE,2022,71.337,70.52910367687231,0.5351800641449204,69.48015075114827,71.57805660259635,2.097905851448088,1.93495827421836
CZE,2023,72.196,70.47386164320933,0.5491111758520032,69.3976037385394,71.55011954787926,2.1525158093398526,1.6302820262140614
CZE,2024,67.073,68.8560205281757,0.6297572402627865,67.62169633726064,70.09034471909077,2.468648381830123,-4.4731631320775165
DEU,2000,80.536,80.92859463999545,0.44733549891465413,80.05181706212274,81.80537221786817,1.753555155745444,0.0
DEU,2001,81.924,81.9259275643124,0.41535368578593923,81.11183434017197,82.74002078845284,1.6281864482808817,1.3880000000000052
DEU,2002,83.366,82.9277904088792,0.4133795095640915,82.11756657013359,83.73801424762482,1.6204476774912386,1.7666655416493597
DEU,2003,82.819,82.89982795125422,0.4132621478127517,82.08983414154123,83.70982176096722,1.6199876194259868,-0.11779826330896981
DEU,2004,82.837,83.06181722223705,0.4132551873979966,82.25183705493698,83.87179738953712,1.6199603346001468,-0.010681404450750165
DEU,2005,83.532,83.75214377409962,0.41325477465262656,82.94216441578047,84.56212313241878,1.619958716638296,0.6923989637440826
DEU,2006,85.409,84.95982465430525,0.41325475017745994,84.14984534395742,85.76980396465308,1.619958620695643,2.0456078561942093
DEU,2007,85.28,85.11190988920767,0.41325474872612084,84.30193058170447,85.92188919671086,1.6199586150063936,0.3691314691810277
DEU,2008,84.762,84.86897079636904,0.41325474864005873,84.05899148903453,85.67895010370356,1.6199586146690301,-0.4281118010000995
DEU,2009,84.732,84.87742107274684,0.41325474863495537,84.06744176542233,85.68740038007135,1.619958614649025,-0.13425065874172049
DEU,2010,85.289,85.22762174259168,0.41325474863465284,84.41764243526777,86.0376010499156,1.619958614647839,0.524308260181158
DEU,2011,85.451,85.43357891853701,0.41325474863463485,84.62359961121312,86.2435582258609,1.6199586146477687,0.28967571785091195
DEU,2012,85.602,85.59859525054452,0.41325474863463385,84.78861594322063,86.4085745578684,1.6199586146477647,0.2215397149528684
DEU,2013,85.758,85.7556101667731,0.41325474863463535,84.94563085944921,86.56558947409698,1.6199586146477705,0.20994773320818183
DEU,2014,86.033,85.90700879624083,0.4132547486346608,85.0970294889169,86.71698810356476,1.6199586146478702,0.3261249384842415
DEU,2015,85.738,85.76231867705079,0.4132547486350899,84.952339369726,86.57229798437557,1.6199586146495524,-0.21558443707202457
DEU,2016,86.011,85.67477926713363,0.41325474864232603,84.86479995979467,86.4847585744726,1.619958614677918,0.22050245256262713
DEU,2017,84.539,84.79709599719357,0.41325474876435525,83.98711668961543,85.6070753047717,1.6199586151562726,-1.4183048533526659
DEU,2018,84.335,84.52595761739282,0.413254750822238,83.71597830578123,85.3359369290044,1.6199586232231729,-0.5493752382629822
DEU,2019,84.743,84.70358391554997,0.41325478552606726,83.89360453591888,85.51356329518106,1.6199587592621836,0.2742201547415277
DEU,2020,84.7,84.78857946827743,0.41325537076586927,83.97859894157632,85.59855999497854,1.6199610534022075,0.023776089115472132
DEU,2021,84.353,85.0817433941651,0.41326524003845866,84.27174352368972,85.89174326464048,1.6199997409507578,-0.341210220444637
DEU,2022,87.693,87.08750878136924,0.4134316385041607,86.27718276990109,87.89783479283739,1.62065202293631,3.2569109793954
DEU,2023,88.022,87.67032453480093,0.4162277376876996,86.85451816893304,88.48613090066881,1.6316127317357825,1.122099172474094
DEU,2024,87.323,87.42667665174353,0.46083235628166497,86.52344523343147,88.3299080700556,1.8064628366241267,-0.4257546055900434
DJI,2000,30.303,30.135091821000692,0.6610354679634495,28.83946230379233,31.430721338209054,2.591259034416722,0.0
DJI,2001,29.163,29.33115220061436,0.6325789760753993,28.091297407506577,30.57100699372214,2.479709586215565,-1.1400000000000006
DJI,2002,29.791,29.28030645350782,0.6318501920097747,28.04188007716866,30.51873282984698,2.4768527526783166,0.4502648794893034
DJI,2003,26.42,26.94224603075848,0.6318319378146326,25.7038554326418,28.18063662887516,2.47678119623336,-3.2997863881590206
DJI,2004,26.826,26.943139749982574,0.6318314808566394,25.704750047503563,28.181529452461586,2.4767794049580263,-0.11607805161743201
DJI,2005,27.762,27.468660727768214,0.6318314694177569,26.23027104770941,28.707050407827015,2.476779360117607,0.9176344647603614
DJI,2006,26.099,26.680419483572877,0.6318314691314114,25.44202980407531,27.918809163070442,2.476779358995133,-1.5178144836587784
DJI,2007,28.802,28.496149220931535,0.6318314691242434,27.257759541448017,29.734538900415053,2.476779358967034,2.4628557059334497
DJI,2008,28.912,28.942082149132975,0.631831469124064,27.70369246964981,30.18047182861614,2.4767793589663305,0.4996660305587213
DJI,2009,30.017,29.522742319228144,0.6318314691240593,28.284352639744988,30.7611319987113,2.4767793589663123,1.1840557393453714
DJI,2010,27.735,27.889798207899588,0.6318314691240591,26.651408528416432,29.128187887382744,2.4767793589663114,-2.0946620659094712
DJI,2011,26.585,26.95014018820675,0.6318314691240591,25.711750508723593,28.188529867689905,2.4767793589663114,-1.4814114792114665
DJI,2012,27.471,27.64581514436585,0.6318314691240591,26.407425464882696,28.884204823849007,2.4767793589663114,0.6516152858083295
DJI,2013,28.835,29.124424928005315,0.6318314691240591,27.88603524852216,30.36281460748847,2.4767793589663114,1.4670967186837274
DJI,2014,32.288,31.89926597866894,0.6318314691240591,30.660876299185784,33.1376556581521,2.4767793589663114,3.685119873462334
DJI,2015,33.359,32.93310567026478,0.6318314691240593,31.694715990781624,34.171495349747936,2.4767793589663123,1.65404919357265
DJI,2016,32.271,32.059516204131164,0.6318314691240667,30.821126524647994,33.297905883614334,2.4767793589663416,-0.8263010372642441
DJI,2017,29.764,30.23876606817058,0.6318314691243669,29.00037638868682,31.47715574765434,2.4767793589675184,-2.6377350018365924
DJI,2018,30.534,30.54432421645538,0.631831469136358,29.30593453694812,31.78271389596264,2.4767793590145235,0.3526650642346105
DJI,2019,30.322,30.896120856597882,0.6318314696153747,29.65773117615175,32.134510537044015,2.476779360892269,-0.15620233578180986
DJI,2020,34.545,33.819200525129695,0.6318314887510383,32.58081080717766,35.05759024308173,2.4767794359040702,4.1982861103467535
DJI,2021,33.658,33.49168260553899,0.6318322531781827,32.25329138930975,34.73007382176823,2.476782432458476,-0.22275910280360023
DJI,2022,32.268,32.419288256553834,0.6318627896026683,31.180837188932603,33.65773932417506,2.47690213524246,-1.425244312182599
DJI,2023,32.352,32.02446017606592,0.633081447833965,30.78362053831135,33.26529981382049,2.481679275509143,-0.14149810464682133
DJI,2024,29.747,30.162697772038534,0.6799801733295177,28.82993663231268,31.495458911764388,2.665522279451709,-2.6273874279912803
DMA,2007,26.033,27.729251518803345,1.5501178714129866,24.691020490833893,30.767482546772797,6.076462055938907,0.0
DMA,2009,45.321,43.89865164195093,1.5191664934329723,40.9210853148223,46.876217969079555,5.955132654257251,19.287999999999997
DMA,2010,47.549,47.18560417416347,1.518906462932239,44.20854750681629,50.16266084151066,5.954113334694377,3.9802900370871512
DMA,2011,47.212,47.1812197743148,1.5189043003772984,44.20416734557529,50.1582722030543,5.95410485747901,0.025955887656010646
DMA,2012,46.837,46.89805370893186,1.5189042823938559,43.9210013154399,49.87510610242382,5.9541047869839145,-0.372633053397351
DMA,2013,47.198,47.16786132337638,1.5189042822443084,44.19080893017753,50.144913716575225,5.954104786397689,0.32701916379870255
DMA,2014,47.077,47.16469788971811,1.518904282243065,44.187645496521704,50.14175028291452,5.954104786392815,-0.09117874672627124
DMA,2015,48.03,47.955828949202726,1.5189042822430552,44.97877655600634,50.932881342399114,5.954104786392776,0.9446853053265514
DMA,2016,48.284,48.075180363951695,1.518904282243055,45.09812797075531,51.05223275714808,5.954104786392775,0.3401469383854163
DMA,2017,46.029,46.303217318268324,1.5189042822430552,43.326164925071936,49.28026971146471,5.954104786392776,-2.2239816098780594
DMA,2018,47.155,47.01488650735182,1.5189042822430778,44.03783411415539,49.99193890054825,5.954104786392865,0.9231925617597625
DMA,2019,46.408,46.45752429803804,1.5189042822458092,43.48047190483625,49.434576691239826,5.954104786403572,-0.6628130095944442
DMA,2020,46.327,46.348711960731634,1.518904282574243,43.371659566886116,49.32576435457715,5.9541047876910325,-0.14144267988147874
DMA,2021,46.233,46.43654849262724,1.5189043220692868,43.459496021371436,49.41360096388304,5.954104942511604,-0.10689832048844039
DMA,2022,48.542,48.36795785507814,1.5189090714451516,45.39089607504564,51.34501963511064,5.954123560064994,2.2992518193342306
DMA,2023,49.645,48.72303832602935,1.5194800882116781,45.744857353134456,51.70121929892424,5.956361945789778,1.3126714151219687
DMA,2024,39.845,40.72775731305495,1.5866488592476002,37.617925548929655,43.83758907718025,6.219663528250593,-9.68029598546606
DNK,2000,72.355,72.4110328972572,0.41396057765144084,71.59967016506037,73.22239562945403,1.6227254643936482,0.0
DNK,2001,72.599,72.68792363429148,0.3966719246072579,71.91044666206125,73.46540060652171,1.554953944460451,0.24399999999999977
DNK,2002,73.404,73.37611465563882,0.39624979902246293,72.5994650495548,74.15276426172284,1.5532992121680547,0.8421876303543172
DNK,2003,74.017,73.93532702968608,0.39623971194655666,73.15869719427083,74.71195686510133,1.553259670830502,0.7431095461594595
DNK,2004,74.152,74.11677576217218,0.39623947103492513,73.34014639894373,74.89340512540063,1.5532587264569064,0.24983990729020888
DNK,2005,74.124,74.13530111496603,0.3962394652812581,73.35867176301475,74.9119304669173,1.5532587039025316,0.01061047446641794
DNK,2006,74.1,74.20609774339565,0.39623946514384395,73.42946839171371,74.98272709507758,1.5532587033638683,-0.022360247836090252
DNK,2007,74.677,74.76763041035198,0.396239465140562,73.99100105867649,75.54425976202748,1.553258703351003,0.5735444273909422
DNK,2008,75.83,75.74835774745623,0.39623946514048375,74.97172839578087,76.52498709913158,1.5532587033506962,1.2416360664744133
DNK,2009,76.579,76.35146352252283,0.3962394651404818,75.5748341708475,77.12809287419817,1.5532587033506886,0.9408835432260787
DNK,2010,75.737,75.90214022602026,0.3962394651404818,75.12551087434493,76.6787695776956,1.5532587033506886,-0.6965950194971526
DNK,2011,76.275,76.21664335715795,0.3962394651404818,75.44001400548261,76.99327270883329,1.5532587033506886,0.430347585460936
DNK,2012,76.285,76.26122832780055,0.3962394651404818,75.48459897612521,77.03785767947589,1.5532587033506886,0.07650629902488504
DNK,2013,76.126,76.19586170219844,0.3962394651404818,75.4192323505231,76.97249105387378,1.5532587033506886,-0.1471766484299195
DNK,2014,76.454,76.45362782084092,0.3962394651404818,75.67699846916558,77.23025717251626,1.5532587033506886,0.3052551897102376
DNK,2015,76.809,76.70967249169102,0.39623946514048186,75.93304314001568,77.48630184336636,1.5532587033506888,0.40217440880731203
DNK,2016,76.831,76.50629562929971,0.396239465140485,75.72966627762436,77.28292498097507,1.5532587033507013,0.08415239122034279
DNK,2017,74.406,74.80105707343611,0.39623946514061753,74.0244277217605,75.57768642511172,1.5532587033512206,-2.411995014534199
DNK,2018,74.907,74.92308399000628,0.3962394651461637,74.1464546383198,75.69971334169276,1.5532587033729617,0.12824814289047026
DNK,2019,75.009,75.11950451087723,0.3962394653783877,74.3428751587356,75.89613386301887,1.55325870428328,0.12181958219035494
DNK,2020,75.886,75.82704378104155,0.3962394751018368,75.05041440984195,76.60367315224116,1.5532587423992004,0.8958261066959636
DNK,2021,76.096,76.26189165917225,0.3962398822320159,75.4852614899975,77.038521828347,1.5532603383495023,0.3484417641437858
DNK,2022,77.889,77.46404158390007,0.3962569287982901,76.68737800345542,78.24070516434472,1.5533271608892971,1.8468485004722055
DNK,2023,77.184,76.70062275116801,0.3969700283272856,75.92256149564653,77.47868400668949,1.5561225110429595,-0.419586388362049
DNK,2024,73.053,73.7014293523249,0.4257575795312064,72.86694449644374,74.53591420820605,1.668969711762329,-4.195843254043808
DOM,2000,38.857,38.75384191654023,0.509900603828359,37.75443673303665,39.753247100043815,1.9988103670071673,0.0
DOM,2001,38.27,38.325433017095634,0.4848896493666597,37.37504930433698,39.275816729854284,1.900767425517306,-0.5869999999999962
DOM,2002,38.126,38.11175626431898,0.4840988555855052,37.162922507371384,39.06059002126657,1.8976675138951804,-0.24509377231487406
DOM,2003,37.532,37.842903226728495,0.4840744803491166,36.894117245244225,38.791689208212766,1.897571962968537,-0.6369875813010566
DOM,2004,39.039,38.77840313219036,0.4840737296253061,37.82961862212476,39.72718764225596,1.8975690201311999,1.3952150514441115
DOM,2005,38.664,38.70442298818707,0.48407370650462517,37.755638523438,39.65320745293614,1.8975689294981306,-0.1301495209374508
DOM,2006,38.665,38.78703029842907,0.4840737057925584,37.83824583507566,39.735814761782486,1.8975689267068288,-0.021840342304386695
DOM,2007,39.409,39.342349167830776,0.48407370577062825,38.393564704520344,40.29113363114121,1.8975689266208626,0.7401671706604134
DOM,2008,39.615,39.63948118364289,0.4840737057699528,38.69069672033378,40.588265646952,1.897568926618215,0.3358942301264136
DOM,2009,40.076,40.031446520678394,0.4840737057699321,39.082662057369326,40.98023098398746,1.8975689266181337,0.5199471191864902
DOM,2010,40.353,40.25082402545234,0.4840737057699315,39.30203956214327,41.199608488761406,1.8975689266181313,0.3682471309609525
DOM,2011,40.107,40.07440011976625,0.4840737057699313,39.125615656457185,41.02318458307532,1.8975689266181306,-0.18137517000313608
DOM,2012,39.711,39.771693312111566,0.4840737057699314,38.8229088488025,40.72047777542063,1.897568926618131,-0.427830090560434
DOM,2013,39.538,39.70409557628708,0.4840737057699313,38.75531111297801,40.65288003959615,1.8975689266181306,-0.24808122819005973
DOM,2014,40.581,40.27990607470394,0.4840737057699315,39.33112161139487,41.228690538013005,1.8975689266181313,0.9994634566049214
DOM,2015,39.423,39.68936214547068,0.4840737057699324,38.740577682161614,40.63814660877975,1.897568926618135,-0.9826010612421499
DOM,2016,39.892,40.13063135369154,0.48407370576996583,39.18184689038241,41.07941581700067,1.897568926618266,0.29656029525115457
DOM,2017,41.941,41.496292296752586,0.48407370577104764,40.54750783344133,42.44507676006384,1.8975689266225066,2.1010442850821818
DOM,2018,40.993,41.13927883453389,0.4840737058061776,40.19049437115378,42.088063297914,1.897568926760216,-0.579281228491844
DOM,2019,41.328,41.348909040606884,0.4840737069468378,40.40012457499108,42.297693506222686,1.8975689312316042,0.23334014235502565
DOM,2020,41.433,41.639535075691626,0.4840737439838748,40.69075053748323,42.58831961390002,1.8975690764167892,0.14594958456780915
DOM,2021,42.615,42.730220759143904,0.4840749465683544,41.78143386386993,43.67900765441788,1.8975737905479493,1.2076131448090166
DOM,2022,44.657,44.26723973362008,0.48411399264987687,43.31837630802632,45.21610315921384,1.8977268511875174,2.2539277724760822
DOM,2023,45.254,44.294435446244336,0.4853801052201344,43.34309044001287,45.2457804524758,1.902690012462927,0.9925487684082768
DOM,2024,39.652,40.60454399150534,0.5248334838531702,39.57587036315312,41.633217619857554,2.057347256704427,-5.427814541298389
DZA,2000,42.042,41.95707072915978,0.4214841276950453,41.13096183887749,42.78317961944207,1.6522177805645775,0.0
DZA,2001,40.866,41.22801796456965,0.4118885781991435,40.42071635129933,42.03531957783997,1.6146032265406425,-1.176000000000002
DZA,2002,43.704,43.444211207363296,0.411792188761661,42.63709851739044,44.25132389733615,1.6142253799457111,2.7213723993492565
DZA,2003,43.565,43.546857667510714,0.41179123165569276,42.739746853465554,44.353968481555874,1.6142216280903157,0.13214858267566143
DZA,2004,43.879,43.501904733268404,0.41179122215315095,42.694793937848225,44.30901552868858,1.6142215908403517,0.3271674577240731
DZA,2005,39.933,40.38904236512596,0.4117912220588059,39.5819315698907,41.19615316036122,1.6142215904705193,-3.913400591390257
DZA,2006,41.046,40.98637420428417,0.4117912220578694,40.17926340905074,41.793484999517595,1.614221590466848,0.7230634629108295
DZA,2007,41.067,41.098612335515824,0.4117912220578602,40.29150154028242,41.90572313074923,1.6142215904668118,0.09304702310727464
DZA,2008,41.457,41.4680368886222,0.41179122205785984,40.660926093388795,42.27514768385561,1.6142215904668105,0.399271331449782
DZA,2009,41.978,41.92725353861282,0.41179122205786006,41.12014274337941,42.73436433384622,1.6142215904668114,0.560783936429651
DZA,2010,42.148,41.97361550343018,0.41179122205786006,41.166504708196776,42.78072629866359,1.6142215904668114,0.225877271219737
DZA,2011,40.418,40.60124886210656,0.41179122205786006,39.79413806687315,41.408359657339965,1.6142215904668114,-1.7074932826594988
DZA,2012,40.684,40.719728069050575,0.41179122205786006,39.91261727381717,41.52683886428398,1.6142215904668114,0.09586305587050958
DZA,2013,41.025,41.12887780348581,0.41179122205786006,40.3217670082524,41.93598859871921,1.6142215904668114,0.35055192476969665
DZA,2014,42.52,42.383139427150255,0.41179122205786006,41.57602863191685,43.19025022238366,1.6142215904668114,1.5299294687391907
DZA,2015,42.569,42.52395339019061,0.41179122205786006,41.71684259495721,43.33106418542402,1.6142215904668114,0.20144424513313908
DZA,2016,42.239,42.29828457980011,0.41179122205786006,41.491173784566705,43.10539537503352,1.6142215904668114,-0.3099278224825355
DZA,2017,42.657,42.55493346920461,0.41179122205786023,41.74782267397121,43.36204426443802,1.614221590466812,0.38711837185341125
DZA,2018,41.876,41.981206322795614,0.4117912220578797,41.17409552756217,42.788317118029056,1.6142215904668884,-0.7424270009303129
DZA,2019,42.148,42.26339941375293,0.4117912220598392,41.45628861851564,43.070510208990214,1.6142215904745696,0.1980235677292086
DZA,2020,43.555,43.48444000918217,0.41179122225720427,42.67732921355805,44.29155080480629,1.6142215912482407,1.4267313365863359
DZA,2021,44.365,44.131430276793346,0.41179124213604484,43.3243194422067,44.93854111137999,1.6142216691732958,0.9521614434245436
DZA,2022,42.692,42.87818253953675,0.4117932443511642,42.07106778060847,43.68529729846503,1.6142295178565638,-1.5781253437144684
DZA,2023,42.779,43.13964797919958,0.41199485994954177,42.33213805369848,43.94715790470068,1.6150198510022038,-0.07024654741520919
DZA,2024,46.728,46.33521372537969,0.43181986458001315,45.48884679080286,47.181580659956516,1.6927338691536515,3.942000538840034
ECU,2000,41.754,41.37573083003863,0.7975983558912364,39.81243805249181,42.93902360758545,3.1265855550936466,0.0
ECU,2001,40.656,40.97874155124811,0.7118314218066674,39.583551964507045,42.37393113798918,2.790379173482136,-1.097999999999999
ECU,2002,41.617,40.892149541436254,0.6979620174523141,39.52414398722972,42.26015509564279,2.7360111084130714,0.5795052086200272
ECU,2003,39.887,40.10843129582979,0.6958432089718289,38.74457860624501,41.47228398541457,2.7277053791695693,-1.5083331151260921
ECU,2004,39.343,39.53767499833992,0.6955226315362196,38.174450640528924,40.90089935615091,2.7264487156219808,-1.1287972314092514
ECU,2005,38.486,39.15414773160065,0.6954741999556335,37.79101829968761,40.5172771635137,2.726258863826083,-1.2955311989557643
ECU,2006,39.444,39.41321275073564,0.6954668847499086,38.050097656625816,40.77632784484546,2.726230188219642,0.45454041367051445
ECU,2007,39.7,39.64266807736569,0.6954657798837568,38.27955514879353,41.005781005937855,2.7262258571443265,0.4326481934055266
ECU,2008,40.546,39.81698432400382,0.6954656130090404,38.4538717225061,41.18009692550154,2.7262252029954386,1.0141413795516527
ECU,2009,39.036,39.290168429469716,0.6954655878050006,37.92705587737191,40.65328098156752,2.7262251041956023,-1.1158707467724298
ECU,2010,38.752,39.00779948037197,0.6954655839986433,37.64468693573463,40.37091202500931,2.7262250892746818,-0.7176647558482117
ECU,2011,38.651,38.97144614285743,0.6954655834261325,37.60833359934221,40.33455868637265,2.726225087030439,-0.37990857383678645
ECU,2012,38.875,39.24328246116202,0.6954655833554613,37.88016991778532,40.60639500453872,2.726225086753408,0.07635479653077226
ECU,2013,39.439,39.86931510068818,0.6954655834493891,38.50620255712738,41.232427644248986,2.7262250871216054,0.5936740327861898
ECU,2014,41.212,40.90920406437634,0.695465584156137,39.54609151943031,42.27231660932237,2.7262250898920573,2.003721624771252
ECU,2015,41.617,41.65787849088467,0.6954655888482876,40.294765936742024,43.020991045027316,2.7262251082852873,1.1837133735538643
ECU,2016,41.49,42.44586787972587,0.6954656199166591,41.08275526468921,43.80898049476252,2.726225230073304,0.3330306864222905
ECU,2017,45.152,44.15316492580527,0.69546582561867,42.79005190759268,45.516277944017865,2.7262260364251865,3.791426885509125
ECU,2018,45.251,44.89983053787453,0.6954671875573859,43.53671485026205,46.262946225487006,2.7262313752249527,1.5724755487510436
ECU,2019,44.67,45.30875828640897,0.6954762048015468,43.94562492499794,46.67189164782,2.7262667228220634,0.030116696183483782
ECU,2020,46.341,46.33201296890054,0.6955359044643611,44.9687625961504,47.69526334165069,2.7265007455002954,1.6827043574294223
ECU,2021,47.775,47.34662435802407,0.6959310430110129,45.98259951372249,48.710649202325655,2.728049688603171,2.087955305303524
ECU,2022,48.603,47.94924470089994,0.6985415917186111,46.58010318113146,49.318386220668415,2.7382830395369555,1.6394494047105113
ECU,2023,48.654,47.92311470581582,0.7155856423011603,46.520566846905545,49.325662564726095,2.8050957178205485,0.6881449810856708
ECU,2024,46.436,47.19405446089529,0.8195386950546824,45.58775861858811,48.800350303202464,3.2125916846143547,-1.9505637987373916
EGY,2000,40.399,40.278541856800004,0.5104963360686541,39.27796903810544,41.27911467549457,2.001145637389124,0.0
EGY,2001,39.372,39.78328019128986,0.4852339534690624,38.8322216424905,40.73433874008922,1.9021170975987245,-1.027000000000001
EGY,2002,40.962,40.8649997518039,0.4844234815284497,39.91552972800814,41.81446977559966,1.8989400475915228,1.411915093332098
EGY,2003,41.689,41.57478899920172,0.4843981388342888,40.62536864708652,42.52420935131693,1.898840704230412,0.9764144098953409
EGY,2004,41.928,41.84665634353038,0.4843973470538158,40.8972375433049,42.79607514375586,1.898837600450958,0.41158231571180437
EGY,2005,41.921,41.806625809416474,0.48439732231690624,40.85720705767534,42.75604456115761,1.8988375034822724,0.06574892829531365
EGY,2006,41.295,41.328047649835206,0.484397321544073,40.37862889960882,42.27746640006159,1.8988375004527662,-0.6143785902236658
EGY,2007,40.675,40.97618486448798,0.48439732151992804,40.02676611430893,41.92560361466704,1.898837500358118,-0.7285940967371474
EGY,2008,41.922,41.77916222685273,0.48439732151917375,40.829743476675155,42.72858097703031,1.898837500355161,1.1182178140230903
EGY,2009,42.049,42.03445338552772,0.48439732151915016,41.08503463535018,42.983872135705255,1.8988375003550686,0.3246498782183096
EGY,2010,42.107,42.23396812119275,0.4843973215191495,41.28454937101522,43.18338687137029,1.898837500355066,0.11538328265636721
EGY,2011,42.947,42.92031968407423,0.4843973215191495,41.970900933896694,43.869738434251765,1.898837500355066,0.8603944987098942
EGY,2012,44.014,43.50437028957825,0.4843973215191495,42.55495153940071,44.45378903975578,1.898837500355066,1.2190784821679586
EGY,2013,42.067,42.13433581493595,0.4843973215191495,41.184917064758416,43.08375456511349,1.898837500355066,-1.7315225585592273
EGY,2014,40.563,41.02248862536566,0.48439732151914955,40.073069875188125,41.971907375543196,1.8988375003550662,-1.8100541681055802
EGY,2015,41.595,41.672469384524845,0.4843973215191507,40.72305063434731,42.62188813470238,1.8988375003550708,0.7120650272171147
EGY,2016,42.619,42.61949281088416,0.48439732151918835,41.670074060706554,43.56891156106177,1.8988375003552183,1.1498606008132768
EGY,2017,43.686,43.56840583350597,0.4843973215203932,42.618987083326,44.51782458368594,1.8988375003599414,1.2702428788638542
EGY,2018,44.112,44.06642480195644,0.4843973215589587,43.117006051700876,45.015843552212,1.898837500511118,0.6505209718238945
EGY,2019,44.165,44.38969372601106,0.4843973227933663,43.44027497333606,45.33911247868606,1.8988375053499957,0.1679824204614775
EGY,2020,45.72,45.57451104220583,0.48439736230438923,44.62509221208922,46.523929872322434,1.8988376602332058,1.5846916258448758
EGY,2021,46.967,46.20147665560965,0.4843986269749238,45.2520553467388,47.15089796448051,1.8988426177417013,1.5271011600191855
EGY,2022,43.367,43.89317826225275,0.484439104914618,42.9436776166201,44.84267890788541,1.8990012912653025,-3.330078206124192
EGY,2023,42.939,43.60241744713967,0.48573294438547626,42.65038087614414,44.5544540181352,1.9040731419910668,-1.0166058544625045
EGY,2024,46.443,45.855413616468354,0.5254660257639284,44.82550020597105,46.885327026965655,2.0598268209945996,3.3243104790400864
ERI,2000,18.189,18.082674840092988,0.5964476865090044,16.91363737453534,19.251712305650635,2.338074931115297,0.0
ERI,2001,17.243,17.508035737494737,0.5736478334855414,16.383685983863074,18.6323854911264,2.2486995072633222,-0.9460000000000015
ERI,2002,18.368,18.27664928535854,0.5731625704783869,17.153250647220904,19.400047923496178,2.246797276275277,0.9899721035112066
ERI,2003,18.684,18.582279649431225,0.5731524434908778,17.458900860189104,19.705658438673346,2.246757578484241,0.45894678946477185
ERI,2004,18.22,18.372371498588908,0.573152232239458,17.248993123399572,19.495749873778244,2.246756750378675,-0.39771460596783115
ERI,2005,19.071,18.934711729301156,0.573152227832741,17.811333362748982,20.05809009585333,2.2467567331043448,0.7935580443737926
ERI,2006,18.838,18.806316504585418,0.5731522277408166,17.682938138213416,19.92969487095742,2.246756732744001,-0.11838632969552165
ERI,2007,18.695,18.517343164654616,0.5731522277388991,17.393964798286373,19.64072153102286,2.2467567327364844,-0.16009854986158345
ERI,2008,17.461,17.327970440074317,0.573152227738859,16.204592073706152,18.451348806442482,2.246756732736327,-1.2571230501421944
ERI,2009,15.179,15.464378039879435,0.5731522277388582,14.340999673511273,16.587756406247596,2.246756732736324,-2.463566412366033
ERI,2010,14.968,15.047137033935037,0.5731522277388583,13.923758667566876,16.1705154003032,2.2467567327363245,-0.5668131521557704
ERI,2011,15.216,15.030977903166264,0.5731522277388581,13.907599536798102,16.154356269534425,2.2467567327363236,0.16613511771407907
ERI,2012,13.765,14.077090810443313,0.5731522277388583,12.953712444075151,15.200469176811474,2.2467567327363245,-1.4270050877374771
ERI,2013,14.944,14.70494062714812,0.5731522277388581,13.58156226077996,15.828318993516282,2.2467567327363236,0.9728975073448307
ERI,2014,13.987,14.12119106017561,0.5731522277388583,12.997812693807447,15.244569426543773,2.2467567327363245,-0.8164843122250609
ERI,2015,14.07,14.217547877923323,0.5731522277388582,13.094169511555162,15.340926244291484,2.246756732736324,-0.03492491379987506
ERI,2016,14.513,15.061706029800526,0.5731522277388598,13.93832766343236,16.18508439616869,2.2467567327363303,0.43795579108177307
ERI,2017,19.259,18.686813029637182,0.5731522277389293,17.563434663268882,19.810191396005482,2.2467567327366025,4.809254000276786
ERI,2018,19.737,19.41196520917352,0.5731522277422686,18.288586842798672,20.535343575548367,2.246756732749693,1.1726010534835858
ERI,2019,18.299,18.489777869907332,0.573152227902342,17.36639950321874,19.613156236595923,2.2467567333771807,-1.2686411083675786
ERI,2020,18.689,18.5344898696694,0.5731522355760323,17.411111487940378,19.657868251398423,2.2467567634580465,0.20677003329123522
ERI,2021,17.911,17.796114486380194,0.5731526034412034,16.672735383635434,18.919493589124954,2.2467582054895177,-0.7481361826710184
ERI,2022,16.017,16.475476982034348,0.573170238073382,15.352063315410518,17.598890648658177,2.246827333247657,-2.0020533863677343
ERI,2023,16.941,17.478489967674662,0.5740149806106566,16.353420605677776,18.603559329671548,2.2501387239937736,0.6348432220004661
ERI,2024,21.941,21.205606617599493,0.6131470192833237,20.00383845980418,22.407374775394807,2.403536315590629,5.091690472321293
ESP,2000,75.103,75.41140971670958,0.4459491132724635,74.53734945469556,76.28546997872361,1.7481205240280568,0.0
ESP,2001,75.867,76.15978304914881,0.4131150286311056,75.35007759303184,76.96948850526579,1.619410912233934,0.76400000000001
ESP,2002,77.996,77.56496452227029,0.4109681542189508,76.75946694000115,78.37046210453943,1.610995164538287,2.3123093766841976
ESP,2003,78.055,78.00319243876075,0.41083312179413095,77.19795952004425,78.80842535747725,1.6104658374329932,0.6365873574776799
ESP,2004,78.371,78.32519905053509,0.4108246506690122,77.51998273522382,79.13041536584636,1.6104326306225278,0.4754043181250438
ESP,2005,78.357,78.54445915240393,0.41082411932836427,77.73924387852034,79.34967442628752,1.6104305477671879,0.10506174125168855
ESP,2006,79.466,79.18425144594936,0.41082408600103393,78.37903623738733,79.98946665451139,1.6104304171240529,1.1353122451136244
ESP,2007,79.202,79.1919895804036,0.4108240839106419,78.38677437593874,79.99720478486846,1.6104304089297161,0.02033406734541643
ESP,2008,79.029,79.17727106956477,0.4108240837795263,78.3720558653569,79.98248627377264,1.610430408415743,-0.16790742012246085
ESP,2009,79.658,79.49517306322896,0.4108240837713023,78.68995785903721,80.30038826742071,1.610430408383505,0.58694830731487
ESP,2010,79.478,79.44780098141477,0.41082408377078633,78.64258577722403,80.25301618560552,1.6104304083814824,-0.03300131568357756
ESP,2011,79.251,79.33268262362915,0.4108240837707541,78.52746741943848,80.13789782781983,1.6104304083813559,-0.23526503786752073
ESP,2012,79.416,79.4008051068276,0.41082408377075214,78.59558990263693,80.20602031101828,1.6104304083813483,0.1060788810504647
ESP,2013,79.48,79.43484047480048,0.4108240837707549,78.62962527060981,80.24005567899115,1.6104304083813592,0.0905670004564314
ESP,2014,79.384,79.36756825728769,0.4108240837708004,78.56235305309691,80.17278346147846,1.6104304083815375,-0.07331788345959467
ESP,2015,79.295,79.26343426649115,0.4108240837715249,78.45821906229895,80.06864947068334,1.6104304083843777,-0.10736214922373222
ESP,2016,79.257,79.08848801113388,0.41082408378307606,78.28327280691904,79.89370321534871,1.6104304084296581,-0.06488838946248165
ESP,2017,78.322,78.53551424902169,0.410824083967237,77.7302990444459,79.34072945359748,1.610430409151569,-0.9512510186325045
ESP,2018,78.431,78.46152278221932,0.4108240869033351,77.65630757188879,79.26673799254985,1.6104304206610736,-0.12923673473859765
ESP,2019,78.176,78.456003899114,0.4108241337138407,77.65078859703486,79.26121920119313,1.6104306041582555,-0.2873667855164683
ESP,2020,78.625,79.07862534344737,0.41082488001776746,78.27340857861255,79.8838421082822,1.6104335296696484,0.37703022197842984
ESP,2021,80.857,80.71887680175257,0.41083677823398934,79.91363671641395,81.5241168870912,1.6104801706772383,2.3264256008377657
ESP,2022,82.398,82.0492727500147,0.41102642618510304,81.24366095469189,82.8548845453375,1.6112235906456038,2.123643306445686
ESP,2023,83.057,82.59735941727861,0.41403827037657187,81.78584440734053,83.40887442721669,1.6230300198761618,1.1908573511799432
ESP,2024,81.899,82.11432192145654,0.45939716993297175,81.21390346838791,83.01474037452516,1.8008369061372491,-0.8597548876926169
EST,2000,58.528,58.76165707237952,0.8193582742138199,57.15571485492043,60.36759928983861,3.211884434918174,0.0
EST,2001,59.221,59.19846180565272,0.7493058677099743,57.72982230494117,60.667101306364266,2.937279001423099,0.6929999999999978
EST,2002,59.477,59.59644477442878,0.7430508098516448,58.14006518711956,61.052824361738004,2.9127591746184476,0.44618153873712174
EST,2003,60.04,60.20016990834183,0.7425170297113226,58.744836530107634,61.65550328657602,2.9106667564683844,0.6924009136532092
EST,2004,61.286,61.0797857531682,0.7424716687042238,59.62454128250793,62.53503022382848,2.910488941320557,1.4477209366574613
EST,2005,61.279,61.60420007638625,0.7424678152694022,60.14896315845822,63.059436994314275,2.9104738358560565,0.4149343233942915
EST,2006,62.409,62.68876755940878,0.7424674879285743,61.23353128306878,64.14400383574879,2.910472552680011,1.2509354194745868
EST,2007,64.571,64.25523124662374,0.7424674601217613,62.79999502478508,65.71046746846238,2.9104724436773046,2.5265946116449527
EST,2008,65.867,65.27778711273118,0.7424674577596402,63.822550895522284,66.73302332994007,2.9104724344177892,2.032395327453969
EST,2009,65.152,65.28543097676037,0.7424674575589839,63.83019475994476,66.74066719357597,2.910472433631217,-0.12264282260535708
EST,2010,65.542,65.52290806862482,0.7424674575419388,64.06767185184262,66.97814428540701,2.9104724335644,0.35425481038646467
EST,2011,65.889,65.72749954187128,0.7424674575404919,64.27226332509191,67.18273575865065,2.9104724335587284,0.4502502767107899
EST,2012,65.54,65.65390844844694,0.7424674575403829,64.19867223166779,67.1091446652261,2.9104724335583008,-0.21777110967283875
EST,2013,65.673,65.77652326627275,0.742467457540537,64.3212870494933,67.2317594830522,2.910472433558905,0.06952894279936572
EST,2014,66.03,66.07745564589113,0.7424674575424733,64.62221942910789,67.53269186267438,2.9104724335664955,0.377264742702323
EST,2015,66.727,66.46012979596625,0.7424674575652781,65.00489357913831,67.9153660127942,2.9104724336558903,0.8069566976529359
EST,2016,66.306,66.383123278963,0.7424674578337361,64.92788706160887,67.83835949631712,2.910472434708246,-0.18580629229418832
EST,2017,66.331,66.43896066804263,0.7424674609940152,64.98372444449436,67.8941968915909,2.9104724470965393,-0.029154666448448552
EST,2018,66.699,66.68075898926809,0.7424674981967169,65.22552269280251,68.13599528573366,2.91047259293113,0.3595026492513398
EST,2019,66.542,66.89113739229106,0.7424679361455818,65.43590023744572,68.34637454713639,2.910474309690681,-0.052220200472447686
EST,2020,67.855,67.70290068941061,0.7424730916460794,66.2476534297843,69.15814794903693,2.9104945192526315,1.297780022767057
EST,2021,68.089,68.25267478167667,0.7425337793407782,66.79730857416875,69.7080409891846,2.9107324150158504,0.6122479236232721
EST,2022,70.106,69.08437668636918,0.7432478204104481,67.6276109583647,70.54114241437367,2.9135314560089567,2.1954443447968828
EST,2023,69.747,68.15634491073949,0.7516024947139159,66.68320402110021,69.62948580037877,2.9462817792785505,0.2808790629241713
EST,2024,62.359,64.48842917102947,0.8437572330973596,62.83466499415864,66.14219334790029,3.3075283537416498,-7.306135646660827
ETH,2000,31.363,31.435604678831616,0.5766059765785408,30.305456964737676,32.56575239292555,2.26029542818788,0.0
ETH,2001,31.532,31.632123965819762,0.5370883211108212,30.579430856442553,32.684817075196975,2.105386218754419,0.16900000000000048
ETH,2002,32.014,32.07958392916713,0.5348388385115262,31.031299805684537,33.12786805264972,2.096568246965183,0.5201295296592896
ETH,2003,32.535,32.69141688162602,0.534715318910808,31.643374856560836,33.739458906691205,2.0960840501303672,0.642506249694236
ETH,2004,34.187,33.69527743454866,0.5347085506118658,32.6472486753494,34.74330619374791,2.096057518398514,1.8023750397868668
ETH,2005,33.409,33.46673381585092,0.5347081797833031,32.41870578347565,34.51476184822619,2.096056064750548,-0.35612094541691874
ETH,2006,33.346,33.3828884487637,0.5347081594660924,32.33486045621016,34.430916441317244,2.0960559851070824,-0.14635712932174982
ETH,2007,33.476,33.391496593748386,0.5347081583529395,32.34346860337662,34.43952458412015,2.0960559807435226,0.09574221747728728
ETH,2008,32.962,33.18831386782801,0.5347081582919514,32.140285877575785,34.23634185808023,2.0960559805044494,-0.49158963888588403
ETH,2009,34.301,33.55234154550334,0.5347081582886098,32.50431355525766,34.60036953574902,2.0960559804913506,1.2239337144280142
ETH,2010,31.43,32.0400066820501,0.5347081582884268,30.991978691804782,33.088034672295414,2.096055980490633,-2.5845140874168138
ETH,2011,31.856,32.056531448995976,0.5347081582884168,31.008503458750678,33.10455943924127,2.096055980490594,-0.17895668040796409
ETH,2012,33.099,32.57564814815647,0.5347081582884163,31.527620157911173,33.62367613840176,2.096055980490592,1.2011116466559244
ETH,2013,31.224,31.783088201269212,0.5347081582884171,30.735060211023914,32.83111619151451,2.096055980490595,-1.593856044121356
ETH,2014,32.536,32.391770906151386,0.5347081582884314,31.34374291590606,33.43979889639671,2.096055980490651,0.9389264438547897
ETH,2015,32.682,32.63897226074224,0.5347081582886946,31.5909442704964,33.687000250988085,2.0960559804916827,0.3657743194309546
ETH,2016,32.63,32.77833320067168,0.5347081582934973,31.73030521041643,33.82636119092694,2.0960559805105095,0.03361671965295443
ETH,2017,32.914,33.2894616130371,0.5347081583811563,32.24143362261003,34.337489603464164,2.0960559808541324,0.29186865864901534
ETH,2018,34.965,34.74160939425234,0.5347081599811032,33.69358140068938,35.789637387815304,2.096055987125925,2.1193176368475335
ETH,2019,35.632,35.63387334306402,0.5347081891832531,34.58584529226484,36.68190139386319,2.0960561015983523,1.1630682429860428
ETH,2020,36.778,36.530832451238275,0.5347087221791323,35.482803355767174,37.578861546709376,2.0960581909421987,1.4182391442130324
ETH,2021,37.034,36.80831557928637,0.5347184502995522,35.76026741669925,37.856363741873494,2.0960963251742446,0.5879669445351823
ETH,2022,36.427,36.52016588692097,0.5348959763757956,35.47176977322441,37.56856200061753,2.0967922273931183,-0.469374698328231
ETH,2023,35.335,36.465517839103306,0.5381258839134928,35.41079110663286,37.520244571573755,2.109453464940892,-1.201866439014843
ETH,2024,40.353,39.244286434923524,0.5940003099184394,38.08004582748338,40.408527042363666,2.3284812148802825,4.736679370029286
FIN,2000,71.724,71.78079196573336,0.34515470888423594,71.10428873632026,72.45729519514646,1.353006458826205,0.0
FIN,2001,72.16,72.3072746587306,0.338014717955508,71.64476581153781,72.9697835059234,1.3250176943855914,0.43599999999999284
FIN,2002,74.354,74.13010199511399,0.3379517940428243,73.46771647879005,74.79248751143793,1.3247710326478714,2.234551631073515
FIN,2003,73.999,73.98212877558,0.33795124529688475,73.3197443347981,74.64451321636189,1.3247688815637881,-0.14634312475031663
FIN,2004,73.61,73.68565124720739,0.33795124051183445,73.02326681580419,74.34803567861059,1.324768862806391,-0.4026656282206176
FIN,2005,74.034,74.0550729979645,0.33795124047010905,73.39268856664309,74.71745742928591,1.3247688626428273,0.3863987772843558
FIN,2006,74.681,74.60998401256929,0.3379512404697451,73.94759958124858,75.27236844388999,1.324768862641401,0.6830822118938045
FIN,2007,74.502,74.5397963462871,0.337951240469742,73.87741191496642,75.2021807776078,1.3247688626413887,-0.11521326318828073
FIN,2008,74.814,74.80230061404964,0.3379512404697421,74.13991618272895,75.46468504537033,1.3247688626413892,0.30124129779952113
FIN,2009,75.03,74.9618242574578,0.3379512404697421,74.29943982613712,75.6242086887785,1.3247688626413892,0.24413014165058655
FIN,2010,74.441,74.52124969377992,0.3379512404697421,73.85886526245923,75.18363412510061,1.3247688626413892,-0.5662029415754972
FIN,2011,74.788,74.7870509693784,0.3379512404697421,74.12466653805771,75.44943540069909,1.3247688626413892,0.29412753840246353
FIN,2012,75.021,75.04449866416861,0.3379512404697421,74.38211423284793,75.7068830954893,1.3247688626413892,0.26046585338410466
FIN,2013,75.599,75.50878688185841,0.3379512404697421,74.84640245053772,76.1711713131791,1.3247688626413892,0.6023224996185945
FIN,2014,75.215,75.17899895994614,0.3379512404697421,74.51661452862545,75.84138339126683,1.3247688626413892,-0.3277546665833313
FIN,2015,74.52,74.53232179291591,0.3379512404697421,73.86993736159522,75.1947062242366,1.3247688626413892,-0.7256059802058274
FIN,2016,73.934,73.99410381622518,0.3379512404697421,73.33171938490449,74.65648824754587,1.3247688626413892,-0.6537576386597692
FIN,2017,73.982,73.98493313716281,0.3379512404697421,73.32254870584212,74.6473175684835,1.3247688626413892,-0.013048385845451094
FIN,2018,73.969,74.00158059057554,0.33795124046974906,73.33919615925484,74.66396502189625,1.3247688626414162,-0.014218468200823509
FIN,2019,74.304,74.30500972411579,0.3379512404705376,73.64262529279354,74.96739415543804,1.3247688626445073,0.33367226861834354
FIN,2020,74.61,74.61732667623993,0.33795124056097275,73.95494224474042,75.27971110773943,1.324768862999013,0.3371585703874871
FIN,2021,74.908,74.99413467916203,0.33795125093201167,74.33175022733529,75.65651913098877,1.3247689036534858,0.3294841238999737
FIN,2022,76.289,76.12911948523475,0.3379524402737931,75.46673270229812,76.79150626817139,1.324773565873269,1.4117674782462615
FIN,2023,76.299,75.85680007017272,0.3380888054513966,75.19414601148799,76.51945412885746,1.3253081173694745,0.1418319215553936
FIN,2024,71.219,71.69213749656433,0.3533782037120614,70.99951621728869,72.38475877583997,1.3852425585512806,-5.066755627222875
FJI,2000,34.0,33.840942253480286,1.1097306692551234,31.665870141740243,36.01601436522033,4.350144223480084,0.0
FJI,2001,33.477,33.64394283555901,0.9964764841030936,31.690848926716946,35.59703674440107,3.906187817684127,-0.5230000000000032
FJI,2002,33.484,33.636672161013585,0.980825182310295,31.714254803685407,35.559089518341764,3.8448347146563564,-0.16424559646984704
FJI,2003,33.77,33.802911761171416,0.9787762684483358,31.884510275012676,35.72131324733015,3.836802972317476,0.22753004719882597
FJI,2004,34.284,34.006555225163396,0.9785101315265241,32.08867536737141,35.924435082955384,3.835759715583974,0.5958306732935768
FJI,2005,34.494,33.894885676113034,0.9784755980816027,31.977073503873093,35.812697848352975,3.8356243444798825,0.4245713645887932
FJI,2006,32.258,33.10232911907023,0.9784711176833729,31.184525728410815,35.020132509729635,3.835606781318822,-2.0830766917085555
FJI,2007,33.227,33.26934355661622,0.978470536402818,31.351541305266696,35.18714580796574,3.8356045026990464,0.21869497622356704
FJI,2008,33.893,33.48448099243262,0.9784704609884683,31.566678888895225,35.40228309597002,3.835604207074796,0.7447721407634234
FJI,2009,33.524,33.235340954517525,0.9784704512043493,31.317538870157,35.15314303887805,3.835604168721049,-0.10073906976828795
FJI,2010,32.14,32.658143005161804,0.9784704499350323,30.74034092328914,34.57594508703447,3.8356041637453266,-1.4202854038079522
FJI,2011,33.233,32.66980902789065,0.9784704497707983,30.752006946339886,34.58761110944142,3.835604163101529,0.5814246018816434
FJI,2012,30.237,32.04141454690796,0.9784704497529196,30.123612465392235,33.95921662842368,3.835604163031445,-2.786575526842814
FJI,2013,32.711,33.463717859380125,0.9784704497770289,31.54591577781715,35.3815199409431,3.835604163125953,1.4702978694146616
FJI,2014,36.226,35.741476951661866,0.9784704499838657,33.82367486969349,37.65927903363024,3.8356041639367535,4.044589487143313
FJI,2015,37.858,37.4685807924618,0.978470451580853,35.55077870736333,39.38638287756027,3.8356041701969437,3.08882865816706
FJI,2016,37.866,38.7531138775582,0.9784704638905073,36.83531176833281,40.67091598678359,3.8356042184507886,1.1205712816320457
FJI,2017,41.855,41.0458423767124,0.9784705587712319,39.12804008152079,42.963644671904014,3.835604590383229,4.392620778274335
FJI,2018,43.491,42.41897190927853,0.9784712900951167,40.501168180692105,44.33677563786496,3.8356074571728573,3.2181867347955944
FJI,2019,42.006,42.57375300637494,0.9784769269945859,40.655938229465555,44.49156778328433,3.8356295538187766,-0.3258349778172587
FJI,2020,44.309,43.3737793102314,0.9785203741494329,41.45587937689851,45.29167924356429,3.835799866665777,2.185636857207278
FJI,2021,42.576,43.11093732354551,0.9788551925756763,41.19238114609718,45.02949350099383,3.837112354896651,-0.9457511531026768
FJI,2022,44.005,43.45604587179142,0.981432081732717,41.53243899159529,45.37965275198754,3.8472137603922505,1.0883480283439084
FJI,2023,44.802,43.177273936833316,1.0010717150968618,41.21517337524347,45.139374498423166,3.924201123179698,1.1890142211691526
FJI,2024,39.182,41.052018244351814,1.141163356500858,38.815338065610135,43.28869842309349,4.473360357483363,-5.191726624451242
FRA,2000,75.842,76.10465191040828,0.5126490712410442,75.09985973077583,77.10944409004072,2.009584359264893,0.0
FRA,2001,75.742,76.376877209803,0.45732831933772033,75.48051370390107,77.27324071570493,1.7927270118038636,-0.09999999999999432
FRA,2002,77.799,77.25205476561906,0.4482794531481814,76.37342703744864,78.1306824937895,1.757255456340871,2.022108539088734
FRA,2003,77.467,77.60779035987656,0.4468814188103493,76.73190277900828,78.48367794074484,1.7517751617365693,0.44549477945506055
FRA,2004,77.965,78.09723663686007,0.4466675314100041,77.22176827529647,78.97270499842368,1.750936723127216,0.6716674352583425
FRA,2005,78.941,78.71226999957484,0.4466348583600451,77.83686567718915,79.58767432196053,1.7508086447713767,1.2383819505202212
FRA,2006,79.012,79.11007510501697,0.44662986845122987,78.23468056285256,79.98546964718139,1.750789084328821,0.5549183502233461
FRA,2007,79.625,79.60102358520254,0.44662910640726633,78.7256305366443,80.47641663376078,1.750786097116484,0.8298540836873514
FRA,2008,80.346,80.06920131038257,0.4466289900308304,79.19380848992213,80.944594130843,1.750785640920855,1.0452974003074473
FRA,2009,80.363,80.27449923470928,0.44662897225832204,79.39910644908296,81.1498920203356,1.7507855712526224,0.4254906240135483
FRA,2010,80.323,80.39574667604005,0.44662896954444614,79.52035389573294,81.27113945634716,1.7507855606142289,0.12627704273936047
FRA,2011,80.62,80.58608270928785,0.4466289691317685,79.71068992978958,81.46147548878612,1.7507855589965327,0.34634767677796674
FRA,2012,80.483,80.74420699095468,0.44662896908036737,79.86881421155717,81.6195997703522,1.75078555879504,-0.0016511439890507518
FRA,2013,81.411,81.15040340713398,0.4466289691486151,80.2750106276027,82.02579618666526,1.7507855590625712,0.927354751121058
FRA,2014,81.576,81.3091073928746,0.4466289696573317,80.43371461234622,82.18450017340297,1.7507855610567402,0.527400019359547
FRA,2015,81.58,81.21433953051034,0.44662897299790094,80.33894674343446,82.08973231758623,1.7507855741517717,0.21010211679815427
FRA,2016,80.277,80.77229852342053,0.4466289948737275,79.89690569346803,81.64769135337303,1.7507856599050118,-1.2208944076100892
FRA,2017,80.699,80.8006498342267,0.44662913811904553,79.92525672351337,81.67604294494004,1.7507862214266585,-0.055112082971973564
FRA,2018,80.734,80.92553949286689,0.4466300761027734,80.05014454370546,81.80093444202832,1.7507898983228716,0.01346280518627907
FRA,2019,80.72,81.23233703484995,0.4466362180664075,80.35693004743979,82.1077440222601,1.7508139748203175,-0.008738884063163255
FRA,2020,82.578,82.02570862050808,0.446676434178327,81.15022280951857,82.9011944314976,1.7509716219790417,1.8545849403910495
FRA,2021,81.823,82.29456093169102,0.44693968391814887,81.41855915121145,83.1705627121706,1.7520035609591436,-0.0302486386676577
FRA,2022,83.201,83.01126161955689,0.44865965267950597,82.13188870030505,83.89063453880873,1.7587458385036634,1.3661791652809256
FRA,2023,83.653,83.54776496713168,0.45976319752170686,82.64662909998914,84.44890083427423,1.802271734285091,0.9858877655571234
FRA,2024,84.444,83.98432505080793,0.5267172108379383,82.95195931756557,85.01669078405028,2.064731466484718,1.1762740765045692
FSM,2009,33.945,34.08831904538177,1.4515985944375096,31.243185800284255,36.933452290479295,5.690266490195038,0.0
FSM,2010,35.164,34.79806475095555,1.3910999444671766,32.07150885979988,37.524620642111216,5.453111782311332,1.2190000000000012
FSM,2011,33.647,33.81152529806367,1.3896276012932642,31.087855199528875,36.53519539659847,5.447340197069596,-1.3315026339769958
FSM,2012,33.56,33.58763940758836,1.3895925313118658,30.864038046217104,36.31124076895962,5.447202722742514,-0.2923739835635786
FSM,2013,33.505,33.491875410271334,1.389591696416322,30.768275685295343,36.215475135247324,5.447199449951982,-0.10011083239823648
FSM,2014,33.16,33.33527265302117,1.3895916765405836,30.611672967001628,36.05887233904072,5.447199372039088,-0.36044637200971863
FSM,2015,34.076,33.991142596285826,1.3895916760674176,31.267542911193686,36.714742281377966,5.447199370184277,0.8603857410240252
FSM,2016,34.042,34.253657827529324,1.389591676056164,31.530058142459243,36.97725751259941,5.447199370140162,0.09875127548080798
FSM,2017,36.104,35.49730847124969,1.389591676056349,32.77370878617924,38.220908156320135,5.447199370140888,2.0772366051082756
FSM,2018,33.286,33.928653280336036,1.389591676075392,31.205053595228268,36.65225296544381,5.447199370215536,-2.4974974676076087
FSM,2019,35.432,35.33900386795788,1.3895916768755827,32.61540418128173,38.06260355463402,5.4471993733522845,1.760654266613919
FSM,2020,36.585,36.318272839393,1.3895917104882294,33.594673086836075,39.04187259194993,5.447199505113859,1.4246561751942721
FSM,2021,34.784,36.06113366190352,1.389593122412771,33.33753114197449,38.78473618183255,5.447205039858063,-1.5811858917682429
FSM,2022,41.134,41.724120740960075,1.389652430101877,39.000401977960394,44.447839503959756,5.447437525999358,6.106034492532714
FSM,2023,53.032,50.12260011600945,1.3921414134068373,47.39400294573205,52.851197286286855,5.4571943405548025,12.840116806973029
FSM,2024,43.937,45.0346174567462,1.4929497364303037,42.1084359733428,47.960798940149594,5.8523629668067905,-7.11386316526054
GAB,2000,34.594,34.413083429101086,0.389610867459306,33.64944612888085,35.176720729321325,1.5272746004404796,0.0
GAB,2001,33.88,34.00268726712659,0.3597091635987341,33.29765730647307,34.70771722778011,1.4100599213070377,-0.7139999999999986
GAB,2002,33.977,33.8493456927719,0.3575845976531941,33.148479881371635,34.55021150417216,1.401731622800521,-0.08066329513315651
GAB,2003,33.789,33.4285425792458,0.3574396368793548,32.727960890962265,34.129124267529335,1.4011633765670708,-0.2089712580090577
GAB,2004,31.905,32.2525084151261,0.3574297752531597,31.55194605562991,32.9530707746223,1.401124718992386,-1.9384874708266153
GAB,2005,31.66,31.80457452120384,0.3574291045058704,31.104013476372334,32.50513556603534,1.4011220896630119,-0.7505437478481376
GAB,2006,31.695,31.659553429879416,0.3574290588850226,30.95899247446477,32.36011438529406,1.4011219108292885,-0.16073909767475314
GAB,2007,31.213,31.440264619676867,0.35742905578212547,30.7397036703439,32.140825569009834,1.4011218986659317,-0.5239202141540424
GAB,2008,31.749,31.697141058402185,0.35742905557108223,30.996580109482863,32.397702007321506,1.4011218978386424,0.39936336798331595
GAB,2009,31.805,31.84536254735939,0.3574290555567282,31.144801598468202,32.54592349625058,1.4011218977823745,0.16015262535817243
GAB,2010,32.436,32.07815171974252,0.3574290555557519,31.37759077085325,32.7787126686318,1.4011218977785473,0.6727672669330609
GAB,2011,31.576,31.561176517497174,0.35742905555568555,30.86061556860803,32.261737466386315,1.4011218977782873,-0.6845445557977996
GAB,2012,30.565,31.013143127461873,0.35742905555568144,30.31258217857274,31.713704076351007,1.4011218977782711,-1.1895269215926483
GAB,2013,31.538,31.404060041906867,0.3574290555556874,30.70349909301772,32.104620990796015,1.4011218977782944,0.6627753730346448
GAB,2014,31.352,31.5143457099331,0.3574290555557794,30.81378476104377,32.21490665882243,1.4011218977786553,-0.013150408175540917
GAB,2015,32.115,31.964778407851526,0.35742905555713245,31.264217458959546,32.66533935674351,1.4011218977839592,0.7595704177041789
GAB,2016,32.761,32.100466549747885,0.3574290555770256,31.399905600816915,32.801027498678856,1.4011218978619402,0.8440934144564842
GAB,2017,30.441,30.852203792416383,0.3574290558695073,30.15164284291215,31.552764741920615,1.4011218990084686,-2.0998632718013077
GAB,2018,30.151,30.465495976872223,0.3574290601697679,29.76493501893948,31.166056934804967,1.4011219158654902,-0.8376372903781082
GAB,2019,30.833,30.73772071020916,0.3574291233950446,30.03715962835487,31.43828179206345,1.401122163708575,0.46354700728260667
GAB,2020,30.916,30.81031610042428,0.35743005297370345,30.109753196595822,31.51087900425274,1.4011258076569175,0.20389150300408332
GAB,2021,31.009,30.66148238996948,0.3574437199765856,29.96089269881537,31.362072081123586,1.4011793823082155,0.14617421935786012
GAB,2022,29.749,29.78452914413658,0.3576446010285624,29.083545726120597,30.485512562152564,1.4019668360319646,-1.2218782544143458
GAB,2023,28.767,28.98201662641193,0.3605851692915128,28.275269694600563,29.688763558223297,1.41349386362273,-1.30066174593615
GAB,2024,28.462,28.63000733961094,0.40133993439343596,27.843381068199808,29.416633611022075,1.573252542822269,-0.6442082159863247
GBR,2000,77.742,77.86705222154703,0.35436253099089376,77.17250166080487,78.56160278228919,1.3891011214843034,0.0
GBR,2001,77.654,78.10335654840422,0.3242341156778244,77.46785768167568,78.73885541513276,1.2709977334570717,-0.08800000000000807
GBR,2002,79.66,79.12214203216404,0.321576836321869,78.49185143297318,79.75243263135489,1.2605811983817266,1.9819750068461275
GBR,2003,79.006,79.20433556813504,0.32135279207309897,78.57448409567176,79.83418704059831,1.259702944926548,-0.08254991008394086
GBR,2004,79.344,79.63189815538696,0.3213339793137553,79.002083555932,80.26171275484192,1.2596291989099206,0.3140933709186129
GBR,2005,80.823,80.56078843553074,0.32133240017278725,79.93097693119208,81.1905999398694,1.259623008677326,1.5699957999203207
GBR,2006,81.241,81.0330800324067,0.3213322676237193,80.4032687878642,81.6628912769492,1.2596224890849796,0.8728566665239015
GBR,2007,81.212,81.14331290917873,0.3213322564979155,80.51350168644282,81.77312413191464,1.2596224454718288,0.22388329393825757
GBR,2008,81.269,81.13393841741242,0.3213322555640465,80.50412719650689,81.76374963831796,1.2596224418110622,0.1218632924472729
GBR,2009,81.027,80.8893762027309,0.32133225548566,80.25956498197901,81.51918742348279,1.2596224415037873,-0.2066938617758325
GBR,2010,80.172,80.40516458606142,0.32133225547908056,79.77535336532242,81.03497580680042,1.2596224414779957,-0.9148831848266354
GBR,2011,80.176,80.32697107616703,0.32133225547852867,79.6971598554291,80.95678229690495,1.2596224414758324,-0.26105924456656737
GBR,2012,80.475,80.51166907805214,0.32133225547848754,79.8818578573143,81.14148029878997,1.2596224414756712,0.22336611875667245
GBR,2013,80.804,80.76022030009993,0.3213322554785458,80.13040907936198,81.39003152083788,1.2596224414758996,0.39371345815732184
GBR,2014,80.978,80.93253631349587,0.3213322554792858,80.30272509275648,81.56234753423527,1.2596224414788002,0.28806635680584236
GBR,2015,80.945,81.02568473016012,0.3213322554881047,80.39587350940344,81.6554959509168,1.2596224415133703,0.05045836079102628
GBR,2016,80.998,81.25933244793458,0.3213322555931711,80.62952122697197,81.88914366889719,1.2596224419252307,0.0676187570340403
GBR,2017,82.066,81.94804801088064,0.3213322568448969,81.31823678746464,82.57785923429664,1.2596224468319959,1.0875904536835321
GBR,2018,82.549,82.4313694180436,0.32133227175753865,81.80155816539883,83.06118067068837,1.2596225052895516,0.7980958601444001
GBR,2019,82.895,82.70985634758905,0.32133244942170114,82.08004474672252,83.33966794845558,1.2596232017330684,0.5772237117180907
GBR,2020,82.895,82.66594579601141,0.32133456604543625,82.03613004656236,83.29576154546046,1.25963149889811,0.16723280470469604
GBR,2021,81.994,82.22317469779905,0.3213597817188626,81.59330952563008,82.85303986996803,1.2597303443379413,-0.8525494419206012
GBR,2022,82.218,82.17947396654459,0.3216600407436917,81.54902028668695,82.80992764640223,1.2609073597152713,-0.022999961067853292
GBR,2023,82.396,82.06868643008806,0.325215902024289,81.43126326212045,82.70610959805568,1.274846335935213,0.17133646917235978
GBR,2024,80.997,81.3879356834276,0.36492356485374056,80.67268549631427,82.10318587054093,1.4305003742266629,-1.3493605314435086
GEO,2000,39.171,40.263127055153284,1.250334256005228,37.812471913383035,42.71378219692353,4.901310283540494,0.0
GEO,2001,42.355,41.06090723455211,1.1047130783620989,38.8956696009624,43.22614486814182,4.330475267179428,3.1839999999999975
GEO,2002,40.605,40.994393128413286,1.0726614678143558,38.891976651497146,43.096809605329426,4.204832953832274,-0.5169291688273816
GEO,2003,40.672,41.187945583730546,1.0660210485782182,39.098544328517235,43.277346838943856,4.178802510426616,-0.1596631130203079
GEO,2004,42.101,41.72608602498896,1.0646646689989034,39.63934327375111,43.81282877622681,4.173485502475701,1.3573828126222125
GEO,2005,41.008,42.01383019264012,1.064388437651224,39.927628854843725,44.10003153043652,4.1724026755927985,-0.4813802636741471
GEO,2006,43.603,42.97334481673087,1.0643322165171678,40.887253672357225,45.05943596110452,4.1721822887472975,2.3778969332694757
GEO,2007,42.638,43.51232747333911,1.0643207753004176,41.4262587537503,45.59839619292793,4.172137439177637,0.10763444019321611
GEO,2008,44.676,44.63525299638788,1.064318447029324,42.5491888402104,46.721317152565355,4.172128312354951,2.0865541609877027
GEO,2009,45.548,45.73096454891224,1.0643179732394255,43.644901321362966,47.817027776461515,4.172126455098548,1.8132569908048737
GEO,2010,47.211,46.948873843594676,1.0643178768626766,44.86281080494383,49.034936882245525,4.172126077301693,2.480972297906497
GEO,2011,47.952,47.99171521028922,1.064317857438367,45.90565220971002,50.07777821086842,4.172126001158398,1.8601834753999569
GEO,2012,48.844,49.061081436884386,1.0643178544099414,46.9750184422409,51.14714443152787,4.17212598928697,1.7311414705299981
GEO,2013,50.821,50.275431277023316,1.0643178583360853,48.18936827468459,52.36149427936204,4.172126004677454,2.7579297511408356
GEO,2014,51.041,51.12540852948796,1.0643178814568095,49.03934548183262,53.21147157714331,4.172126095310693,1.46412096682608
GEO,2015,52.134,52.0317602642424,1.0643179958524804,49.94569699237154,54.117823536113264,4.172126543741723,1.7534749787567279
GEO,2016,51.983,52.869828471162116,1.064318558158928,50.78376409717062,54.95589284515361,4.172128747982998,0.6400045520245996
GEO,2017,55.777,54.30018866853449,1.0643213213991056,52.214118878592245,56.38625845847673,4.172139579884494,4.08271042935462
GEO,2018,55.139,54.74422112443221,1.0643349000521423,52.65812472033001,56.83031752853441,4.1721928082043975,1.2037385896181476
GEO,2019,55.476,54.924590004337254,1.0644016239636036,52.83836282136859,57.01081718730592,4.172454365937326,0.8800147081640546
GEO,2020,55.114,54.73668504718494,1.0647294490557044,52.64981532703576,56.82355476733412,4.173739440298362,0.03498065182529331
GEO,2021,54.365,54.296780259515764,1.066338939430322,52.206755938232334,56.38680458079919,4.180048642566862,-0.7332199887864874
GEO,2022,54.739,53.81131310303064,1.0742130438952568,51.70585553699594,55.91677066906534,4.210915132069407,0.043239449773437855
GEO,2023,53.058,52.70626556929082,1.1120970906631198,50.52655527159111,54.885975866990535,4.359420595399429,-1.661494388563753
GEO,2024,49.36,51.36630283734759,1.2820974635666915,48.853391808756875,53.879213865938304,5.025822057181431,-4.4475114789072165
GHA,2000,38.314,38.27720642437223,0.8095198876991885,36.69054744448182,39.86386540426264,3.1733179597808188,0.0
GHA,2001,37.949,38.20024168174422,0.7443858522556442,36.741245411323156,39.65923795216528,2.9179925408421252,-0.365000000000002
GHA,2002,38.077,38.608178400810836,0.7392836755611634,37.15918239671095,40.05717440491072,2.8979920081997603,0.03326076740950157
GHA,2003,40.414,40.0413000381826,0.7389006532321925,38.593054757847504,41.48954531851769,2.8964905606701943,2.3460617425539283
GHA,2004,40.856,40.75510330845799,0.7388719979244985,39.30691419252597,42.20329242439001,2.896378231864034,1.0834255378745468
GHA,2005,41.659,41.274173949699794,0.7388698546680348,39.825989034550446,42.72235886484914,2.8963698302986964,1.099291957165967
GHA,2006,40.643,41.05052263098148,0.7388696943675507,39.60233803002108,42.498707231941886,2.8963692019207987,-0.7153630416980192
GHA,2007,42.063,41.61339812606527,0.7388696823782211,40.16521354860396,43.06158270352658,2.8963691549226267,1.2243605402217668
GHA,2008,40.54,41.308533028353835,0.7388696814815052,39.860348452650086,42.756717604057584,2.8963691514075003,-1.1881584622085626
GHA,2009,42.414,42.48695201878496,0.7388696814144373,41.03876744321266,43.93513659435726,2.896369151144594,1.549059104877152
GHA,2010,44.206,43.806169861925625,0.7388696814094211,42.35798528636316,45.25435443748809,2.8963691511249308,2.2156410112422975
GHA,2011,44.221,44.3537075561521,0.7388696814090461,42.90552298059037,45.801892131713835,2.8963691511234604,0.6209396930952735
GHA,2012,45.521,45.15737348319939,0.738869681409021,43.70918890763771,46.605558058761076,2.8963691511233622,1.4698163218486187
GHA,2013,45.181,45.25923297318004,0.7388696814090572,43.811048397618286,46.707417548741795,2.896369151123504,0.061969473597756064
GHA,2014,45.494,45.51208366328464,0.738869681409569,44.063899087721886,46.9602682388474,2.8963691511255103,0.32994758474983854
GHA,2015,45.968,45.79983618456088,0.7388696814164152,44.35165160898471,47.24802076013705,2.8963691511523475,0.5642349871784944
GHA,2016,45.789,45.76302918472395,0.7388696815079501,44.314844608968365,47.21121376047953,2.896369151511164,-0.024691439528766068
GHA,2017,45.716,45.676097992908446,0.7388696827317965,44.22791341475413,47.124282571062764,2.8963691563086424,-0.07975268385730772
GHA,2018,45.439,45.51215513078043,0.7388696990949472,44.063970520554335,46.96033974100652,2.896369220452193,-0.29881098676861484
GHA,2019,45.137,45.48940313156824,0.7388699178745564,44.04121809253411,46.93758817060237,2.896370078068261,-0.3837196633832036
GHA,2020,46.203,46.14679621185435,0.7388728430094846,44.69860543955576,47.59498698415294,2.8963815445971797,0.9610592745457751
GHA,2021,46.314,46.69571485893575,0.738911951723523,45.247447433557646,48.14398228431386,2.89653485075621,0.3738331751000956
GHA,2022,49.113,47.98135080453033,0.7394346468471581,46.5320588967099,49.43064271235076,2.8985838156408597,2.9012369410208834
GHA,2023,48.59,47.08288120999621,0.7463880548104782,45.619960622567675,48.545801797424744,2.9258411748570747,0.27043838317008095
GHA,2024,41.303,43.27564226179929,0.8338047922900297,41.64138486891083,44.90989965468775,3.268514785776916,-7.213039755507154
GIN,2000,23.836,24.37135104503602,0.7257890117644361,22.948804581977722,25.793897508094314,2.8450929261165894,0.0
GIN,2001,26.346,25.50580359924838,0.6678199588200189,24.196876479961144,26.814730718535618,2.617854238574474,2.5100000000000016
GIN,2002,25.124,24.99723895981261,0.6633485265422635,23.697075847789772,26.297402071835446,2.600326224045673,-0.5748139643854486
GIN,2003,24.09,24.240791125059303,0.6630178840115939,22.94127607239658,25.540306177722027,2.599030105325448,-1.18945291011347
GIN,2004,23.742,23.779217692172455,0.6629935161443485,22.479750400529532,25.07868498381538,2.598934583285846,-0.6707757457591867
GIN,2005,23.048,23.390424038028463,0.6629917207136956,22.09096026542962,24.689887810627308,2.5989275451976868,-0.8760706565148091
GIN,2006,23.9,23.671245942218086,0.6629915884283265,22.371782428898566,24.970709455537605,2.59892702663904,0.6142011396759735
GIN,2007,24.054,23.50473571106859,0.6629915786816981,22.205272216852464,24.804199205284718,2.5989269884322566,0.3207177514088926
GIN,2008,22.203,22.264130578103398,0.6629915779635782,20.964667085294785,23.56359407091201,2.5989269856172266,-1.7639448900973385
GIN,2009,19.892,21.143067246069137,0.662991577910668,19.843603753364228,22.442530738774046,2.5989269854098183,-2.789802363543391
GIN,2010,22.881,22.46848546747023,0.6629915779067697,21.169021974772964,23.767948960167498,2.598926985394537,2.231740533613049
GIN,2011,22.871,22.98722507305029,0.6629915779064826,21.687761580353584,24.286688565746996,2.5989269853934114,0.5957800608926469
GIN,2012,23.542,23.733244625537772,0.6629915779064636,22.433781132841105,25.03270811823444,2.598926985393337,0.8327175814712433
GIN,2013,24.778,24.853246032351535,0.662991577906491,23.55378253965481,26.15270952504826,2.5989269853934447,1.4620315209649206
GIN,2014,26.513,26.120392231498112,0.6629915779068839,24.82092873880062,27.419855724195603,2.598926985394985,2.1318514845075143
GIN,2015,26.235,26.619787803015996,0.6629915779122171,25.32032431030805,27.919251295723942,2.5989269854158907,0.30066633806772103
GIN,2016,28.154,27.87164193743157,0.6629915779846025,26.57217844458175,29.17110543028139,2.598926985699642,2.000612387210957
GIN,2017,28.128,28.57134046733599,0.6629915789670486,27.271876972560573,29.870803962111406,2.5989269895508307,0.5170430085835598
GIN,2018,31.009,30.13799821037368,0.6629915923012241,28.83853468946328,31.43746173128408,2.598927041820798,3.021345322633806
GIN,2019,30.05,30.00139834034122,0.6629917732782955,28.70193446471576,31.300862215966678,2.598927751250918,-0.13889088518028814
GIN,2020,30.041,29.769757165218913,0.6629942295711554,28.470288475259448,31.069225855178377,2.598937379918929,-0.04670031848012712
GIN,2021,29.104,29.00769638725075,0.6630275665221238,27.708162356867387,30.307230417634113,2.5990680607667254,-0.9496762593350816
GIN,2022,27.958,28.057312389359364,0.6634798641451982,26.756891855634777,29.35773292308395,2.600841067449177,-1.4037785963670153
GIN,2023,27.803,27.301135321078416,0.6695884270119694,25.988742004134956,28.613528638021876,2.62478663388692,-0.5360394043491254
GIN,2024,24.675,25.563554029195434,0.7475765535424462,24.09830398425224,27.028804074138627,2.9305000898863893,-3.2735016737464555
GMB,2000,23.275,24.187367577518014,0.8746558682188887,22.47304207580899,25.901693079227037,3.428651003418044,0.0
GMB,2001,26.781,26.460721365477454,0.8113352099540467,24.870504353967522,28.050938376987386,3.1804340230198633,3.5060000000000002
GMB,2002,28.403,27.996017371850378,0.8073300469443566,26.41365047983944,29.578384263861317,3.1647337840218777,2.450986423164345
GMB,2003,28.806,28.593452830253426,0.807086188233418,27.011563901315927,30.175341759190925,3.1637778578749987,1.005507576192791
GMB,2004,28.959,28.70108948325223,0.8070713772323725,27.11922958387678,30.282949382627677,3.1637197987509005,0.4007473004979225
GMB,2005,27.84,28.21439094395056,0.8070704778068898,26.632532807449053,29.796249080452064,3.1637162730030077,-1.0202459417710799
GMB,2006,28.76,28.590447892382734,0.8070704231881097,27.008589862934038,30.17230592183143,3.16371605889739,0.6685840005077672
GMB,2007,28.36,28.575784889738966,0.8070704198713154,26.99392686679119,30.157642912686743,3.1637160458955567,-0.23524286197184097
GMB,2008,29.529,29.058381772251288,0.807070419669899,27.476523749698284,30.64023979480429,3.1637160451060042,1.1110298094707147
GMB,2009,28.353,28.45647470193455,0.8070704196576676,26.87461667940552,30.03833272446358,3.163716045058057,-0.9022122670953827
GMB,2010,27.848,28.09301722121965,0.8070704196569248,26.511159198692077,29.674875243747223,3.1637160450551454,-0.7273294542861954
GMB,2011,28.435,28.294183312768467,0.8070704196568798,26.712325290240983,29.87604133529595,3.1637160450549686,0.4077663910628644
GMB,2012,28.088,28.170848046481158,0.8070704196568774,26.588990023953677,29.75270606900864,3.1637160450549593,-0.2465153551904109
GMB,2013,28.579,28.238429809316987,0.8070704196568809,26.6565717867895,29.820287831844475,3.163716045054973,0.43025196276757427
GMB,2014,27.56,27.521193440950544,0.8070704196569447,25.93933541842293,29.103051463478156,3.163716045055223,-0.9129743034127031
GMB,2015,25.779,26.714530305401382,0.8070704196579936,25.132672282871717,28.296388327931048,3.163716045059335,-2.00598151051533
GMB,2016,26.952,28.063725686112047,0.8070704196752668,26.481867663548524,29.64558370867557,3.163716045127046,0.67867201221922
GMB,2017,33.029,31.97480845231062,0.8070704199597115,30.392950429189582,33.556666475431655,3.1637160462420693,6.244243101895432
GMB,2018,33.523,33.45658688412933,0.8070704246437578,31.874728851827562,35.0384449164311,3.1637160646035305,2.032750039117275
GMB,2019,35.211,34.78532133584981,0.8070705017775365,33.203463152365835,36.36717951933378,3.163716366967943,2.1889244757395545
GMB,2020,35.428,35.13311164498094,0.8070717719646322,33.551250971930266,36.71497231803162,3.163721346101358,0.75641007223863
GMB,2021,34.666,34.80135414273367,0.8070926882798614,33.21945247370515,36.3832558117622,3.1638033380570563,-0.5756001418822763
GMB,2022,34.969,34.78150997951847,0.8074370464276499,33.19893336852027,36.36408659051666,3.1651532219963876,0.16115658897579266
GMB,2023,35.057,34.32960930778062,0.8130867342857431,32.73595930858057,35.923259306980675,3.1872999984001127,0.12771333331260593
GMB,2024,31.278,32.20149204592762,0.9010416212629617,30.435450468252217,33.967533623603025,3.53208315535081,-3.747527987552104
GNB,2000,15.998,16.015311798705913,0.6937766412869099,14.65550958178357,17.375114015628256,2.7196044338446868,0.0
GNB,2001,15.851,16.078261539948777,0.6556712494647786,14.79314589099781,17.363377188899744,2.570231297901932,-0.14699999999999847
GNB,2002,16.834,16.91013394173741,0.6542143000303643,15.627873913677895,18.192393969796925,2.564520056119028,0.9553367111705686
GNB,2003,17.685,17.999599920740042,0.6541601646676972,16.717445997991355,19.28175384348873,2.564307845497373,1.0348869038092339
GNB,2004,20.697,20.153491530746702,0.6541581554131167,18.871341546136993,21.435641515356412,2.5642999692194177,3.2113639741558977
GNB,2005,20.921,20.4684623171877,0.6541580808419498,19.186312478737477,21.750612155637924,2.5642996769004434,0.8426665809219429
GNB,2006,18.784,19.252305227157912,0.6541580780743311,17.970155394132224,20.5344550601836,2.564299666051378,-1.9746608037136468
GNB,2007,19.978,19.620624337082216,0.6541580779716143,18.338474504257853,20.90277416990658,2.564299665648728,0.8135827998545686
GNB,2008,18.282,18.779789246929415,0.6541580779678021,17.497639414112523,20.061939079746306,2.564299665633784,-1.5392637692960278
GNB,2009,19.956,19.623187363267753,0.6541580779676606,18.34103753045114,20.905337196084368,2.5642996656332295,1.3774617726482994
GNB,2010,19.114,19.34053846717675,0.6541580779676555,18.058388634360146,20.622688299993353,2.5642996656332095,-0.5766328287233371
GNB,2011,20.168,19.82436576823186,0.6541580779676553,18.542215935415257,21.106515601048464,2.564299665633209,0.9429120368622712
GNB,2012,18.933,19.145531988114527,0.6541580779676553,17.863382155297924,20.42768182093113,2.564299665633209,-1.0533485705713552
GNB,2013,18.993,19.18578451617295,0.6541580779676553,17.903634683356348,20.467934348989555,2.564299665633209,-0.14292696036380903
GNB,2014,20.049,19.878309237410853,0.6541580779676557,18.59615940459425,21.160459070227457,2.5642996656332104,1.0284652081647252
GNB,2015,19.82,19.993314351370664,0.6541580779676638,18.711164518554043,21.275464184187285,2.564299665633242,-0.030866804243544266
GNB,2016,19.98,20.69471579176886,0.6541580779678822,19.412565958951813,21.97686562458591,2.564299665634098,0.1540535289682019
GNB,2017,24.561,23.814305405427064,0.6541580779737671,22.53215557259848,25.096455238255647,2.5642996656571673,4.610678318498003
GNB,2018,24.787,24.407508924880425,0.6541580781323321,23.125359091741053,25.689658758019796,2.5642996662787416,1.1142443689847177
GNB,2019,23.483,23.716732378018627,0.6541580824047302,22.434582536505356,24.998882219531897,2.564299683026542,-1.0893415011728607
GNB,2020,23.908,23.81677209510664,0.654158197520918,22.53462202796564,25.09892216224764,2.564300134281998,0.21513902348464953
GNB,2021,24.118,23.60814892377794,0.6541612992227841,22.325992777301284,24.890305070254595,2.5643122929533138,0.25144640180001687
GNB,2022,21.355,21.674482236070915,0.65424486645202,20.392162297824957,22.956802174316874,2.5646398764919183,-2.714559003887935
GNB,2023,21.44,20.821760133233507,0.6564925109475516,19.535034811776306,22.108485454690708,2.573450642914402,-0.43795813824324625
GNB,2024,17.007,17.877269034565554,0.7143961477619591,16.477052584952116,19.277485484178992,2.80043289922688,-4.517372368504841
GNQ,2000,10.673,11.13848527689776,0.5582481222850572,10.044318957219048,12.23265159657647,2.188332639357424,0.0
GNQ,2001,14.991,14.334867021511696,0.5417212280944061,13.27309341444666,15.396640628576733,2.123547214130072,4.318
GNQ,2002,12.623,13.283576661918383,0.5414807566694066,12.222274378846347,14.34487894499042,2.1226045661440742,-1.8549643474395605
GNQ,2003,16.751,16.508725913676034,0.5414773102956334,15.447430385496594,17.570021441855477,2.122591056358883,3.905981110341129
GNQ,2004,18.711,18.16544176581764,0.5414772609140659,17.10414633442607,19.22673719720921,2.1225908627831385,2.4275521124959383
GNQ,2005,15.888,16.290324028530417,0.5414772602065014,15.229028598525675,17.35161945853516,2.1225908600094856,-2.5324177388423283
GNQ,2006,16.996,17.019770623275782,0.5414772601963632,15.95847519329091,18.081066053260653,2.1225908599697436,0.8048651322470555
GNQ,2007,18.29,17.90310342203545,0.541477260196218,16.841807992050864,18.964398852020036,2.1225908599691747,1.3903437752609626
GNQ,2008,16.065,16.281746081275532,0.5414772601962159,15.22045065129095,17.343041511260115,2.1225908599691663,-2.058573399004324
GNQ,2009,16.21,16.063559002207825,0.5414772601962159,15.002263572223242,17.124854432192407,2.1225908599691663,-0.1014148650085609
GNQ,2010,14.8,14.89734254246907,0.5414772601962159,13.836047112484488,15.958637972453653,2.1225908599691663,-1.4221395381301605
GNQ,2011,14.179,14.361302000958224,0.5414772601962159,13.300006570973641,15.422597430942806,2.1225908599691663,-0.7912326098652489
GNQ,2012,15.172,15.005447716500786,0.5414772601962159,13.944152286516204,16.06674314648537,2.1225908599691663,0.89828806170107
GNQ,2013,14.504,14.571367658143684,0.5414772601962159,13.510072228159101,15.632663088128266,2.1225908599691663,-0.5604733353836551
GNQ,2014,14.469,14.573412183681128,0.5414772601962159,13.512116753696546,15.63470761366571,2.1225908599691663,-0.10208964632801631
GNQ,2015,15.158,15.251400053788018,0.5414772601962159,14.190104623803435,16.3126954837726,2.1225908599691663,0.6767796893562998
GNQ,2016,16.416,16.534040968344648,0.541477260196216,15.472745538360066,17.59533639832923,2.1225908599691667,1.3390117219400253
GNQ,2017,18.9,18.580855220974254,0.5414772601962199,17.519559790989664,19.642150650958843,2.122590859969182,2.6442820637176787
GNQ,2018,18.644,18.56159076773798,0.5414772601964963,17.500295337752846,19.622886197723112,2.1225908599702654,0.06052522474579192
GNQ,2019,17.981,18.008825624115737,0.5414772602157889,16.947530194092792,19.07012105413868,2.1225908600458925,-0.6557550238953986
GNQ,2020,17.579,17.63619793923071,0.5414772615622299,16.574902506568737,18.69749337189268,2.122590865323941,-0.48049503241906777
GNQ,2021,17.99,17.633858136305495,0.5414773555315769,16.572562519463602,18.695153753147387,2.1225912336837816,0.35348389753404064
GNQ,2022,14.96,15.325927989421544,0.5414839136982219,14.26461951857303,16.38723646027006,2.12261694169703,-2.987687354293179
GNQ,2023,15.351,15.386941583782953,0.5419414181179233,14.324736404271823,16.44914676329408,2.124410359022259,0.03336855656833926
GNQ,2024,15.726,15.680633717131407,0.5729693671658921,14.557613757486259,16.803653676776555,2.246039919290297,0.3789942750480968
GRC,2000,65.329,65.09852749642255,0.5614314194814749,63.99812191423886,66.19893307860625,2.200811164367382,0.0
GRC,2001,64.911,64.65613253329082,0.5140882491617329,63.64851956493382,65.66374550164781,2.015225936713993,-0.41799999999999216
GRC,2002,63.705,63.76282880348953,0.5099872777817578,62.76325373903729,64.76240386794179,1.9991501289044904,-1.3192522566883866
GRC,2003,62.532,62.9718351676211,0.5096475609288351,61.97292594820058,63.97074438704162,1.9978184388410336,-1.5501176914694952
GRC,2004,62.815,62.95899315514606,0.5096195313361174,61.960138873727274,63.95784743656485,1.9977085628375801,-0.16201002908650963
GRC,2005,63.129,63.200902276011426,0.5096172194164066,62.20205252595527,64.19975202606759,1.9976995001123137,0.26747357374404146
GRC,2006,63.749,63.57002012624372,0.5096170287312681,62.57117074993043,64.568869502557,1.997698752626571,0.6968159250340733
GRC,2007,63.475,63.62248871882007,0.5096170130037584,62.62363937333271,64.62133806430744,1.997698690974733,-0.0738804626429399
GRC,2008,63.793,63.93589275819753,0.5096170117065701,62.93704341525265,64.9347421011424,1.997698685889755,0.296782162708773
GRC,2009,64.534,64.50210112053071,0.5096170115995795,63.50325177779553,65.50095046326588,1.9976986854703516,0.8262333014229242
GRC,2010,66.101,65.01187433017314,0.509617011590755,64.01302498745527,66.01072367289102,1.9976986854357597,1.8042871451489617
GRC,2011,63.173,63.59477817955271,0.5096170115900277,62.59592883683626,64.59362752226917,1.9976986854329086,-2.4098241469916104
GRC,2012,62.822,62.923887424253444,0.5096170115899744,61.925038081537096,63.92273676696979,1.9976986854326997,-1.0430809064877948
GRC,2013,62.226,62.43325479841435,0.50961701159005,61.434405455697856,63.43210414113085,1.9976986854329961,-0.8955639246971359
GRC,2014,61.974,62.30929512124938,0.5096170115910279,61.31044577853096,63.30814446396779,1.9976986854368293,-0.5091983078501485
GRC,2015,62.703,62.77853594764406,0.509617011602888,61.7796866049024,63.777385290385716,1.9976986854833207,0.582762596362393
GRC,2016,63.088,63.38141415597363,0.5096170117466837,62.38256481295013,64.38026349899712,1.997698686047,0.5523644387958697
GRC,2017,64.737,64.50339751688203,0.5096170134901064,63.504548170441424,65.50224686332264,1.9976986928812168,1.8076343476518844
GRC,2018,65.37,65.21209389018972,0.5096170346279005,64.21324450231903,66.21094327806041,1.99769877574137,1.1521371409752845
GRC,2019,65.275,65.64142448118128,0.5096172909089618,64.64257459099971,66.64027437136284,1.9976997803631302,0.23588394351119746
GRC,2020,66.844,66.71902930277712,0.5096203981292833,65.72017332244373,67.7178852831105,1.9977119606667904,1.6367438532828373
GRC,2021,67.514,67.57553731793396,0.5096580695189392,66.57660750167685,68.57446713419108,1.9978596325142417,1.1400588510092575
GRC,2022,68.686,68.54091649068513,0.5101145877182973,67.54109189875727,69.540741082613,1.9996491838557255,1.499415161824814
GRC,2023,69.684,69.24961548728851,0.515617397851231,68.2390053875001,70.26022558707692,2.0212201995768253,1.428619224101297
GRC,2024,69.156,69.18980610023625,0.5781832301463832,68.05656696914934,70.32304523132316,2.266478262173822,-0.11771276436205369
GRD,2013,44.588,44.77165732316286,0.439001021560583,43.91121532090412,45.632099325421606,1.7208840045174854,0.0
GRD,2014,48.215,47.9032864762339,0.43511424789091385,47.05046255036771,48.75611040210009,1.7056478517323823,3.6270000000000024
GRD,2015,45.664,45.91351227423156,0.43510268528031243,45.06071101108215,46.76631353738097,1.7056025262988246,-2.3538095261731513
GRD,2016,48.276,48.02318484291334,0.4351026510361019,47.17038364688258,48.8759860389441,1.7056023920615195,2.4839048178786243
GRD,2017,45.854,45.97914480370518,0.43510265093468437,45.1263436078732,46.83194599953716,1.7056023916639627,-2.286824594318425
GRD,2018,45.961,45.9912138797585,0.4351026509343841,45.13841268392711,46.84401507558989,1.7056023916627856,-0.017450197396762235
GRD,2019,46.438,46.49969216929561,0.4351026509343861,45.64689097346421,47.352493365127,1.7056023916627936,0.47605035107805094
GRD,2020,48.096,48.02176293629388,0.4351026509352941,47.16896174046071,48.874564132127055,1.7056023916663527,1.6839069105304958
GRD,2021,48.358,48.32413061649062,0.4351026512419228,47.47132942005645,49.17693181292479,1.7056023928683375,0.3536390998851715
GRD,2022,48.063,48.07002974106152,0.4351027547769369,47.21722834169872,48.922831140424314,1.7056027987255926,-0.2757547741534694
GRD,2023,48.126,47.93142638727597,0.43513771259181955,47.078556470596006,48.784296303955934,1.7057398333599325,0.04799328013060489
GRD,2024,44.393,44.59600968713935,0.4467850731183077,43.72031094382747,45.47170843045123,1.751397486623766,-3.7303881804485712
GTM,2000,36.42,36.364300948648825,0.5784066964138059,35.23062382367777,37.49797807361988,2.267354249942119,0.0
GTM,2001,36.65,36.15494781851283,0.5474965081273288,35.08185466258327,37.22804097444239,2.1461863118591284,0.22999999999999687
GTM,2002,33.828,34.21319889925805,0.5463686254606758,33.14231639335513,35.284081405160975,2.141765011805849,-2.779646253523616
GTM,2003,33.687,33.619422933163854,0.5463285984774985,32.548618880147956,34.69022698617975,2.141608106031794,-0.6639544764479766
GTM,2004,32.179,32.78916638905008,0.5463271794385095,31.7183651173506,33.85996766074956,2.141602543398957,-1.633008291273498
GTM,2005,34.101,34.09413866036488,0.5463271291324954,33.02333748726519,35.164939833464565,2.141602346199382,1.6145316174989404
GTM,2006,35.527,35.375100218595065,0.5463271273491113,34.304299048990806,36.445901388199324,2.141602339208516,1.7299898180045474
GTM,2007,36.224,36.12450055658488,0.546327127285889,35.05369938710454,37.19530172606522,2.1416023389606846,1.0227287140207224
GTM,2008,36.671,36.52571049518245,0.5463271272836476,35.4549093257065,37.5965116646584,2.1416023389518988,0.6395630461740396
GTM,2009,36.102,36.41849135142964,0.5463271272835684,35.347690181953844,37.48929252090543,2.141602338951588,-0.44858076593682483
GTM,2010,37.443,37.418808554374934,0.5463271272835656,36.34800738489915,38.48960972385072,2.1416023389515773,1.2565395975849327
GTM,2011,38.671,38.33446971478413,0.5463271272835654,37.26366854530834,39.40527088425991,2.1416023389515764,1.4645858015353355
GTM,2012,38.066,38.0724698713219,0.5463271272835655,37.001668701846114,39.143271040797686,2.141602338951577,-0.3292425097947671
GTM,2013,37.732,37.83311082867489,0.5463271272835655,36.762309659199104,38.903911998150676,2.141602338951577,-0.39599096568784375
GTM,2014,38.207,37.947581100150884,0.5463271272835656,36.8767799306751,39.01838226962667,2.1416023389515773,0.40044139460621153
GTM,2015,36.813,37.15423553620047,0.54632712728357,36.08343436672467,38.22503670567627,2.1416023389515946,-1.318603451818845
GTM,2016,37.257,37.555016628222965,0.5463271272836937,36.484215458746924,38.62581779769901,2.141602338952079,0.1957285924331984
GTM,2017,39.361,38.99868324045448,0.5463271272871847,37.9278820709716,40.06948440993737,2.141602338965764,2.1408524844049452
GTM,2018,39.305,39.174451130013516,0.5463271273856559,38.10364996033763,40.245252299689405,2.1416023393517714,0.34708741719349945
GTM,2019,38.547,38.89337361802437,0.5463271301633517,37.8225724429042,39.96417479314454,2.1416023502403383,-0.6926491308691141
GTM,2020,40.182,39.82440307125383,0.5463272085170758,38.75360174256036,40.8952043999473,2.141602657386937,1.5045855266922104
GTM,2021,39.492,39.504050474816005,0.5463294187280829,38.43324481410896,40.57485613552305,2.1416113214140853,-0.40671121746174776
GTM,2022,39.495,39.225867557876256,0.5463917610659319,38.15493970618703,40.29679540956548,2.141855703378453,-0.07357705301252793
GTM,2023,38.512,38.00587703582749,0.5481474037974705,36.93150812438444,39.080245947270534,2.1487378228860843,-0.9968533525684578
GTM,2024,34.16,35.0147493999601,0.5955425792429846,33.84748594464385,36.182012855276355,2.3345269106324995,-4.539691139924194
GUY,2000,42.684,42.603302703767426,0.7070372627368122,41.217509668803274,43.98909573873158,2.7715860699283037,0.0
GUY,2001,42.289,42.336624430588834,0.665129349010683,41.03297090652789,43.640277954649775,2.607307048121877,-0.394999999999996
GUY,2002,42.191,42.21614349284594,0.6632998206548333,40.91607584436247,43.51621114132941,2.6001352969669465,-0.17702018497423921
GUY,2003,42.042,42.17284797469068,0.6632223855869915,40.87293209894018,43.47276385044118,2.5998317515010068,-0.1853510104367544
GUY,2004,42.895,42.53122918023401,0.6632191126415439,41.23131971945658,43.831138641011435,2.599818921554852,0.81489680117636
GUY,2005,41.597,41.77290780473875,0.663218974312128,40.47299861508698,43.07281699439052,2.5998183793035414,-1.1304713605327237
GUY,2006,41.687,41.55458768526219,0.6632189684657184,40.254678507069386,42.854496863455,2.599818356385616,-0.14240574359082814
GUY,2007,41.064,40.92978863566109,0.6632189682186234,39.62987945795259,42.22969781336959,2.5998183554170033,-0.6522762086723901
GUY,2008,39.506,39.89298793881852,0.66321896820818,38.593078761130485,41.19289711650656,2.599818355376066,-1.6920969400664418
GUY,2009,40.111,40.04416166605823,0.6632189682077386,38.74425248837106,41.3440708437454,2.5998183553743353,0.2571335302818625
GUY,2010,40.224,39.990155274471746,0.66321896820772,38.69024609678461,41.29006445215888,2.5998183553742624,0.16586229843448308
GUY,2011,38.906,39.21829303967158,0.6632189682077192,37.91838386198445,40.518202217358706,2.5998183553742593,-1.2839015208585778
GUY,2012,39.314,39.40510704961799,0.6632189682077192,38.10519787193086,40.705016227305116,2.5998183553742593,0.14405159435359138
GUY,2013,39.87,39.87160120962335,0.6632189682077192,38.57169203193622,41.17151038731048,2.5998183553742593,0.585614567817494
GUY,2014,40.477,40.343010758170145,0.6632189682077204,39.04310158048301,41.64291993585728,2.599818355374264,0.7273924358586115
GUY,2015,40.227,40.40310053049339,0.6632189682077484,39.103191352806206,41.70300970818057,2.5998183553743734,-0.10046043594079634
GUY,2016,40.437,41.00378318778399,0.6632189682084132,39.7038740100955,42.30369236547248,2.59981835537698,0.18934703599433078
GUY,2017,43.804,43.34437518990551,0.6632189682241415,42.0444660121862,44.64428436762483,2.5998183554386345,3.40592654339342
GUY,2018,44.476,44.27401231644888,0.6632189685962828,42.97410313800017,45.5739214948976,2.5998183568974285,1.3722008068939004
GUY,2019,44.242,44.58358825252996,0.6632189774013607,43.28367905682329,45.883497448236625,2.599818391413334,0.04810124322008136
GUY,2020,46.253,45.94177079069651,0.6632191857345533,44.64186118665678,47.241680394736235,2.599819208079449,2.020888800855275
GUY,2021,46.199,46.34454282741773,0.6632241149991112,45.044623562019474,47.64446209281599,2.5998385307965157,0.36146050714055633
GUY,2022,47.472,47.194101803051716,0.6633407335589298,45.89395396527621,48.49424964082722,2.6002956755510045,1.347310157760461
GUY,2023,48.64,47.19056971987633,0.6660940394587685,45.885025402537146,48.49611403721551,2.6110886346783726,1.4449841473622342
GUY,2024,41.287,42.737580871887324,0.7282081034566491,41.31029298911229,44.16486875466236,2.8545757655500643,-7.055935734801885
HND,2000,37.42,37.13430319385089,0.5036182075855256,36.14721150698326,38.12139488071852,1.97418337373526,0.0
HND,2001,35.128,35.74567242852568,0.48224741811459537,34.800467489021074,36.690877368030286,1.8904098790092139,-2.2920000000000016
HND,2002,37.325,37.16614789050741,0.48171238183326465,36.22199162211421,38.11030415890061,1.8883125367863973,1.8434911918282282
HND,2003,38.404,37.86418144090569,0.4816992769208188,36.92005085814088,38.808312023670496,1.8882611655296098,1.3673313977390151
HND,2004,35.823,36.10717959400249,0.48169895611366703,35.1630496400197,37.05130954798528,1.8882599079655746,-2.367069837022406
HND,2005,35.408,35.64259526538057,0.4816989482604419,34.69846532679011,36.586725203971035,1.8882598771809322,-0.7853504815087007
HND,2006,36.5,36.24492438544581,0.4816989480681981,35.30079444723214,37.189054323659484,1.8882598764273364,0.9691244584500964
HND,2007,35.52,35.687197682736794,0.4816989480634921,34.74306774453235,36.63132762094124,1.8882598764088891,-0.8283712736443647
HND,2008,36.21,35.88986764025802,0.48169894806337704,34.9457377020538,36.83399757846224,1.888259876408438,0.5603934462778213
HND,2009,34.225,34.63661085767819,0.4816989480633741,33.69248091947398,35.580740795882406,1.8882598764084264,-1.8973211226516256
HND,2010,35.39,35.25531495619328,0.48169894806337393,34.31118501798907,36.199444894397494,1.8882598764084257,0.8681460893977118
HND,2011,35.155,35.261486298170034,0.4816989480633741,34.31735635996582,36.20561623637425,1.8882598764084264,-0.099170298567266
HND,2012,35.833,35.751945604928245,0.48169894806337393,34.80781566672403,36.69607554313246,1.8882598764084257,0.6624838648588138
HND,2013,35.998,35.87377844330074,0.4816989480633741,34.92964850509653,36.81790838150496,1.8882598764084264,0.2686518930013335
HND,2014,35.158,35.430665312945834,0.48169894806337393,34.48653537474162,36.37479525115005,1.8882598764084257,-0.7979668596548919
HND,2015,36.187,36.22760401782498,0.4816989480633742,35.28347407962077,37.17173395602919,1.8882598764084269,0.9041505056305184
HND,2016,37.009,37.20920532711743,0.4816989480633788,36.26507538891321,38.15333526532165,1.8882598764084448,0.9634629343262446
HND,2017,39.463,39.10131843064361,0.4816989480635726,38.157188492439005,40.04544836884821,1.8882598764092047,2.6047429271516194
HND,2018,39.451,39.34854356141974,0.481698948071483,38.40441362319963,40.29267349963985,1.8882598764402134,0.39553677108594343
HND,2019,38.971,39.12980808532455,0.4816989483946325,38.18567814647107,40.07393802417803,1.8882598777069595,-0.4181145153121193
HND,2020,39.733,39.63331430374161,0.48169896159540826,38.68918433901461,40.577444268468604,1.8882599294540003,0.696582012782045
HND,2021,39.742,39.68346094643456,0.48169950085185237,38.739329924764924,40.62759196810419,1.8882620433392612,0.11798687211185666
HND,2022,39.519,39.46737841599793,0.4817215291681995,38.523204218828255,40.4115526131676,1.888348394339342,-0.2045398332058923
HND,2023,39.579,39.016526602707316,0.48262053487869355,38.07059035434508,39.96246285106955,1.8918724967244787,0.027997800353247726
HND,2024,35.346,36.007607681255806,0.5180133014094691,34.99230161049324,37.02291375201837,2.030612141525119,-4.2286194782085715
HRV,2000,50.85,50.46326122955726,0.9400565958408866,48.62075030170912,52.3057721574054,3.6850218556962755,0.0
HRV,2001,49.003,50.19762003002953,0.8295653292157125,48.57167198476674,51.82356807529233,3.2518960905255927,-1.8470000000000013
HRV,2002,50.959,50.68196515418214,0.8040572790382555,49.106012887267156,52.25791742109712,3.1519045338299616,1.2293503012670755
HRV,2003,51.064,50.99238690494114,0.7985157229806492,49.42729608789907,52.55747772198321,3.130181634084145,0.6551971020140357
HRV,2004,51.407,51.25784972270015,0.7973297377643392,49.69508343668205,52.820616008718254,3.1255325720362097,0.6435143744185794
HRV,2005,51.467,51.429675513340804,0.7970767546066485,49.867405074311776,52.99194595236983,3.124540878058062,0.35666788245010395
HRV,2006,51.23,51.57806887037987,0.7970228289094046,50.01590412571744,53.140233615042305,3.124329489324866,-0.07239351428118113
HRV,2007,51.268,51.94498099147928,0.7970113358903408,50.38283877313421,53.50712320982434,3.124284436690136,0.004581819227489348
HRV,2008,52.023,52.7369039714611,0.7970088864997954,51.17476655392151,54.2990413890007,3.124274835079198,0.7571151562046694
HRV,2009,53.839,53.977018176734596,0.7970083645008421,52.414881782312946,55.539154571156246,3.124272788843301,2.1655191579359965
HRV,2010,56.259,55.3037806403398,0.7970082533084168,53.74164446385531,56.865916816824296,3.124272352968994,3.4197054164767593
HRV,2011,56.437,56.0308532964318,0.7970082298698272,54.468717165886936,57.592989426976665,3.1242722610897227,1.7566974877851464
HRV,2012,56.645,56.502945736700305,0.7970082260877794,54.940809613568256,58.065081859832354,3.1242722462640953,1.0189745882340873
HRV,2013,56.843,56.885856050420486,0.7970082309741024,55.323719917711244,58.44799218312973,3.1242722654184814,0.6684068405174912
HRV,2014,57.232,57.295671531385786,0.7970082587252729,55.73353534428425,58.85780771848732,3.12427237420307,0.6975681969962153
HRV,2015,57.775,57.745460205958054,0.7970083899681379,56.18332376162051,59.3075966502956,3.1242728886751006,0.8650304580869843
HRV,2016,57.324,58.1767037021649,0.7970090060088504,56.61456605038755,59.73884135394225,3.1242753035546933,-0.05166104513544667
HRV,2017,59.994,59.143277344108085,0.7970118966549108,57.58113402666446,60.70542066155171,3.1242866348872504,2.64615081922301
HRV,2018,59.908,59.57576454758082,0.7970254601057959,58.01359464577346,61.137934449388176,3.1243398036147196,1.1355883183542232
HRV,2019,59.228,59.799673258066136,0.7970890998792465,58.23737862230281,61.36196789382946,3.1245892715266463,-0.1557587458408065
HRV,2020,60.456,60.38248029135353,0.797387644609383,58.81960050791914,61.94536007478792,3.1257595668687816,1.1560943992236332
HRV,2021,60.605,60.91913141345597,0.7987869955281757,59.353508902220746,62.4847539246912,3.1312450224704484,0.6827078305402878
HRV,2022,62.83,61.65299525425402,0.8053206023009518,60.07456687374416,63.231423634763885,3.156856761019731,2.540170210473491
HRV,2023,63.277,61.64793170389281,0.8352955850080276,60.01075235727708,63.28511105050854,3.274358693231468,1.619662658988176
HRV,2024,58.983,60.62013380142852,0.963571825841299,58.73153302277958,62.508734580077466,3.777201557297892,-3.5462871449630597
HTI,2000,16.879,16.588865692014014,0.8202701258445638,14.98113624535867,18.19659513866936,3.2154588933106902,0.0
HTI,2001,15.699,16.027287240874855,0.7514045481536212,14.554534326493759,17.500040155255952,2.945505828762195,-1.1800000000000015
HTI,2002,16.033,16.051431189261965,0.7454964003516668,14.590258244572698,17.512604133951232,2.9223458893785335,0.0155935313396931
HTI,2003,15.849,16.108459633470087,0.7450115701371702,14.648236956001233,17.56868231093894,2.920445354937707,-0.17956288554316302
HTI,2004,16.568,16.62840987351564,0.7449719403187262,15.168264870490937,18.088554876540343,2.9202900060494064,0.6676908672476838
HTI,2005,16.202,17.25614199377184,0.7449687020406257,15.796003337772214,18.716280649771466,2.9202773119992527,-0.1751456733856358
HTI,2006,20.783,19.764649548333807,0.7449684374376468,18.30451141095602,21.224787685711593,2.9202762747555755,4.530934550856113
HTI,2007,20.889,20.456240098996865,0.7449684158167166,18.9961020039961,21.91637819399763,2.920276190001529,1.4011721079719557
HTI,2008,20.134,20.375710578959595,0.7449684140500525,18.915572487421493,21.835848670497697,2.920276183076206,-0.3544734969705772
HTI,2009,20.77,20.726435407771863,0.744968413905697,19.266297316516695,22.18657349902703,2.920276182510332,0.5346733810117357
HTI,2010,20.831,20.999433312362996,0.7449684138939018,19.53929522113095,22.459571403595042,2.920276182464095,0.21383694406323883
HTI,2011,21.74,21.572945984492776,0.7449684138929387,20.112807893262616,23.033084075722936,2.9202761824603196,0.9701255136732776
HTI,2012,21.818,21.848404798200786,0.7449684138928685,20.388266706970764,23.308542889430807,2.9202761824600443,0.3553113907472891
HTI,2013,22.261,22.178111140115544,0.7449684138929682,20.717973048885327,23.63824923134576,2.920276182460435,0.5445661319363388
HTI,2014,22.135,22.359929121288232,0.7449684138942648,20.89979103005547,23.820067212520993,2.920276182465518,0.029664797258501352
HTI,2015,22.92,22.94306036792073,0.7449684139101408,21.482922276656854,24.403198459184605,2.920276182527752,0.7934797132618954
HTI,2016,23.292,23.567335382420946,0.7449684141044368,22.10719729077625,25.027473474065644,2.9202761832893924,0.598817004308458
HTI,2017,24.638,24.682857331880648,0.7449684164822845,23.22271923557537,26.142995428185927,2.9202761926105554,1.5171724657557561
HTI,2018,27.173,25.878412681345363,0.7449684455830556,24.418274528002573,27.338550834688153,2.920276306685578,2.9686853330343617
HTI,2019,24.381,24.764195684318775,0.7449688017263864,23.304056832935057,26.224334535702493,2.9202777027674345,-1.9433981986946307
HTI,2020,24.899,24.33366744445855,0.7449731602948977,22.87352005028055,25.793814838636546,2.920294788355999,-0.03752240370999971
HTI,2021,23.047,22.894486111411897,0.7450264996172967,21.434234172161997,24.354738050661798,2.920503878499803,-1.8627258182682063
HTI,2022,20.746,21.18319307354587,0.7456789721789039,19.72166228807522,22.64472385901652,2.9230615709413033,-2.833462119555371
HTI,2023,20.94,20.25192966890938,0.7536183554300154,18.77483769226655,21.72902164555221,2.9541839532856606,-0.6159481045798572
HTI,2024,16.883,18.09302730914559,0.8447597057754694,16.43729828582567,19.74875633246551,3.31145804663984,-4.233069408650611
HUN,2000,59.68,59.71959936395165,0.5135255131341016,58.71308935820881,60.72610936969449,2.013020011485678,0.0
HUN,2001,59.614,59.83623496127984,0.4803542867571945,58.89474055923574,60.77772936332394,1.8829888040882024,-0.0660000000000025
HUN,2002,60.806,60.5597680574181,0.47866350605703334,59.62158758554631,61.497948529289886,1.8763609437435707,1.177830991915208
HUN,2003,60.507,60.61087072578076,0.478580193591984,59.67285354634047,61.548887905221044,1.8760343588805772,-0.03819867905471597
HUN,2004,60.947,60.945632109733836,0.47857609562742215,60.00762296230409,61.88364125716358,1.8760182948594948,0.4315292067142735
HUN,2005,61.234,61.27665794651467,0.47857589407468343,60.33864919412829,62.21466669890105,1.876017504772759,0.38270129680279297
HUN,2006,61.71,61.724177609897,0.4785758841616321,60.7861688769402,62.66218634285379,1.8760174659135977,0.5608729172539029
HUN,2007,62.063,62.21041465571116,0.4785758836740745,61.272405923709975,63.14842338771235,1.876017464002372,0.4773866418761088
HUN,2008,63.324,63.099223760052126,0.4785758836500948,62.16121502809794,64.03723249200631,1.8760174639083715,1.3668716153900533
HUN,2009,63.694,63.374195432916615,0.47857588364891535,62.43618670096474,64.31220416486849,1.8760174639037481,0.6731356416795009
HUN,2010,62.79,62.77581850773337,0.47857588364885734,61.83780977578161,63.71382723968513,1.8760174639035208,-0.7547164810618057
HUN,2011,61.995,62.13871359782421,0.47857588364885445,61.20070486587245,63.07672232977596,1.8760174639035094,-0.9623759716727704
HUN,2012,61.916,61.89407359335663,0.4785758836488544,60.956064861404876,62.832082325308384,1.8760174639035092,-0.2924293041363555
HUN,2013,61.771,61.589555155391835,0.4785758836488546,60.65154642344008,62.52756388734359,1.87601746390351,-0.20985301454733474
HUN,2014,60.764,60.78953222195744,0.4785758836488588,59.851523490005675,61.7275409539092,1.8760174639035263,-1.05353979752622
HUN,2015,60.35,60.05923477885899,0.47857588364894377,59.12122604690706,60.997243510810925,1.8760174639038596,-0.6476470074945269
HUN,2016,58.172,58.534891770494035,0.47857588365067144,57.59688303853872,59.47290050244935,1.876017463910632,-2.321630820182776
HUN,2017,58.02,58.001563436792544,0.47857588368579973,57.06355470476838,58.93957216881671,1.876017464048335,-0.6668757502245768
HUN,2018,57.221,57.41788702089541,0.4785758844000299,56.47987828747135,58.35589575431946,1.876017466848117,-0.9468952420938521
HUN,2019,56.987,57.37188586473891,0.47857589892180186,56.43387710285217,58.30989462662564,1.8760175237734633,-0.4439960915055252
HUN,2020,58.441,58.37696266360881,0.4785761941792874,57.4389533230174,59.314972004200214,1.8760186811828066,1.3555335174208736
HUN,2021,59.123,59.20716104072878,0.47858219733356433,58.26913993395499,60.14518214750257,1.876042213547572,0.982621154177167
HUN,2022,60.809,60.267193305466584,0.478704237518301,59.328932999930714,61.205453611002454,1.8765206110717398,1.903919145260005
HUN,2023,60.517,59.847615315106765,0.4811788537949433,58.904504761668676,60.790725868544854,1.8862211068761776,0.13023844969698217
HUN,2024,56.777,57.6000266073337,0.5289883731449438,56.563209395969615,58.63684381869779,2.0736344227281798,-3.7111165879980277
IDN,2000,42.455,41.110208607816965,1.1449840771013955,38.86603981669823,43.354377398935696,4.48833758223747,0.0
IDN,2001,39.061,40.151762660759566,1.0111236145507712,38.169960376240056,42.133564945279076,3.9636045690390227,-3.3939999999999984
IDN,2002,39.37,39.90399335822106,0.981087827184724,37.981061216939,41.82692549950312,3.845864282564118,-1.01382788759377
IDN,2003,39.951,40.00414264665416,0.9747448311715063,38.09364277755801,41.91464251575031,3.8209997381923047,0.1327578629342625
IDN,2004,39.147,40.138916550655544,0.9734245966355384,38.231004341249886,42.0468287600612,3.81582441881131,-0.7439125983612414
IDN,2005,41.41,40.91996480124277,0.9731506548409862,39.012589517754435,42.827340084731105,3.8147505669766657,1.9246936867682791
IDN,2006,41.333,41.381735006039165,0.973093850205828,39.47447105963574,43.28899895244259,3.8145278928068453,0.7991451815243948
IDN,2007,41.77,41.8752580676288,0.973082072770048,39.968017204999505,43.78249893025809,3.814481725258588,0.8008550745726808
IDN,2008,42.543,42.43736108066167,0.9730796309972544,40.530125003907045,44.34459715741629,3.814472153509237,1.137648965161084
IDN,2009,42.368,42.93063600173025,0.9730791247653807,41.0234009171901,44.8378710862704,3.8144701690802925,0.34300401286908055
IDN,2010,43.901,43.79049137167186,0.9730790198563828,41.883256492753354,45.69772625059037,3.8144697578370206,1.6891797904096109
IDN,2011,44.984,44.57834583436208,0.9730789983258736,42.67111099764337,46.4855806710808,3.8144696734374244,1.852133406044274
IDN,2012,45.868,45.10189995781084,0.9730789949219942,43.194665127763734,47.00913478785795,3.8144696600942174,1.7273310616437527
IDN,2013,44.406,45.1263084587191,0.9730789993287099,43.21907362003483,47.03354329740338,3.814469677368543,-0.6754951203908846
IDN,2014,45.142,45.620027485993006,0.9730790249013206,43.712792597186414,47.5272623747996,3.814469777613177,0.42842710797313543
IDN,2015,45.73,46.4252010413278,0.9730791491419588,44.51796590900956,48.332436173646045,3.8144702646364785,0.7830755242127907
IDN,2016,46.888,47.6833266100482,0.9730797485827681,45.77609030282597,49.590562917270425,3.814472614444451,1.514557429637648
IDN,2017,49.834,49.45964010989197,0.973082639925836,47.55239813563733,51.36688208414661,3.814483948509277,3.6356227598342983
IDN,2018,51.403,50.99204277549507,0.97309658575804,49.08477346740931,52.89931208358083,3.8145386161715167,3.2244064918942286
IDN,2019,53.083,52.25668994133751,0.9731638485118321,50.34928879825432,54.164091084420704,3.814802286166382,3.1481675717746214
IDN,2020,53.883,52.98296218754938,0.9734882147041668,51.07492528672922,54.89099908836955,3.816073801640334,2.233453738234445
IDN,2021,54.01,53.12282285633606,0.9750512293038508,51.21172244690051,55.033923265771605,3.822200818871095,1.1439574958302785
IDN,2022,51.876,52.68465120128622,0.9825552695944065,50.75884287288118,54.61045952969126,3.8516166568100734,-1.6131223429523587
IDN,2023,52.811,52.7733489954675,1.0179732767617302,50.77812137301451,54.768576617920495,3.9904552449059825,0.20049772208242445
IDN,2024,52.936,52.83751561478689,1.173893698306285,50.536683966106565,55.13834726346721,4.601663297360638,0.21629253849233976
IND,2000,54.977,55.294068137564906,0.7914149531690945,53.74289482935348,56.84524144577633,3.1023466164228504,0.0
IND,2001,54.941,55.58730619380873,0.7034522865287276,54.20853971221242,56.96607267540504,2.757532963192612,-0.03599999999999426
IND,2002,57.054,56.42782042368477,0.6875260979429828,55.080269271716524,57.77537157565302,2.6951023039364927,2.09996768526527
IND,2003,56.774,56.738101204128846,0.6848065039172144,55.3958804564511,58.08032195180659,2.6844414953554807,0.5651367837414654
IND,2004,57.055,57.01798376801462,0.684347261009168,55.67666313643665,58.359304399592595,2.6826412631559386,0.5122037977146618
IND,2005,57.505,57.266521897950504,0.6842698604784322,55.92535297141278,58.60769082448823,2.6823378530754542,0.6601207399142908
IND,2006,57.332,57.31312264211635,0.6842568196895913,55.971979275524745,58.65426600870795,2.6822867331831977,0.09792473423178194
IND,2007,57.101,57.34373850436427,0.6842546226396908,56.002599443990476,58.68487756473806,2.682278120747588,-0.1908069263604233
IND,2008,57.866,57.57989935617638,0.6842542524946769,56.23876102128681,58.92103769106594,2.6822766697791334,0.6866825383658508
IND,2009,57.74,57.57379722625409,0.6842541901353686,56.232659013588766,58.91493543891941,2.682276425330645,0.15585219609838674
IND,2010,57.174,57.426958679237146,0.6842541796311697,56.085820487160056,58.768096871314235,2.6822763841541852,-0.5020296825633537
IND,2011,57.441,57.49431931425826,0.684254177871486,56.15318112563015,58.83545750288638,2.6822763772562253,0.060939380014986
IND,2012,57.521,57.606829431935566,0.6842541776343458,56.265691243772245,58.947967620098886,2.6822763763266355,0.10501287671852566
IND,2013,57.42,57.79201779955801,0.6842541779464953,56.45087961078288,59.133155988333144,2.6822763775502616,-0.057896933588587274
IND,2014,57.782,58.292221681213164,0.684254180089037,56.95108348823865,59.633359874187676,2.682276385949025,0.3382359107548467
IND,2015,59.253,59.22446872147246,0.6842541928552401,57.88333050347619,60.565606939468736,2.6822764359925415,1.6098306404378988
IND,2016,59.873,60.13255617748057,0.6842542686392579,58.79141781094763,61.47369454401352,2.682276733065891,1.280763129236199
IND,2017,61.392,61.26042941461678,0.6842547184683846,59.91929016641875,62.60156866281481,2.6822784963960675,2.0446957047702057
IND,2018,62.626,62.27689191916082,0.6842573884938085,60.935747437712955,63.61803640060868,2.682288962895729,2.0732556945335006
IND,2019,63.304,62.997738295473376,0.684273236633736,61.65656275167125,64.33891383927549,2.682351087604245,1.5289782867944552
IND,2020,63.627,63.45924980018944,0.6843672981976512,62.117889895722044,64.80060970465684,2.6827198089347926,0.9505768717157892
IND,2021,63.955,63.77871456551508,0.6849253494579137,62.43626088057757,65.1211682504526,2.6849073698750217,0.718169085217994
IND,2022,62.704,63.94890516485532,0.688228436109432,62.599977430080834,65.29783289962981,2.697855469548973,-0.956223866318588
IND,2023,65.095,65.17325080971975,0.7075170793367058,63.7865173342198,66.55998428521968,2.773466950999887,1.9985130772835689
IND,2024,67.988,66.46385731381355,0.8126379199668667,64.87108699067849,68.0566276369486,3.1855406462701175,3.713299801479991
IRL,2000,67.279,67.41124308084983,0.430521428386833,66.56742108121163,68.25506508048802,1.6876439992763852,0.0
IRL,2001,68.184,68.03593216872633,0.41174948241009773,67.22890318320255,68.84296115425012,1.614057971047583,0.9050000000000011
IRL,2002,67.916,68.00654635404604,0.41125886607267953,67.20047897654358,68.8126137315485,1.6121347550049037,-0.1255372699711188
IRL,2003,68.427,68.37714004328696,0.4112463290980781,67.57109723825472,69.18318284831919,1.6120856100644663,0.49094606872648683
IRL,2004,68.399,68.5274823379606,0.41124600892509383,67.72144016046742,69.33352451545379,1.6120843549863677,0.05045527150389262
IRL,2005,69.221,69.2453825684733,0.41124600074854556,68.43934040700616,70.05142472994045,1.6120843229342985,0.8300630437071419
IRL,2006,70.181,70.07099036761232,0.41124600053973365,69.26494820655445,70.8770325286702,1.612084322115756,1.0926488992023877
IRL,2007,70.445,70.41064156858057,0.41124600053440113,69.60459940753314,71.216683729628,1.6120843220948524,0.43861164629628036
IRL,2008,70.533,70.59851781958602,0.4112460005342649,69.79247565853886,71.40455998063318,1.6120843220943184,0.1580926909939251
IRL,2009,71.032,71.07581251545447,0.4112460005342614,70.26977035440731,71.88185467650163,1.6120843220943046,0.5242641311097174
IRL,2010,71.896,71.7466446362325,0.41124600053426136,70.94060247518536,72.55268679727965,1.6120843220943044,0.9477804560173411
IRL,2011,71.761,71.75771430785309,0.41124600053426136,70.95167214680595,72.56375646890024,1.6120843220943044,0.01646082689535433
IRL,2012,71.948,71.75426976154844,0.41124600053426136,70.9482276005013,72.56031192259559,1.6120843220943044,0.1896305358346666
IRL,2013,70.757,70.89504117527035,0.41124600053426136,70.08899901422319,71.70108333631751,1.6120843220943044,-1.1606959379360546
IRL,2014,70.75,70.64559573693943,0.41124600053426136,69.83955357589227,71.45163789798659,1.6120843220943044,-0.19248595871306406
IRL,2015,69.651,69.93495486135214,0.41124600053426147,69.12891270030498,70.7409970223993,1.6120843220943049,-1.1297603752402097
IRL,2016,70.567,70.4786563143571,0.4112460005342673,69.67261415330994,71.28469847540426,1.6120843220943277,0.7354577240529636
IRL,2017,70.612,70.63210833180717,0.4112460005344941,69.82606617075956,71.43815049285479,1.612084322095217,0.16253041996637307
IRL,2018,70.959,70.87438690296727,0.4112460005433767,70.06834474190225,71.6804290640323,1.6120843221300365,0.372973305998741
IRL,2019,70.634,70.74289554232894,0.41124600089119706,69.93685338058219,71.54893770407568,1.6120843234934925,-0.26539669738090765
IRL,2020,71.106,71.09243939794911,0.41124601451096815,70.28639720950761,71.8984815863906,1.612084376882995,0.4295880648462287
IRL,2021,71.209,71.38208064414523,0.41124654782667047,70.57603741040496,72.1881238778855,1.6120864674805482,0.17165067021892355
IRL,2022,72.616,72.43628840340467,0.4112674305874548,71.63020423945326,73.24237256735609,1.6121683279028227,1.4344307750106395
IRL,2023,73.557,72.69663807735078,0.41208431506051046,71.88895281983218,73.50432333486938,1.615370515037201,1.1702303770645415
IRL,2024,68.355,69.15642461830791,0.442888422957825,68.28836330931057,70.02448592730525,1.7361226179946738,-5.014990382484726
IRN,2000,37.833,37.8050696792263,1.0037293503116185,35.83776015261553,39.77237920583707,3.934619053221544,0.0
IRN,2001,37.036,37.72349818388732,0.9384975385748591,35.8840430082806,39.562953359494045,3.6789103512134473,-0.796999999999997
IRN,2002,39.934,39.50331016574945,0.9351351321076621,37.67044530681843,41.336175024680465,3.6657297178620354,2.726029697522975
IRN,2003,40.041,40.1170406072364,0.9349676206748821,38.28450407071363,41.949577143759164,3.665073073045538,0.7139035066382462
IRN,2004,40.506,40.936649017892435,0.93495929037663,39.10412880875424,42.76916922703063,3.6650404182763894,0.6241814433241188
IRN,2005,43.405,42.922228459694146,0.9349588761501657,41.08970906243982,44.75474785694847,3.6650387945086496,3.038186385637289
IRN,2006,43.737,43.60071649463981,0.9349588555527277,41.76819713775647,45.43323585152316,3.6650387137666924,1.009488546368189
IRN,2007,43.958,43.91022047837223,0.934958854528519,42.07770112349633,45.74273983324813,3.6650387097517942,0.4461070110452994
IRN,2008,44.155,44.09036264822518,0.9349588544775903,42.257843293449106,45.922882003001256,3.665038709552154,0.29647791598195283
IRN,2009,44.107,44.09550086690636,0.9349588544750579,42.26298151213525,45.92802022167748,3.6650387095422268,0.01811195184119896
IRN,2010,44.141,44.06950548139153,0.9349588544749319,42.236986126620664,45.9020248361624,3.665038709541733,0.03803880499475554
IRN,2011,43.719,43.8499405435969,0.9349588544749257,42.01742118882605,45.68245989836775,3.6650387095417085,-0.4135176830771954
IRN,2012,43.892,43.98489372680861,0.9349588544749254,42.152374372037755,45.81741308157946,3.6650387095417076,0.08078921573567754
IRN,2013,44.545,44.37135426272267,0.9349588544749258,42.538834907951816,46.20387361749352,3.665038709541709,0.6710152802357783
IRN,2014,44.195,44.287673474878105,0.934958854474935,42.45515412010723,46.12019282964898,3.665038709541745,-0.20036953006835034
IRN,2015,44.198,44.45490371335444,0.9349588544751191,42.622384358583204,46.287423068125676,3.6650387095424666,-0.041680632210905344
IRN,2016,44.8,45.31769408344551,0.9349588544788217,43.48517472866702,47.150213438224,3.6650387095569807,0.5927055878331444
IRN,2017,48.09,47.58212773893641,0.9349588545532822,45.74960838401197,49.41464709386084,3.6650387098488664,3.422168101458773
IRN,2018,48.565,48.471510438034535,0.9349588560507275,46.63899108017511,50.30402979589396,3.6650387157188518,1.238113205151521
IRN,2019,49.502,49.107772576218125,0.9349588861652308,47.27525315933427,50.94029199310198,3.6650388337677047,1.2130882891523882
IRN,2020,49.06,48.67667420337029,0.9349594917853533,46.844153599471,50.50919480726958,3.665041207798585,-0.17149204567938625
IRN,2021,47.246,47.20773119186891,0.9349716710780452,45.37518671655594,49.04027566718188,3.6650889506259374,-1.8522412087181266
IRN,2022,44.801,45.635176376268454,0.935216570130571,43.80215189881253,47.468200853724376,3.6660489549118385,-2.858033399760842
IRN,2023,44.359,46.32113243422121,0.9401280918677534,44.47848137416042,48.16378349428201,3.685302120121593,-1.07931615848792
IRN,2024,54.535,52.31951109740714,1.033960996284175,50.29294754469015,54.34607465012412,4.0531271054339655,9.935322047118468
IRQ,2000,23.581,23.641224780100952,1.2452704578619043,21.20049468269162,26.081954877510285,4.881460194818665,0.0
IRQ,2001,23.508,23.71163345049433,1.1156955369605845,21.524870198051584,25.898396702937074,4.373526504885492,-0.0730000000000004
IRQ,2002,22.866,24.000389369394615,1.0967587598372484,21.850742200113608,26.15003653867562,4.299294338562014,-0.6664194384308892
IRQ,2003,25.063,25.50550142694268,1.0941398062840384,23.360987406625963,27.650015447259396,4.28902804063343,1.9535807556932099
IRQ,2004,25.779,27.485088423646218,1.0937806460623032,25.341278357364104,29.628898489928332,4.2876201325642285,1.4376795533450775
IRQ,2005,34.093,31.29403946691646,1.093731449020727,29.150325826835832,33.437753106997086,4.28742728016125,8.84591390928681
IRQ,2006,32.384,32.10178746817838,1.0937247111948378,29.9580870342365,34.24548790212026,4.287400867883764,1.5645056487869198
IRQ,2007,32.264,32.60693130657887,1.0937237884300866,30.463232681255903,34.75062993190184,4.287397250645939,0.4589752528944331
IRQ,2008,33.019,33.47978539610269,1.0937236620551685,31.33608701847456,35.623483773730825,4.28739675525626,0.9248532434460799
IRQ,2009,35.471,34.84671952575229,1.0937236447478365,32.703021182046534,36.99041786945805,4.287396687411519,2.794261171557011
IRQ,2010,36.15,35.54426498906206,1.0937236423776955,33.40056665000177,37.68796332812234,4.287396678120566,1.713074518933766
IRQ,2011,36.177,35.59230727574965,1.0937236420541205,33.44860893732357,37.736005614175724,4.287396676852152,0.6609588958261696
IRQ,2012,34.953,35.01340911010898,1.0937236420172676,32.86971077175514,37.157107448462824,4.287396676707689,-0.9793983975984233
IRQ,2013,34.271,34.499284992862755,1.093723642066701,32.35558665441202,36.64298333131349,4.2873966769014675,-1.0444467708965277
IRQ,2014,33.268,34.22994089552977,1.0937236424712766,32.08624255628607,36.37363923477348,4.287396678487404,-1.3895192759379995
IRQ,2015,34.887,34.992043975737246,1.0937236454313854,32.84834563069173,37.13574232078276,4.287396690091031,1.1047794581734962
IRQ,2016,35.912,35.86678111984128,1.093723667046344,33.72308273243044,38.010479507252114,4.287396774821668,1.4338466431655306
IRQ,2017,36.98,36.69303203518842,1.093723824874683,34.549333338434046,38.8367307319428,4.2873973935087575,1.598624807091916
IRQ,2018,37.176,37.21157974473059,1.0937249773059694,35.067878789210894,39.35528070025029,4.2874019110394,0.7876043978055947
IRQ,2019,37.779,37.768278059419636,1.093733392099205,35.62456061090519,39.91199550793408,4.287434897028883,0.8944694075844097
IRQ,2020,38.578,38.31347970586141,1.0937948333274257,36.169641832539654,40.45731757918317,4.287675746643509,1.13001702968824
IRQ,2021,39.303,38.575047802612836,1.0942433607120685,36.43033081561718,40.71976478960849,4.289433973991309,1.1431863320230136
IRQ,2022,37.885,38.05606457560977,1.0975128650816983,35.90493936004964,40.207189791169895,4.302250431120258,-0.9949400934254484
IRQ,2023,36.143,37.72050641610285,1.1210971928500046,35.52315591811684,39.91785691408886,4.394700995972018,-2.110198299070781
IRQ,2024,40.341,39.07643943656613,1.28020379060507,36.5672400069802,41.58563886615207,5.0183988591718744,3.417077179064208
ISL,2000,64.19,64.32811645506449,0.4928239471905942,63.36218151857092,65.29405139155806,1.931869872987129,0.0
ISL,2001,65.943,65.9356165077276,0.485262566579362,64.98450187723205,66.88673113822315,1.9022292609910991,1.7530000000000001
ISL,2002,67.616,67.46106835106602,0.48521772047017797,66.51004161894447,68.41209508318757,1.9020534642430975,1.8071530823949757
ISL,2003,67.26,67.26486005123868,0.4852174565466699,66.31383383640721,68.21588626607016,1.902052429662946,-0.21737060015203724
ISL,2004,67.08,67.12265851225689,0.48521745499352725,66.17163230046958,68.0736847240442,1.9020524235746268,-0.19667505700350318
ISL,2005,67.523,67.45449478817459,0.4852174549843875,66.50346857640518,68.40552099994399,1.902052423538799,0.4279125500114418
ISL,2006,66.835,67.02507477068504,0.48521745498433366,66.07404855891575,67.97610098245433,1.9020524235385878,-0.6551737265554181
ISL,2007,68.878,68.70783879797564,0.48521745498433344,67.75681258620635,69.65886500974493,1.902052423538587,1.9927399365802643
ISL,2008,68.457,68.49970602364917,0.4852174549843331,67.54867981187988,69.45073223541846,1.9020524235385858,-0.268131788818593
ISL,2009,68.865,68.76613902910859,0.4852174549843334,67.8151128173393,69.71716524087788,1.902052423538587,0.38743092012903446
ISL,2010,67.872,67.93399085719385,0.4852174549843331,66.98296464542456,68.88501706896314,1.9020524235385858,-0.9632791766103992
ISL,2011,67.863,67.7907089615091,0.4852174549843334,66.83968274973981,68.74173517327839,1.902052423538587,-0.08289562576311482
ISL,2012,66.802,66.84410120868532,0.4852174549843331,65.89307499691603,67.7951274204546,1.9020524235385858,-1.0673591368811088
ISL,2013,66.241,66.36533829887014,0.4852174549843334,65.41431208710085,67.31636451063943,1.902052423538587,-0.6428798674869682
ISL,2014,67.389,67.26827044559542,0.4852174549843331,66.31724423382613,68.21929665736471,1.9020524235385858,1.0986830301620074
ISL,2015,66.826,66.82960929391658,0.4852174549843334,65.87858308214729,67.78063550568586,1.902052423538587,-0.4787171960108054
ISL,2016,66.477,66.43105600608553,0.4852174549843331,65.48002979431624,67.38208221785482,1.9020524235385858,-0.3857236286444419
ISL,2017,65.312,65.52195536602103,0.4852174549843334,64.57092915425174,66.47298157779032,1.902052423538587,-1.1945898526641088
ISL,2018,67.022,66.94595960161844,0.4852174549843339,65.99493338984915,67.89698581338773,1.9020524235385887,1.618359936728325
ISL,2019,67.529,67.52497364918933,0.4852174549844647,66.57394743741979,68.47599986095888,1.9020524235391016,0.6311485574880749
ISL,2020,68.091,68.05924533610757,0.4852174550066537,67.10821912429452,69.01027154792061,1.9020524236260825,0.6104170308437205
ISL,2021,68.113,68.24064696994498,0.4852174587772416,67.28962075074158,69.19167318914837,1.902052438406787,0.06882666205801513
ISL,2022,70.003,69.84051088739113,0.48521809950808503,68.88948341235529,70.79153836242698,1.9020549500716932,1.8952798704523701
ISL,2023,70.233,69.63473321513031,0.4853269658194456,68.6834923621242,70.58597406813642,1.9024817060122268,0.37539179858130467
ISL,2024,62.164,62.78078465217569,0.5034847353309867,61.79395457092696,63.76761473342442,1.973660162497468,-8.040202728621097
ISR,2000,68.466,68.272543987066,0.4591662740991239,67.37257808983172,69.17250988430028,1.7999317944685658,0.0
ISR,2001,67.22,67.4559139807823,0.43696757446616086,66.59945753482863,68.31237042673597,1.7129128919073506,-1.2459999999999951
ISR,2002,67.713,67.56847763532572,0.4362822020887356,66.7133645192318,68.42359075141964,1.7102262321878434,0.28079774497768994
ISR,2003,66.999,67.11181150256375,0.4362615652807526,66.25673883461347,67.96688417051404,1.7101453359005503,-0.665321297583958
ISR,2004,66.929,67.09947568334671,0.43626094438631696,66.24440423234952,67.9545471343439,1.7101429019943624,-0.1854002183849417
ISR,2005,67.992,67.75859190680067,0.43626092570606434,66.90352049241679,68.61366332118456,1.7101428287677722,1.0308417535785992
ISR,2006,67.438,67.49838440104034,0.4362609251440499,66.64331298775801,68.35345581432267,1.7101428265646756,-0.37519719547047714
ISR,2007,67.39,67.47601274745575,0.436260925127141,66.62094133420656,68.33108416070495,1.7101428264983927,-0.11307915646158051
ISR,2008,67.86,67.79241923419669,0.43626092512663234,66.93734782094849,68.64749064744488,1.7101428264963987,0.4503860577639216
ISR,2009,67.851,67.84264556929911,0.4362609251266169,66.98757415605094,68.69771698254728,1.7101428264963383,0.06912090572176055
ISR,2010,67.904,67.85996633423846,0.4362609251266166,67.0048949209903,68.71503774748663,1.7101428264963372,0.06498924270903217
ISR,2011,67.634,67.70385183708393,0.43626092512661657,66.84878042383576,68.5589232503321,1.710142826496337,-0.25872740748722833
ISR,2012,67.864,67.82286255294252,0.43626092512661657,66.96779113969436,68.6779339661907,1.710142826496337,0.18512290165396905
ISR,2013,67.515,67.77984533429012,0.43626092512661657,66.92477392104195,68.63491674753828,1.710142826496337,-0.31688983917740643
ISR,2014,68.936,68.7799736083549,0.43626092512661657,67.92490219510672,69.63504502160306,1.710142826496337,1.3660344414001742
ISR,2015,69.194,69.16556121993919,0.43626092512661735,68.31048980669102,70.02063263318736,1.71014282649634,0.49494305356424206
ISR,2016,69.77,69.43913709713401,0.43626092512664194,68.5840656838858,70.29420851038222,1.7101428264964365,0.661849459499507
ISR,2017,67.953,68.40954429002086,0.4362609251274608,67.55447287677104,69.26461570327068,1.7101428264996463,-1.7022000892650055
ISR,2018,69.134,69.17814105508765,0.43626092515467646,68.32306964178449,70.03321246839081,1.7101428266063317,0.885747937018067
ISR,2019,70.033,70.12059605625244,0.4362609260592736,69.26552464117626,70.97566747132862,1.7101428301523525,1.05263581951138
ISR,2020,71.574,71.40806537116546,0.43626095612630234,70.5529938971579,72.26313684517302,1.7101429480151051,1.7235830577964606
ISR,2021,72.273,72.04196848066134,0.436261955494066,71.18689504789297,72.8970419134297,1.7101468655367387,0.9979610074305896
ISR,2022,71.744,71.76590846500083,0.43629517121190936,70.9107699294255,72.62104700057617,1.7102770711506847,-0.3559004636542795
ISR,2023,72.361,71.57613925215638,0.43739776115387247,70.71883964029479,72.43343886401797,1.71459922372318,0.5552679235109679
ISR,2024,67.462,68.29504145797912,0.47258420679699803,67.36877641265701,69.22130650330124,1.8525300906442324,-4.802686998398002
ITA,2000,75.297,75.5910946379358,0.6697130502366042,74.27845705947205,76.90373221639955,2.6252751569274886,0.0
ITA,2001,75.415,75.95948411848728,0.6016345240167261,74.7802804514145,77.13868778556007,2.3584073341455665,0.11800000000000921
ITA,2002,77.373,76.95376990275294,0.5923302573533833,75.7928025983403,78.11473720716558,2.3219346088252624,1.9964713955353943
ITA,2003,77.954,77.46614159739984,0.5911254409228107,76.30753573319113,78.62474746160855,2.317211728417418,1.288092759429972
ITA,2004,77.466,77.41770947692049,0.590970623677265,76.25940705451305,78.57601189932794,2.316604844814879,-0.027201690453139804
ITA,2005,77.912,77.31376635277061,0.5909507497936249,76.1555028831751,78.47202982236612,2.31652693919101,0.43625652315742514
ITA,2006,76.176,76.52214067582456,0.5909481989125959,75.36388220595587,77.68039914569324,2.316516939737376,-1.5797100404207214
ITA,2007,76.194,76.12841121330918,0.5909478715036943,74.97015338516194,77.28666904145642,2.3165156562944818,-0.5479468484430612
ITA,2008,75.135,75.65928601791377,0.5909478294804252,74.50102827213213,76.81754376369541,2.316515491563267,-1.2553079426602523
ITA,2009,75.781,75.79283897153935,0.5909478240867007,74.63458123632942,76.95109670674928,2.3165154704198665,0.1962720645262266
ITA,2010,76.146,75.94000107972913,0.5909478233944406,74.78174334587602,77.09825881358223,2.3165154677062074,0.4353166380862632
ITA,2011,76.05,75.85036296108244,0.5909478233058213,74.69210522740303,77.00862069476185,2.3165154673588195,0.05995700153061989
ITA,2012,74.783,75.53123773620005,0.5909478232962608,74.37298000253938,76.68949546986073,2.3165154673213424,-1.2455197408777394
ITA,2013,76.192,76.0722280178786,0.590947823309167,74.91397028419263,77.23048575156457,2.3165154673719344,0.962778773196419
ITA,2014,76.334,76.47553780833076,0.5909478234209363,75.31728007442572,77.63379554223579,2.3165154678100706,0.486926147070605
ITA,2015,77.197,77.04154837932383,0.5909478242931872,75.88329064370919,78.19980611493847,2.3165154712292937,1.0374466792300012
ITA,2016,76.754,77.42886394070321,0.5909478310891964,76.27060619176838,78.58712168963804,2.31651549786965,-0.07132324951392377
ITA,2017,79.173,78.59195023928906,0.590947884037849,77.43369238657488,79.75020809200325,2.316515705428368,2.3934476567864493
ITA,2018,79.064,79.08710723533922,0.5909482965678376,77.92884857406625,80.24536589661218,2.3165173225459235,0.7484791026302844
ITA,2019,79.099,79.60882649959301,0.5909515106351723,78.45056153874808,80.76709146043794,2.316529921689875,0.30315091921529813
ITA,2020,80.888,80.71660238294034,0.5909765512718849,79.55828834244744,81.87491642343323,2.3166280809857884,1.8976071706783415
ITA,2021,81.533,81.62735298797266,0.5911716099511523,80.4686566324684,82.78604934347692,2.317392711008517,1.324838762817464
ITA,2022,82.612,82.64656439913561,0.5926891401663792,81.48489368440951,83.80823511386171,2.3233414294522063,1.5536381439549842
ITA,2023,84.439,83.70550833678475,0.6043819478352426,82.52091971902767,84.89009695454182,2.369177235514151,2.3836080535387225
ITA,2024,84.109,83.92128769860189,0.6887169362775014,82.57140250349798,85.2711728937058,2.6997703902078056,0.5239539559076718
JAM,2000,47.57,47.39482917389006,0.6625771418176976,46.096177975927375,48.69348037185274,2.5973023959253743,0.0
JAM,2001,45.95,46.187844224117455,0.6430370394081272,44.927491626877526,47.448196821357385,2.5207051944798584,-1.6199999999999974
JAM,2002,46.518,46.52601887757415,0.6427543048287099,45.26622044010988,47.78581731503842,2.5195968749285425,0.37604243248114955
JAM,2003,46.922,46.91628832432169,0.6427502750283792,45.65649778526607,48.17607886337731,2.5195810781112464,0.4488843661619413
JAM,2004,47.535,47.26945175952906,0.6427502176044849,46.00966133302427,48.529242186033855,2.5195808530095807,0.6665843165079579
JAM,2005,45.667,45.89747591331462,0.6427502167862079,44.63768548841365,47.15726633821559,2.519580849801935,-1.7884282430159146
JAM,2006,45.998,46.022791296654134,0.6427502167745477,44.76300087177602,47.282581721532246,2.519580849756227,0.11751105793430128
JAM,2007,46.251,46.30916381831089,0.6427502167743817,45.04937339343311,47.56895424318868,2.519580849755576,0.26702757507599273
JAM,2008,47.061,46.97339871084105,0.6427502167743792,45.71360828596327,48.23318913571884,2.5195808497555663,0.8418757181034735
JAM,2009,47.238,47.06853013364652,0.6427502167743789,45.808739708768734,48.328320558524304,2.5195808497555654,0.2774967111010511
JAM,2010,45.87,46.06269729118247,0.6427502167743792,44.80290686630468,47.32248771606025,2.5195808497555663,-1.3348745561757767
JAM,2011,46.333,46.308726128739,0.6427502167743789,45.04893570386122,47.56851655361679,2.5195808497555654,0.3036528425236611
JAM,2012,46.415,46.39705929205475,0.6427502167743792,45.137268867176964,47.656849716932534,2.5195808497555663,0.1182477635759085
JAM,2013,46.396,46.36884029912959,0.6427502167743789,45.1090498742518,47.62863072400737,2.5195808497555654,-0.004884482615551633
JAM,2014,46.038,46.16417778407783,0.6427502167743792,44.904387359200044,47.423968208955614,2.5195808497555663,-0.3585830723321024
JAM,2015,46.889,46.77923168427848,0.6427502167743789,45.51944125940069,48.039022109156264,2.5195808497555654,0.8081950839643355
JAM,2016,46.423,46.68117359785523,0.6427502167743792,45.42138317297744,47.94096402273301,2.5195808497555663,-0.36952382647474025
JAM,2017,48.146,48.26034528443365,0.6427502167743835,47.000554859555855,49.52013570931144,2.519580849755583,1.6788890600647761
JAM,2018,50.859,50.58236332341867,0.6427502167747003,49.32257289854026,51.84215374829708,2.5195808497568253,2.9134129887724214
JAM,2019,51.223,51.10720584127767,0.6427502167969189,49.84741541635571,52.36699626619963,2.5195808498439223,0.7117810526597523
JAM,2020,50.755,50.87978936688419,0.6427502183561625,49.61999893890611,52.13957979486227,2.519580855956157,-0.38303299919672895
JAM,2021,51.592,51.46306942858482,0.6427503277785396,50.20327878613888,52.72286007103075,2.519581284891875,0.7912764379175101
JAM,2022,51.144,51.20874953884144,0.6427580066214588,49.948943845863376,52.4685552318195,2.5196113859561184,-0.3535434455793478
JAM,2023,52.502,51.37507628080317,0.6432966527242103,50.11421484146372,52.63593772014262,2.5217228786789043,1.3157966762218862
JAM,2024,43.119,44.22032127993477,0.6800322758982505,42.887458019174204,45.55318454069534,2.665726521521142,-9.225930214526343
JOR,2000,48.875,48.331457193592044,0.4818072239693318,47.38711503461215,49.27579935257194,1.8886843179597805,0.0
JOR,2001,46.762,46.78757811414187,0.4498703593109708,45.90583220989237,47.66932401839138,1.7634918084990054,-2.1129999999999995
JOR,2002,44.538,45.31102160468744,0.4481628272493546,44.432622463278705,46.189420746096175,1.75679828281747,-2.6875112188675416
JOR,2003,45.675,45.869087382128164,0.448074653059042,44.99086106213244,46.74731370212389,1.7564526399914446,0.5279566479455724
JOR,2004,47.208,46.93799853683719,0.44807010852102386,46.05978112413599,47.816215949538396,1.7564348254024136,1.6528425713028625
JOR,2005,47.769,47.29625556349316,0.4480698743164427,46.418038609832934,48.17447251715339,1.7564339073204553,0.9362158319469529
JOR,2006,45.924,46.410231239291676,0.4480698622466771,45.532014309288186,47.288448169295165,1.7564338600069742,-1.6324664274389562
JOR,2007,47.068,46.80398604422268,0.44806986162466017,45.92576911543835,47.682202973007016,1.7564338575686678,0.7734081042367293
JOR,2008,46.563,46.50284606844042,0.44806986159260453,45.62462913971891,47.381062997161926,1.7564338574430098,-0.32942592750762856
JOR,2009,45.588,46.043378655166975,0.4480698615909525,45.16516172644871,46.92159558388524,1.756433857436534,-1.049784129355288
JOR,2010,46.864,46.78248519527443,0.44806986159086737,45.90426826655633,47.660702123992536,1.7564338574362,1.0376848415022408
JOR,2011,47.419,47.307041666663444,0.448069861590863,46.428824737945355,48.185258595381534,1.7564338574361829,0.7905684569413296
JOR,2012,47.534,47.5369195432643,0.4480698615908628,46.65870261454621,48.415136471982386,1.7564338574361822,0.2944697041527249
JOR,2013,47.819,47.77448176886276,0.4480698615908631,46.896264840144674,48.65269869758085,1.7564338574361833,0.3518485951118038
JOR,2014,47.884,47.89487031561999,0.4480698615908695,47.016653386901886,48.77308724433809,1.7564338574362084,0.1448743773759631
JOR,2015,47.654,48.04386994684355,0.44806986159099316,47.165653018125205,48.922086875561895,1.7564338574366931,-0.1971115620428705
JOR,2016,49.503,49.21902211769666,0.4480698615933932,48.34080518897361,50.09723904641971,1.7564338574461011,1.8042530164664257
JOR,2017,49.635,49.6467336933373,0.44806986163996376,48.76851676452297,50.524950622151636,1.756433857628658,0.5415897733318147
JOR,2018,50.131,50.105328796458835,0.4480698625436312,49.22711186587332,50.98354572704435,1.7564338611710342,0.6189481843584588
JOR,2019,50.76,50.496356314742435,0.4480698800786118,49.61813934978836,51.37457327969651,1.7564339299081584,0.7695095871930562
JOR,2020,49.986,50.19346361841433,0.4480702203314746,49.31524598656463,51.07168125026402,1.7564352636993803,-0.5993109433551922
JOR,2021,50.816,50.43662306239657,0.44807682262904236,49.558392490043644,51.3148536347495,1.756461144705846,0.6939483314125923
JOR,2022,49.407,49.68124796646244,0.44820491595233963,48.802766331195855,50.55972960172903,1.7569632705331713,-1.2514643677060704
JOR,2023,49.128,49.64770395689982,0.4506832625535004,48.76436476229496,50.531043151504676,1.7666783892097215,-0.5630992931830932
JOR,2024,51.489,50.98204054327929,0.4963298575719424,50.009234022438285,51.954847064120294,1.9456130416820143,2.233168864481172
JPN,2000,73.082,73.06660641146341,0.5483311102259026,71.99187743542065,74.14133538750617,2.1494579520855384,0.0
JPN,2001,73.406,73.05607303391761,0.4838481538794277,72.10773065231393,74.0044154155213,1.8966847632073565,0.3240000000000123
JPN,2002,72.265,72.82669164283787,0.46891832757518637,71.90761172079051,73.74577156488523,1.8381598440947304,-1.013410407490852
JPN,2003,72.742,72.94859812656783,0.4656654768832638,72.03589379187663,73.86130246125903,1.825408669382394,0.022884850714646632
JPN,2004,72.797,73.19971325662019,0.46496733261724055,72.2883772846904,74.11104922854997,1.8226719438595829,0.0655106331589792
JPN,2005,73.102,73.70268950278431,0.46481799060343804,72.79164624120158,74.61373276436704,1.822086523165477,0.3352432084248136
JPN,2006,75.331,74.58134329648587,0.4647860672994957,73.67036260457886,75.49232398839288,1.821961383814023,2.383935693281984
JPN,2007,75.21,74.99115388489456,0.4647792444299303,74.0801865658119,75.90212120397722,1.8219346381653267,0.981015062396736
JPN,2008,75.476,75.26409580583058,0.4647777862482497,74.353131344784,76.17506026687715,1.821928922093139,0.7195136448561499
JPN,2009,75.068,75.40451060982939,0.464777474615091,74.49354675958381,76.31547446007497,1.8219277004911567,-0.07537234663716674
JPN,2010,75.72,75.75538269672568,0.4647774080468741,74.8444189769538,76.66634641649755,1.8219274395437466,0.617155651803273
JPN,2011,76.102,76.1283834951602,0.464777393976484,75.21741980296629,77.0393471873541,1.8219273843878172,0.6673088415708435
JPN,2012,76.141,76.5178848096039,0.4647773917013757,75.6069211218692,77.42884849733859,1.8219273754693928,0.34749451323466474
JPN,2013,77.502,77.14309385711074,0.46477739464016093,76.23213016361602,78.05405755060546,1.8219273869894308,1.5216454858989863
JPN,2014,77.853,77.54383921924972,0.46477741129409994,76.63287549311329,78.45480294538615,1.8219274522728717,1.0544513360685812
JPN,2015,77.598,77.75123216992041,0.46477748983937495,76.84026828983524,78.66219605000559,1.8219277601703499,0.23246913049385398
JPN,2016,77.756,78.05445813503987,0.4647778574900521,77.14349353435937,78.96542273572037,1.8219292013610042,0.2654696584440188
JPN,2017,79.357,78.54434296417251,0.4647795777750202,77.63337499173348,79.45531093661155,1.8219359448780792,1.723725686033859
JPN,2018,78.58,78.52598351603113,0.4647876270173434,77.61499976707714,79.43696726498513,1.821967497907986,0.019872300189476277
JPN,2019,78.127,78.47384158937137,0.4648252880745132,77.56278402474533,79.38489915399742,1.8221151292520916,-0.44381310576828525
JPN,2020,78.51,78.63861804912433,0.46500146598842296,77.72721517578702,79.55002092246164,1.822805746674618,0.17782676778898576
JPN,2021,78.523,78.88383359269697,0.46582492816722054,77.97081673348922,79.79685045190473,1.8260337184155044,0.09520868705024554
JPN,2022,79.598,79.3547182690665,0.4696587768220531,78.43418706649527,80.27524947163772,1.841062405142448,1.119014639952681
JPN,2023,80.427,79.6734519862231,0.487196919155032,78.71854602467924,80.62835794776696,1.9098119230877253,1.3463165181166232
JPN,2024,79.277,79.52090883162612,0.5620341549222849,78.41932188797844,80.62249577527379,2.203173887295357,-0.5276026259456188
KAZ,2000,33.507,34.19871256328061,1.1406300832413865,31.96307760012749,36.434347526433726,4.471269926306235,0.0
KAZ,2001,35.076,34.71019639672213,1.0080456831972886,32.73442685765545,36.685965935788815,3.9515390781333712,1.5690000000000026
KAZ,2002,35.584,34.97435460849653,0.9791426016899172,33.055235109184295,36.89347410780877,3.838238998624475,1.113681372025809
KAZ,2003,35.29,34.826321895690135,0.973211375906731,32.91882759891294,36.73381619246733,3.8149885935543857,0.19230554861591997
KAZ,2004,33.639,34.364789057750315,0.9720111760389591,32.459647152713956,36.269930962786674,3.8102838100727197,-1.5651282618424176
KAZ,2005,33.817,34.39397372040039,0.9717690198518353,32.48930644149079,36.29864099930999,3.809334557819194,-0.5239841261523992
KAZ,2006,34.768,34.813259472282276,0.9717201905583139,32.90868789878798,36.71783104577657,3.8091431469885904,0.7157764342175241
KAZ,2007,35.37,35.263145871665266,0.9717103456110595,33.35859359426759,37.16769814906294,3.8091045547953533,0.9233791681398458
KAZ,2008,35.548,35.64078649905128,0.9717083607248371,33.7362381120306,37.54533488607196,3.8090967740413615,0.5926064433689362
KAZ,2009,35.311,36.081161551015235,0.9717079605504401,34.176613948336374,37.985709153694096,3.809095205357725,0.029088128353727427
KAZ,2010,36.888,37.04225505047973,0.9717078799004503,35.13770760587485,38.94680249508461,3.809094889209765,1.5900609733545892
KAZ,2011,38.009,38.107642837680416,0.9717078637922686,36.20309542464757,40.01219025071326,3.8090948260656927,1.8349596568321616
KAZ,2012,40.11,39.2397246129493,0.9717078612983338,37.335177204804566,41.14427202109404,3.8090948162894684,2.9249226462616136
KAZ,2013,39.724,39.783399387316095,0.9717078645338307,37.878851972829786,41.687946801802404,3.8090948289726163,0.9273313458799421
KAZ,2014,40.405,40.36723503014607,0.9717078837280944,38.462687578039,42.27178248225314,3.8090949042141298,1.0973847987791672
KAZ,2015,40.456,40.92553717750834,0.9717079795656286,39.02098953755971,42.83008481745697,3.809095279897264,0.5437411877922784
KAZ,2016,40.319,41.80130086238003,0.9717084550458748,39.89675229049012,43.70584943426994,3.809097143779829,0.1071474303715263
KAZ,2017,44.382,43.67927168518243,0.9717108134419389,41.77471849083623,45.58382487952863,3.8091063886924004,4.111110701164371
KAZ,2018,46.15,45.08211674167758,0.9717225109658326,43.17754062018455,46.98669286317061,3.809152242986064,3.6139464469877822
KAZ,2019,46.093,45.7629489793655,0.9717805283999441,43.85825914370161,47.667638815029385,3.8093796713277808,1.5657127139965326
KAZ,2020,46.705,46.2206284839233,0.9720682426785496,44.31537472827334,48.12588223957326,3.8105075112999143,1.3150269996353288
KAZ,2021,47.322,46.35081671923705,0.9734940436241003,44.442768393733814,48.25886504474029,3.816096651006473,1.2074655929077167
KAZ,2022,44.499,45.824372525249785,0.980535347599271,43.902523243955216,47.746221806544355,3.843698562589142,-2.2808309894552465
KAZ,2023,44.553,46.1940337299262,1.0147381660589834,44.20514692445059,48.182920535401806,3.977773610951215,-0.970125149433791
KAZ,2024,49.861,47.67322388345335,1.169693328951898,45.380624958707635,49.96582280819907,4.58519784949144,4.872400182114916
KEN,2000,33.991,34.11584853549658,0.6545434791625393,32.832943316338,35.39875375465516,2.565810438317154,0.0
KEN,2001,33.545,34.40071059086209,0.6044844565132698,33.21592105609608,35.5855001256281,2.3695790695320174,-0.44599999999999795
KEN,2002,36.72,36.489059223419375,0.6009528510677661,35.31119163532655,37.6669268115122,2.355735176185643,3.0643656509623796
KEN,2003,38.598,38.090679521494074,0.6007135569852773,36.91328094980293,39.26807809318522,2.354797143382287,2.671973719542926
KEN,2004,38.734,38.62307655285872,0.6006973902112238,37.44570966804472,39.80044343767272,2.3547337696279973,0.8302913599615138
KEN,2005,38.916,38.92169250198433,0.6006962981960294,37.74432775752011,40.09905724644855,2.3547294889284354,0.3977863553612977
KEN,2006,39.893,39.23230590799433,0.600696224434795,38.05494130810213,40.40967050788653,2.3547291997843964,1.0803829709704544
KEN,2007,37.724,38.15044744409129,0.6006962194525249,36.97308285396434,39.32781203421824,2.354729180253898,-1.888212843191397
KEN,2008,38.035,37.96736509621313,0.6006962191159929,36.790000506745784,39.144729685680474,2.3547291789346922,-0.17973889675182875
KEN,2009,37.442,37.64173614153606,0.6006962190932615,36.46437155211326,38.81910073095885,2.3547291788455853,-0.6397134139925029
KEN,2010,37.815,37.73706896305654,0.6006962190917261,36.559704373636755,38.91443355247632,2.354729178839566,0.20674106499736666
KEN,2011,38.092,37.668155156599,0.6006962190916224,36.49079056717942,38.84551974601858,2.3547291788391598,0.33073116857731577
KEN,2012,36.352,36.70595044776339,0.6006962190916161,35.528585858343824,37.88331503718296,2.354729178839135,-1.6540443038113963
KEN,2013,36.208,36.489727953415986,0.6006962190916253,35.312363363996404,37.66709254283557,2.3547291788391713,-0.5738794403699572
KEN,2014,37.08,36.86727230948651,0.6006962190917691,35.68990772006664,38.044636898906376,2.354729178839735,0.7228510490936699
KEN,2015,36.434,36.79647403834757,0.6006962190938995,35.619109448923524,37.97383862777161,2.354729178848086,-0.4581339290977908
KEN,2016,36.995,37.489622210925965,0.6006962191254381,36.312257621440104,38.66698680041183,2.3547291789717173,0.4419328404316403
KEN,2017,39.34,39.225230915969206,0.6006962195923614,38.04786632556818,40.40259550637023,2.3547291808020567,2.4598565619966237
KEN,2018,40.858,40.718953515199956,0.6006962265050395,39.54158891125008,41.89631811914983,2.354729207899755,2.1573067947604727
KEN,2019,42.284,41.91962321591516,0.600696328845466,40.742258411378046,43.09698802045227,2.3547296090742265,1.986675331066401
KEN,2020,42.449,42.35233626615201,0.6006978439673255,41.17496849197605,43.529704040327964,2.354735548351916,0.6813289021628393
KEN,2021,43.028,42.58132185484083,0.600720274512764,41.403910116795814,43.75873359288585,2.3548234760900346,0.7560746324598071
KEN,2022,41.629,41.868893316227705,0.6010522550820631,40.69083089626686,43.04695573618855,2.356124839921687,-1.2024992538405357
KEN,2023,41.897,41.662061389827606,0.6059458641352481,40.47440749612252,42.849715283532696,2.3753077874101725,-0.04452470390008045
KEN,2024,40.627,40.96007533721395,0.6742519962303536,39.63854142460246,42.28160924982544,2.6430678252229862,-1.28157179088317
KGZ,2000,32.828,32.62192049463023,0.657740498959712,31.332749116669195,33.911091872591264,2.578342755922071,0.0
KGZ,2001,31.923,32.07971874207891,0.6117918444641517,30.880606726929173,33.27883075722865,2.3982240302994744,-0.9050000000000047
KGZ,2002,31.935,31.919158574905087,0.6090792615404653,30.725363222285775,33.1129539275244,2.387590705238624,-0.1955321880451102
KGZ,2003,31.444,31.7200213587602,0.6089248995615056,30.52652855561965,32.91351416190075,2.386985606281102,-0.5374901597508774
KGZ,2004,31.985,32.19305153981311,0.6089161349074876,30.999575915394438,33.38652716423179,2.3869512488373514,0.412948055556555
KGZ,2005,32.988,33.17272896956924,0.608915637314386,31.979254320433046,34.36620361870544,2.386949298272393,1.101392179746373
KGZ,2006,35.175,34.60225850939438,0.6089156090648831,33.40878391562721,35.79573310316155,2.3869491875343414,2.4494278695530483
KGZ,2007,34.488,34.637047588782835,0.6089156074610947,33.44357299815909,35.83052217940658,2.3869491812474912,-0.10337648663471555
KGZ,2008,35.618,35.034797455918905,0.6089156073700439,33.84132286547362,36.22827204636419,2.3869491808905723,1.1053685542909122
KGZ,2009,33.511,34.0123320982082,0.6089156073648747,32.818857507773046,35.20580668864335,2.386949180870309,-1.843624580191097
KGZ,2010,34.071,34.210711000876174,0.6089156073645814,33.0172364104416,35.40418559131075,2.386949180869159,0.12072081485801789
KGZ,2011,34.987,34.749314226185895,0.6089156073645647,33.55583963575135,35.94278881662044,2.386949180869094,0.9447640671265205
KGZ,2012,34.699,34.709104896361524,0.608915607364564,33.515630305926976,35.90257948679607,2.386949180869091,-0.06289170299660185
KGZ,2013,34.562,34.693503016905424,0.6089156073645652,33.50002842647088,35.88697760733997,2.3869491808690957,-0.15198516365072123
KGZ,2014,34.848,34.99813737204368,0.6089156073645889,33.80466278160908,36.19161196247828,2.3869491808691885,0.24978659757535837
KGZ,2015,35.501,35.66838635585417,0.6089156073650082,34.47491176541875,36.86186094628958,2.386949180870832,0.7125164841159588
KGZ,2016,36.404,36.74625470523221,0.6089156073723924,35.55278011478232,37.9397292956821,2.386949180899778,1.0727708220572367
KGZ,2017,39.181,38.65758194137161,0.6089156075024589,37.464107350666794,39.85105653207643,2.386949181409639,3.032608380156468
KGZ,2018,39.392,39.29428117156665,0.6089156097934818,38.100806576371426,40.48775576676188,2.3869491903904487,0.9335775531573773
KGZ,2019,40.371,39.69301544549785,0.6089156501480907,38.49954077120759,40.88649011978811,2.3869493485805156,1.201442893865611
KGZ,2020,38.105,38.44072127950335,0.6089163609631231,37.24724521201563,39.63419734699107,2.3869521349754423,-1.979733012086804
KGZ,2021,38.892,38.005975797571864,0.6089288812884784,36.812475190246445,39.19947640489728,2.3870012146508355,0.3152903505975502
KGZ,2022,34.968,35.41358358614294,0.6091493750249346,34.21965081109407,36.60751636119181,2.3878655500977435,-3.848875980835629
KGZ,2023,33.382,33.90627682127892,0.613020201550059,32.70475722624081,35.107796416317036,2.4030391900762313,-2.5030690837749745
KGZ,2024,33.581,33.67568932173942,0.6775863727454702,32.3476200311583,35.00375861232054,2.656138581162243,-0.39740458219819175
KHM,2000,29.371,29.579656633270794,0.37522880858101443,28.844208168452006,30.31510509808958,1.4708969296375765,0.0
KHM,2001,30.476,30.521621904440675,0.3581600066319997,29.819628291441955,31.223615517439395,1.4039872259974389,1.1050000000000004
KHM,2002,31.875,31.656009997814536,0.35768265048040865,30.954952002872936,32.357067992756136,1.4021159898832019,1.578614631916821
KHM,2003,31.864,31.866748042563678,0.3576696109209162,31.16571560515868,32.567780479968675,1.4020648748099915,0.24970286419465282
KHM,2004,32.266,32.08907670616405,0.3576692549669559,31.388044966428815,32.790108445899286,1.4020634794704672,0.4432552934061853
KHM,2005,31.872,31.565183134394854,0.3576692452502999,30.864151413704267,32.266214855085444,1.4020634413811757,-0.3207655918509218
KHM,2006,29.133,29.747205768813615,0.35766924498505953,29.046174048642897,30.448237488984333,1.4020634403414334,-2.791996740563544
KHM,2007,30.731,30.51980871543227,0.35766924497781916,29.818776995275744,31.220840435588794,1.402063440313051,1.136707604665105
KHM,2008,30.279,30.401654831540924,0.35766924497762154,29.700623111384786,31.10268655169706,1.4020634403122765,-0.26419370128257924
KHM,2009,30.947,30.800831145312582,0.3576692449776161,30.099799425156455,31.50186286546871,1.4020634403122552,0.6243500402574682
KHM,2010,30.357,30.58350045697413,0.35766924497761593,29.882468736818,31.284532177130256,1.4020634403122545,-0.4868451784043799
KHM,2011,31.513,31.321497208289724,0.3576692449776159,30.620465488133597,32.02252892844585,1.4020634403122543,1.075563667358331
KHM,2012,31.191,31.251778716399084,0.357669244977616,30.550746996242957,31.95281043655521,1.4020634403122547,-0.14429587400150723
KHM,2013,31.462,31.43841103412129,0.3576692449776159,30.737379313965164,32.13944275427742,1.4020634403122543,0.24715950319556157
KHM,2014,31.646,31.525550455987805,0.357669244977616,30.824518735831678,32.226582176143935,1.4020634403122547,0.22483557750278393
KHM,2015,30.805,31.104661081683684,0.3576692449776161,30.403629361527557,31.80569280183981,1.4020634403122552,-0.8038527710575885
KHM,2016,31.999,31.947674031256692,0.3576692449776251,31.246642311100548,32.64870575141284,1.4020634403122902,1.0611878211885823
KHM,2017,32.678,32.57420571203956,0.3576692449779496,31.873173991882776,33.27523743219634,1.4020634403135623,0.8543289554189961
KHM,2018,32.895,32.762956680621556,0.357669244989841,32.061924960441466,33.46398840080165,1.4020634403601766,0.3581518303800877
KHM,2019,32.401,32.39477894402377,0.35766924542545997,31.693747222989867,33.09581066505767,1.402063442067803,-0.4348263221192923
KHM,2020,31.998,32.00036220748261,0.3576692613836681,31.29933045517062,32.7013939597946,1.4020635046239789,-0.4748418015394016
KHM,2021,31.15,31.615908725128413,0.3576698459865876,30.914875826994702,32.316941623262124,1.4020657962674232,-0.9264531403309277
KHM,2022,33.353,33.196552335449155,0.3576912613203386,32.49547746326129,33.89762720763702,1.4021497443757274,2.0499318455267073
KHM,2023,34.127,34.117335260224856,0.3584748959163539,33.414724464228804,34.81994605622091,1.4052215919921072,1.1126887806098082
KHM,2024,35.206,34.99735450960821,0.3860872642520092,34.24062347167427,35.75408554754215,1.5134620758678758,1.2628379198436832
KIR,2009,30.829,30.802193221165556,1.0212117219993475,28.800618246046835,32.803768196284274,4.003149950237442,0.0
KIR,2010,30.826,30.722560885424077,0.955651280270086,28.849484376094708,32.595637394753446,3.746153018658737,-0.0030000000000001137
KIR,2011,29.924,30.35799172654612,0.9523471145993337,28.49139138193143,32.224592071160814,3.7332006892293883,-0.9026407613319662
KIR,2012,31.414,31.188910602697717,0.9521860972605972,29.322625852066945,33.055195353328486,3.732569501261541,1.291226251399408
KIR,2013,31.238,31.39979074348346,0.9521782641812736,29.533521345688165,33.26606014127876,3.7325387955905924,0.1087610823864722
KIR,2014,31.81,32.056345043895064,0.9521778831542622,30.19007639291271,33.92261369487742,3.7325373019647077,0.595987369920433
KIR,2015,33.681,33.39148959027554,0.9521778646200696,31.525220975620204,35.25775820493088,3.732537229310673,2.002446088531343
KIR,2016,33.638,33.92913913923627,0.9521778637216326,32.06287052634187,35.79540775213067,3.7325372257888,0.3986431678213478
KIR,2017,36.107,35.268770238065976,0.9521778637421486,33.402501625131364,37.13503885100059,3.7325372258692227,2.556921484584997
KIR,2018,33.904,34.29938577345886,0.9521778650633526,32.43311715793469,36.16565438898303,3.732537231048342,-1.6390662589304554
KIR,2019,34.628,34.41914410231637,0.9521778922682723,32.55287543347056,36.285412771162186,3.7325373376916273,0.3625009188393591
KIR,2020,33.664,33.96358103342923,0.9521784515460899,32.09731126839889,35.82985079845957,3.7325395300606723,-0.8840497549342814
KIR,2021,32.864,34.33325383674799,0.9521899490475553,32.46696153661478,36.1995461368812,3.7325846002664167,-0.9949788011119765
KIR,2022,39.14,38.75018209406407,0.9524262827092184,36.883426579954005,40.61693760817414,3.733511028220136,6.056555593517402
KIR,2023,43.649,42.09330499085987,0.9572718760132283,40.21705211387394,43.9695578678458,3.752505753971855,5.844784487129722
KIR,2024,40.809,41.15105870704163,1.0519526592468518,39.0892314949178,43.21288591916546,4.1236544242476585,-1.550922020284787
KNA,2002,22.944,23.076562996033882,1.224162131408523,20.677205218473176,25.475920773594588,4.79871555512141,0.0
KNA,2003,22.168,23.267070094418315,1.1060297382489057,21.09925180745046,25.43488838138617,4.335636573935711,-0.7759999999999998
KNA,2004,23.947,24.908857829823816,1.0919791730637152,22.768578650618934,27.049137009028698,4.280558358409763,1.5394418138860217
KNA,2009,28.694,27.820742578222102,1.0903915138740288,25.683575211029005,29.9579099454152,4.274334734386192,5.258144724093253
KNA,2010,29.999,29.579523813207132,1.0902132466903034,27.442705849694136,31.716341776720128,4.273635927025989,3.0645008307989983
KNA,2011,30.074,30.784402553095962,1.0901932446890672,28.64762379350539,32.921181312686535,4.273557519181144,1.101345165540387
KNA,2012,33.777,32.92734109011189,1.090191000598833,30.790566728938174,35.0641154512856,4.2735487223474244,4.071892130763327
KNA,2013,34.378,33.94833705926487,1.0901907488348594,31.811563191548547,36.085110926981194,4.273547735432649,1.964882461601448
KNA,2014,34.393,34.40197930866768,1.0901907206394792,32.2652054962143,36.538753121121054,4.273547624906758,0.6731392441769799
KNA,2015,34.651,34.86747839674656,1.090190717926927,32.730704589609786,37.00425220388334,4.273547614273554,0.4834686592685671
KNA,2016,35.573,35.6188290489133,1.0901907216402489,33.48205523449841,37.755602863328185,4.273547628829776,1.083938310723056
KNA,2017,36.9,36.43069523292712,1.0901907578672763,34.29392134750726,38.567469118346985,4.2735477708397225,1.6900662213669122
KNA,2018,36.829,36.62286215956554,1.0901910811198483,34.48608764057064,38.75963667856045,4.273549037989805,0.4950893714156521
KNA,2019,37.352,36.54283183700286,1.09019396239497,34.40605167070872,38.679612003296995,4.273560332588282,0.6888306801958777
KNA,2020,34.699,35.39432545179817,1.090219643668512,33.257494950207885,37.53115595338845,4.2736610031805675,-2.422275474627284
KNA,2021,34.762,35.16397011969503,1.090448521273025,33.0266910179999,37.30124922139016,4.274558203390258,-0.748343593242069
KNA,2022,35.155,35.464401180868464,1.0924864525078837,33.323127733953015,37.60567462778391,4.282546893830904,0.14234156487129468
KNA,2023,35.356,36.173384840412346,1.1104858813103218,33.99683251304412,38.349937167780574,4.353104654736462,0.24867744953870385
KNA,2024,39.316,37.96169437544809,1.2596072226562391,35.49286421904186,40.43052453185432,4.937660312812457,4.043294760476428
KOR,2000,66.557,66.66015388023868,0.654390221024162,65.37754904703132,67.94275871344604,2.565209666414715,0.0
KOR,2001,66.408,66.74081027603974,0.5790515161868582,65.6058693043135,67.87575124776598,2.2698819434524844,-0.1490000000000009
KOR,2002,67.66,67.05947952379765,0.5633452483782135,65.95532283697635,68.16363621061895,2.208313373642597,1.1953417267529574
KOR,2003,65.896,66.94868008777503,0.5602618569633566,65.85056684812685,68.04679332742322,2.196226479296358,-1.252055278220638
KOR,2004,67.647,67.59071614971529,0.5596645372768188,66.49377365665272,68.68765864277786,2.1938849861251293,1.2035044671262654
KOR,2005,67.772,68.19250021017054,0.5595491291274299,67.09578391708078,69.28921650326029,2.1934325861795254,0.6533433334510192
KOR,2006,69.345,69.09500952304916,0.5595268425651495,67.99833691162146,70.19168213447685,2.193345222855386,1.860037939179037
KOR,2007,70.04,69.8187354549302,0.5595225392161499,68.72207127806655,70.91539963179386,2.1933283537273076,1.5123031742789266
KOR,2008,70.396,70.38422166526276,0.5595217082916819,69.28755911701106,71.48088421351446,2.193325096503393,1.020526821699164
KOR,2009,70.956,70.941284472702,0.5595215478526222,69.84462223891086,72.03794670649313,2.193324467582279,1.0084359721401057
KOR,2010,71.854,71.48782331236617,0.5595215168834721,70.39116113927457,72.58448548545778,2.1933243461832106,1.3411235241787267
KOR,2011,72.003,71.77248695159804,0.5595215109532496,70.67582479012967,72.86914911306641,2.1933243229367387,0.7383120829238408
KOR,2012,72.299,71.89229670255372,0.5595215100646647,70.79563454282697,72.98895886228047,2.1933243194534855,0.6204266770917997
KOR,2013,71.462,71.72124821175882,0.559521511221322,70.62458604976503,72.81791037375261,2.193324323987582,-0.5643741397311999
KOR,2014,71.562,71.73560387067853,0.5595215183235828,70.63894169476431,72.83226604659275,2.193324351828444,-0.14799543808163662
KOR,2015,71.825,71.8741142067393,0.5595215553209657,70.77745195831021,72.9707764551684,2.1933244968581853,0.19796832875972825
KOR,2016,71.511,72.04774909651498,0.5595217469722316,70.9510864724494,73.14441172058055,2.193325248131148,-0.22700940461766095
KOR,2017,73.057,72.60524588132284,0.5595227395431853,71.5085813118182,73.70191045082748,2.1933291390092866,1.4462482700692192
KOR,2018,72.603,72.83966584455814,0.5595278800523699,71.74299119965549,73.93634048946079,2.19334928980529,0.18150568352918128
KOR,2019,72.638,73.24333993448194,0.5595545020502666,72.14661311046342,74.34006675850046,2.193453648037045,0.11475663367271238
KOR,2020,74.614,74.07992939566134,0.5596923574069338,72.98293237514375,75.17692641617893,2.1939940410351806,2.0264259845498174
KOR,2021,74.335,74.53457251432518,0.5604057692044542,73.43617720668445,75.6329678219659,2.1967906152814605,0.6114454768140263
KOR,2022,75.757,75.13194206521332,0.5640861000809165,74.02633330905472,76.23755082137193,2.2112175123171927,1.6906793711187191
KOR,2023,76.053,75.28229470464322,0.5827748073933748,74.1400560821522,76.42453332713424,2.284477244982029,1.038912798312694
KOR,2024,74.321,74.88146915465862,0.6712898171970288,73.56574111295244,76.1971971963648,2.631456083412353,-1.2754843368990407
KWT,2000,58.403,58.118840490210665,0.6336487104027982,56.87688901782118,59.36079196260015,2.483902944778969,0.0
KWT,2001,57.071,57.003750686890086,0.6009981932276465,55.8257942281639,58.18170714561627,2.355912917452374,-1.3320000000000007
KWT,2002,55.392,55.64276884044365,0.599877808191607,54.467008336388105,56.8185293444992,2.3515210081110993,-1.9173596074346477
KWT,2003,55.585,55.19870435236796,0.5998403782756071,54.02301721094777,56.37439149378815,2.35137428284038,-0.15704436800088928
KWT,2004,53.488,53.34217895347795,0.599839128979221,52.166494260678675,54.51786364627722,2.351369385598546,-2.125689883088455
KWT,2005,49.868,50.95246989215479,0.5998390872828191,49.776785281080464,52.12815450322911,2.3513692221486506,-4.0083433652223945
KWT,2006,52.882,52.528043227910956,0.5998390858911652,51.35235861956427,53.70372783625764,2.3513692166933673,2.281713174518096
KWT,2007,52.773,52.80940031308688,0.5998390858447176,51.63371570483124,53.985084921342526,2.351369216511293,0.3078476565022896
KWT,2008,53.459,53.22385239866416,0.5998390858431673,52.04816779041155,54.399537006916766,2.3513692165052156,0.7422408876413442
KWT,2009,52.887,52.77850500890534,0.5998390858431155,51.60282040065284,53.954189617157844,2.3513692165050126,-0.4363995317681457
KWT,2010,52.094,51.93645386418645,0.599839085843114,50.760769255933944,53.11213847243895,2.351369216505007,-0.8727261129496995
KWT,2011,50.29,50.5183471520529,0.5998390858431137,49.342662543800394,51.6940317603054,2.351369216505006,-1.9634388985095157
KWT,2012,49.683,49.93517458517207,0.5998390858431137,48.75948997691957,51.110859193424574,2.351369216505006,-0.9657019233457262
KWT,2013,50.343,50.274059376275375,0.5998390858431137,49.09837476802287,51.44974398452788,2.351369216505006,0.483575290503957
KWT,2014,50.404,50.360867974506455,0.5998390858431139,49.18518336625395,51.53655258275896,2.3513692165050064,0.1493446828510514
KWT,2015,50.119,50.289967573458526,0.5998390858431166,49.114282965206016,51.465652181711036,2.351369216505017,-0.25771612321585735
KWT,2016,50.672,50.84419721466511,0.5998390858431981,49.66851260641244,52.019881822917775,2.3513692165053364,0.5059176746243992
KWT,2017,52.582,52.0280529884893,0.5998390858456416,50.852368380231844,53.203737596746755,2.351369216514915,2.002426427468734
KWT,2018,50.988,51.18644327954787,0.5998390859188523,50.010758671146924,52.36212788794882,2.351369216801901,-1.2281754197512313
KWT,2019,50.583,51.07042646064637,0.5998390881123736,49.894741847946115,52.24611107334662,2.3513692254005045,-0.6293761624592165
KWT,2020,53.019,52.73664774559061,0.5998391538341363,51.5609630040757,53.912332487105516,2.3513694830298144,2.3210188614713445
KWT,2021,54.043,53.37046930022917,0.5998411229707024,52.19478069920659,54.546157901251746,2.3513772020451533,1.4480284382485706
KWT,2022,50.958,51.54523305659361,0.5999001187766477,50.36942882379138,52.72103728939584,2.351608465604459,-2.820458747275829
KWT,2023,51.384,51.86717020996868,0.6016650539796979,50.68790670416847,53.046433715768885,2.358527011600416,-0.0892714342845693
KWT,2024,54.527,53.955782807486415,0.6523344921569647,52.67720720285877,55.23435841211406,2.5571512092553017,3.1266909438831973
LAO,2000,16.94,17.39281835005408,1.0028746832389945,15.427183970905649,19.358452729202508,3.9312687582968584,0.0
LAO,2001,16.628,17.80075890816779,0.8907221207844744,16.05494355143022,19.54657426490536,3.4916307134751396,-0.31200000000000117
LAO,2002,19.403,19.175879590254077,0.8699497749506506,17.4707780313508,20.880981149157353,3.4102031178065504,2.661137050266376
LAO,2003,20.958,20.363692937026276,0.8663222243536638,18.665701377293093,22.061684496759458,3.395983119466362,2.636868735679961
LAO,2004,21.839,21.06137828319968,0.8656959767856274,19.364614168699852,22.75814239769951,3.393528228999659,1.9714437358118673
LAO,2005,20.22,21.117755118970283,0.865588082750082,19.421202476780124,22.814307761160443,3.3931052843803213,-0.8013696904745373
LAO,2006,21.525,21.914515081413725,0.8655695005800883,20.21799886027675,23.6110313025507,3.393032442273946,0.9724770642274976
LAO,2007,23.952,23.03251007529213,0.8655663004387858,21.33600012643211,24.72902002415215,3.3930198977200403,2.830557349225547
LAO,2008,23.627,23.392197139742937,0.8655657493300543,21.69568827105603,25.088706008429842,3.3930177373738126,0.8496385715556194
LAO,2009,23.108,23.558241113605465,0.8655656544221413,21.86173243093807,25.25474979627286,3.393017365334794,-0.16641192281871753
LAO,2010,24.064,24.095601180691975,0.865565638080625,22.39909253005395,25.792109831330002,3.3930173012760503,0.8869413584577863
LAO,2011,24.814,24.6590228991942,0.8655656352833001,22.96251425403893,26.355531544349468,3.3930172903105364,1.118068398702782
LAO,2012,24.949,25.094634229281258,0.8655656348997273,23.398125584877793,26.791142873684723,3.3930172888069308,0.598982930286585
LAO,2013,25.596,25.650350835013548,0.8655656354036867,23.95384218962232,27.346859480404774,3.393017290782452,0.8955696368213104
LAO,2014,25.903,26.25089084560792,0.8655656388004118,24.554382193559114,27.947399497656725,3.393017304097614,0.678649020702494
LAO,2015,27.05,27.138338172651213,0.8655656586053296,25.44182948178477,28.834846863517658,3.393017381732892,1.428629963312197
LAO,2016,27.301,28.098638431513034,0.8655657736213735,26.402129515215144,29.795147347810925,3.3930178325957843,0.8438616882736021
LAO,2017,30.762,29.716755085290433,0.8655664414922835,28.02024485996556,31.41326531061531,3.393020450649751,3.8111909367912062
LAO,2018,31.355,30.472853041832007,0.865570319638415,28.776335215340712,32.1693708683233,3.393035652982587,2.1745915605506063
LAO,2019,30.941,30.501439999803633,0.8655928386998109,28.804878035952004,32.198001963655265,3.3931239277032583,0.4884254404601691
LAO,2020,30.49,30.167519632081607,0.8657235895653201,28.47070139653358,31.864337867629633,3.393636471096055,-0.24831019321733194
LAO,2021,30.046,29.56764809566685,0.8664824365513394,27.869342520026226,31.265953671307475,3.3966111512812502,-0.5470452980458376
LAO,2022,27.404,28.573277356634012,0.8708757998474796,26.86636078893295,30.280193924335073,3.41383313540212,-2.869016237438025
LAO,2023,27.373,28.54321548864989,0.8959612975437575,26.787131345464125,30.299299631835652,3.5121682863715296,-1.2216020830421463
LAO,2024,30.612,29.478236173869533,1.0296179474164857,27.460184996933222,31.496287350805844,4.036102353872624,2.732052020501147
LBN,2000,38.128,38.00461208138775,0.668665175203046,36.69402833798978,39.31519582478572,2.6211674867959402,0.0
LBN,2001,38.447,37.857559288780465,0.5995263601860532,36.6824876228158,39.03263095474513,2.3501433319293286,0.3190000000000026
LBN,2002,36.15,37.06610504401392,0.5896071840827268,35.910474963211776,38.22173512481607,2.311260161604289,-2.191039343582659
LBN,2003,37.005,37.27617548096066,0.5882600546105429,36.12318577392399,38.42916518799733,2.305979414073328,0.06145485490738167
LBN,2004,36.887,37.782706393736234,0.588078598013665,36.63007234162945,38.93534044584302,2.305268104213567,-0.09549783989610461
LBN,2005,40.002,39.268461323186465,0.5880541834918104,38.115875123542516,40.42104752283041,2.3051723992878967,3.079981710075131
LBN,2006,40.16,39.95228082544905,0.5880508990777665,38.79970106325663,41.104860587641475,2.3051595243848446,1.2876258832167906
LBN,2007,40.024,40.40901296307235,0.5880504572441809,39.25643406687375,41.56159185927095,2.305157792397189,0.3362670470476914
LBN,2008,41.18,41.28665751441515,0.5880503978069795,40.13407873471347,42.439236294116824,2.30515755940336,1.2793342778537493
LBN,2009,42.279,42.28090456006244,0.5880503898112628,41.128325796032364,43.433483324092514,2.30515752806015,1.56822779363511
LBN,2010,44.483,43.2772337511174,0.588050388735706,42.12465498919541,44.42981251303939,2.3051575238439677,2.779186741637737
LBN,2011,42.782,42.95536841139931,0.588050388591451,41.80278964976007,44.10794717303855,2.305157523278488,-0.6816637871024724
LBN,2012,42.952,42.82303673289224,0.588050388575264,41.670457971284726,43.975615494499756,2.305157523215035,-0.080017234758337
LBN,2013,42.146,42.54971697022739,0.5880503885970143,41.39713820857724,43.702295731877534,2.305157523300296,-0.83534832119431
LBN,2014,42.491,42.7177576309673,0.5880503887778102,41.56517886896279,43.87033639297181,2.305157524009016,0.03861512036630188
LBN,2015,43.27,43.13369930007359,0.5880503901243498,41.98112053542986,44.286278064717315,2.305157529287451,0.7931630607320699
LBN,2016,43.107,43.400631293921485,0.5880504001343633,42.24805250965813,44.55321007818484,2.305157568526704,0.1279123807726421
LBN,2017,43.942,43.98857340566728,0.5880504745450739,42.835994475558934,45.14115233577563,2.3051578602166893,0.8819150633244632
LBN,2018,45.175,44.627431529274396,0.5880510276859792,43.474851515009874,45.78001154353892,2.305160028529038,1.5564643964309042
LBN,2019,44.388,44.667664700488665,0.5880551395108069,43.515076627047485,45.820252773929845,2.305176146882363,-0.21612777262259897
LBN,2020,45.35,45.01363912045333,0.5880857043665793,43.86099113989483,46.166287101011825,2.3052959611169905,0.8827297364217941
LBN,2021,45.671,44.991889636887485,0.5883128622153004,43.8387964269455,46.14498284682947,2.3061864198839777,0.6447631981553315
LBN,2022,44.163,44.22770805483173,0.589998726598933,43.071310550697824,45.384105558965636,2.3127950082678175,-1.2715169786691334
LBN,2023,43.106,43.53426804814782,0.6023829292370636,42.35359750684318,44.714938589452466,2.361341082609289,-1.5233606385250553
LBN,2024,43.103,43.30902873898423,0.6874847268385417,41.96155867438069,44.65649880358777,2.694940129207083,-0.5617305966060187
LBR,2009,28.488,28.347604382577533,0.9787432901519046,26.4292675338798,30.265941231275267,3.836673697395466,0.0
LBR,2010,27.084,27.611197850260233,0.9401901838093782,25.76842508999385,29.453970610526614,3.6855455205327625,-1.404
LBR,2011,29.708,29.466317109901322,0.939330846524883,27.62522865071255,31.307405569090093,3.6821769183775412,2.4191211270798973
LBR,2012,29.918,30.133405267259665,0.9393120767893522,28.292353596752534,31.974456937766796,3.682103341014261,0.5673435141824328
LBR,2013,31.702,31.859352647112104,0.9393116670061644,30.01830177978002,33.70040351444418,3.6821017346641645,1.8678280385917212
LBR,2014,34.798,34.35879226184876,0.939311658059816,32.51774141205152,36.199843111646004,3.6821016995944786,3.3719831766989934
LBR,2015,34.839,34.69923562710376,0.939311657864501,32.85818477768934,36.54028647651818,3.682101698828844,0.5392314897348172
LBR,2016,33.533,34.35264474709638,0.9393116578602404,32.511593897690304,36.19369559650245,3.682101698812142,-1.2263251928898455
LBR,2017,38.928,38.03514939791288,0.9393116578603075,36.19409854850668,39.87620024731908,3.682101698812405,5.213802823900842
LBR,2018,37.695,37.32870336819797,0.9393116578676552,35.48765251877737,39.169754217618575,3.6821016988412083,-0.46262819820767476
LBR,2019,34.503,34.82166735437396,0.9393116582043196,32.980616504293494,36.66271820445442,3.6821017001609326,-3.260356194250271
LBR,2020,33.277,33.88109195397543,0.9393116736250582,32.04004107367032,35.72214283428054,3.682101760610228,-1.7077379100597128
LBR,2021,36.448,35.91002767481741,0.9393123799645119,34.06897541008696,37.75107993954785,3.6821045294608865,2.9186711001169954
LBR,2022,35.421,35.294473939979085,0.9393447329432931,33.45335826341023,37.13558961654794,3.682231353137709,-0.5957481881882671
LBR,2023,34.834,34.056961015175865,0.940825453421234,32.21294312647024,35.90097890388149,3.6880357774112373,-0.6750255008964317
LBR,2024,27.971,28.99978803383996,1.0063163759694538,27.02740793693983,30.972168130740087,3.9447601938002586,-6.962739217025533
LBY,2000,23.943,23.937042860273067,0.7515771018390335,22.463951740668563,25.41013397987757,2.946182239209011,0.0
LBY,2001,23.816,23.925539299966474,0.6884002278029134,22.576274853472764,25.274803746460183,2.6985288929874205,-0.12700000000000244
LBY,2002,24.033,24.109010660216132,0.6829654393044641,22.77039839917938,25.447622921252883,2.677224522073499,0.18269149937584217
LBY,2003,24.418,24.42777750292372,0.6825182704690219,23.090041692804437,25.765513313043005,2.6754716202385658,0.4370517019279738
LBY,2004,24.508,24.763947851554523,0.6824816226978958,23.426283871066648,26.101611832042398,2.6753279609757517,0.21504919136081924
LBY,2005,25.72,25.5556936150242,0.6824786202027503,24.21803551942681,26.89335171062159,2.675316191194781,1.2735510589384837
LBY,2006,26.117,26.054981563195202,0.682478374219532,24.71732394972492,27.392639176665483,2.6753152269405653,0.7615241731131199
LBY,2007,26.246,26.443879543630977,0.6824783540670892,25.106221969659483,27.781537117602472,2.6753151479429897,0.34696896904763364
LBY,2008,27.245,27.184994019068697,0.6824783524160787,25.84733644833318,28.522651589804212,2.6753151414710286,1.0983119922792852
LBY,2009,28.289,27.819300605752677,0.6824783522808179,26.481643035282275,29.15695817622308,2.675315140940806,1.3583668844208034
LBY,2010,27.349,27.61756385359187,0.6824783522697366,26.279906283143188,28.955221424040555,2.6753151408973674,-0.5511983034870731
LBY,2011,26.646,27.893858420184998,0.6824783522688294,26.556200849738094,29.2315159906319,2.675315140893811,-0.8607680065607042
LBY,2012,31.275,30.391283635006523,0.6824783522687632,29.053626064559747,31.7289412054533,2.675315140893552,4.382624690699618
LBY,2013,32.711,31.31573432733614,0.6824783522688572,29.97807675688918,32.6533918977831,2.6753151408939204,2.6904268670413245
LBY,2014,29.102,29.756676235459878,0.682478352270078,28.419018665010526,31.09433380590923,2.675315140898706,-2.838926360569129
LBY,2015,29.052,29.36291176001099,0.682478352284987,28.02525418953242,30.700569330489564,2.675315140957149,-0.862578249697556
LBY,2016,29.326,29.522555930835193,0.6824783524669674,28.184898359999938,30.860213501670447,2.675315141670512,0.027106549679611902
LBY,2017,30.366,30.032060626705476,0.6824783546882435,28.69440305151652,31.369718201894432,2.6753151503779145,1.0477586347430226
LBY,2018,30.028,29.947168582788017,0.682478381801419,28.609510954457235,31.284826211118798,2.675315256661562,-0.038102866580061345
LBY,2019,28.698,29.718400330476143,0.6824787127481841,28.3807420534897,31.056058607462585,2.6753165539728814,-1.3409060809269704
LBY,2020,31.914,31.305897778520677,0.6824827523133442,29.968231583986523,32.64356397305483,2.675332389068309,2.8321960622219144
LBY,2021,32.593,31.81100121492465,0.6825320578299279,30.473238381577993,33.14876404827131,2.6755256666933174,1.4896518545198312
LBY,2022,30.7,30.924182747118735,0.6831336003852345,29.585240890363675,32.26312460387379,2.6778837135101194,-1.4666209598752111
LBY,2023,29.065,30.43639926787798,0.6904338652523538,29.083148891983367,31.789649643772595,2.706500751789227,-2.05478696915063
LBY,2024,33.487,32.389643468997136,0.7740120881781941,30.872579776167875,33.9067071618264,3.034127385658521,3.8338638573777466
LCA,2003,20.007,20.77794818903839,2.763619024303556,15.36125490140342,26.19464147667336,10.83338657526994,0.0
LCA,2004,22.281,22.42680382208071,2.5440514488792,17.440462982277477,27.413144661883944,9.972681679606465,2.2739999999999974
LCA,2005,23.328,24.36345985643531,2.5273008898044815,19.409950112418525,29.316969600452094,9.907019488033567,1.6305542389544243
LCA,2006,23.432,28.343997580392426,2.5260755617615844,23.392889479339722,33.29510568144513,9.90221620210541,0.5426432048077956
LCA,2009,46.564,42.02026793129872,2.525986221688045,37.06933493679015,46.97120092580729,9.901865989017136,23.278467419378458
LCA,2010,48.318,46.727720495633015,2.525979709371846,41.7768002652642,51.67864072600183,9.901840460737636,8.038729017935182
LCA,2011,48.84,48.29613957631734,2.525979234674272,43.34522027635576,53.24705887627891,9.901838599923146,2.692337384128848
LCA,2012,48.676,48.791039143177876,2.525979200072535,43.84011991103571,53.741958375320046,9.901838464284337,0.5628920253490577
LCA,2013,50.246,49.51301308367785,2.525979197550436,44.562093856478995,54.4639323108767,9.901838454397708,1.7219726930450463
LCA,2014,48.142,48.78815301349334,2.525979197367926,43.837233786652206,53.73907224033448,9.90183845368227,-1.6390923134070263
LCA,2015,49.601,49.338726563214735,2.5259791973728905,44.38780733636387,54.2896457900656,9.90183845370173,1.0164688152738535
LCA,2016,50.326,49.3716017475355,2.5259791976238657,44.42068252019273,54.32252097487827,9.901838454685553,0.9994318580456962
LCA,2017,46.317,47.520601762116456,2.5259792010802977,42.56968252799907,52.47152099623384,9.901838468234766,-3.7391678736495493
LCA,2018,48.455,48.04537674071395,2.525979248499696,43.094457413654546,52.99629606777335,9.901838654118809,1.1284788305415177
LCA,2019,47.869,47.76160132106394,2.5259798990413174,42.81068071894296,52.71252192318492,9.901841204241963,-0.28132706013396813
LCA,2020,46.877,47.26583294775119,2.5259888237352626,42.31489485323008,52.216771042272306,9.901876189042229,-1.0679542316214778
LCA,2021,47.207,47.537577228148436,2.526111257472422,42.58639916350249,52.48875529279438,9.902356129291894,0.041667825231286315
LCA,2022,48.604,48.46184390177315,2.5277903140806925,43.50737488617499,53.41631291737131,9.908938031196314,1.40824970931439
LCA,2023,49.343,49.10551037209163,2.5507135223066633,44.10611186837057,54.10490887581269,9.99879700744212,1.1192070250590476
LCA,2024,49.369,49.280398937660145,2.8466177538628017,43.70102814008905,54.85976973523124,11.158741595142182,0.32816968667442836
LIE,2013,53.469,54.483133325161354,1.7135274450729527,51.124619532818365,57.841647117504344,6.717027584685975,0.0
LIE,2014,65.441,64.38748816929063,1.6803594212430795,61.093983703654196,67.68099263492707,6.587008931272871,11.972000000000001
LIE,2015,64.629,64.51012731280669,1.6800921643657516,61.21714667064982,67.80310795496356,6.585961284313746,0.2535447333813181
LIE,2016,63.445,63.529049538488096,1.680090031943131,60.23607307587956,66.82202600109663,6.5859529252170725,-1.1613537113503654
LIE,2017,63.218,63.32836042834299,1.6800900149300435,60.0353839990801,66.62133685760587,6.58595285852577,-0.33073354051258264
LIE,2018,63.059,64.15235305710355,1.680090014794328,60.85937662810667,67.44532948610043,6.585952857993766,-0.18854153287259834
LIE,2019,76.623,75.12798181678637,1.6800900147956515,71.8350053877869,78.42095824578585,6.5859528579989535,13.547159234794982
LIE,2020,71.983,72.22256775458074,1.680090015097232,68.92959132499016,75.51554418417132,6.585952859181149,-3.4299508166949693
LIE,2021,72.072,71.54150808312272,1.680090052898576,68.24853157944152,74.83448458680392,6.585953007362418,-0.21736749096878327
LIE,2022,64.766,65.93490228953631,1.6800947909203026,62.64191649933252,69.2278880797401,6.585971580407586,-7.325415535786149
LIE,2023,72.15,71.1813970922109,1.6806885498116975,67.88724753457997,74.47554664984183,6.5882991152618535,6.729684734871782
LIE,2024,67.031,67.43454412735183,1.7535192519346197,63.997646393559975,70.87144186114368,6.873795467583709,-4.517896154079494
LKA,2000,45.966,46.34729070806708,0.5733236264775913,45.223576400171,47.47100501596316,2.247428615792158,0.0
LKA,2001,47.799,47.155275798453744,0.5275320101074492,46.121313058643146,48.18923853826434,2.0679254796212008,1.8329999999999984
LKA,2002,46.619,46.7044497877764,0.523999876762488,45.67741002932192,47.731489546230875,2.054079516908953,-0.7073733922686145
LKA,2003,46.673,46.42072195544643,0.523738690819072,45.39419412144105,47.44724978945181,2.0530556680107623,-0.13730247319001165
LKA,2004,45.308,45.64366110522473,0.5237194417712546,44.61717099935307,46.67015121109639,2.0529802117433182,-1.4022590968133386
LKA,2005,46.225,45.52298993933889,0.5237180234944054,44.496502613289856,46.54947726538793,2.052974652098069,0.5363803575826509
LKA,2006,43.568,44.029528912055675,0.5237179189971609,43.00304179082124,45.056016033290106,2.0529742424688706,-2.5114058840605082
LKA,2007,43.202,43.43859371270023,0.5237179112979171,42.412106606556314,44.46508081884415,2.052974212287835,-1.0476924077094907
LKA,2008,43.73,43.31032061502374,0.5237179107306451,42.28383350999168,44.3368077200558,2.0529742100641286,0.24361584841938821
LKA,2009,42.231,42.36135898734197,0.5237179106888491,41.33487188239183,43.387846092292115,2.0529742099002886,-1.4328732567242781
LKA,2010,40.981,41.66731606552113,0.5237179106857697,40.64082896057702,42.69380317046524,2.052974209888217,-1.6389371018364045
LKA,2011,42.311,42.3153731922014,0.5237179106855429,41.28888608725774,43.34186029714506,2.052974209887328,0.8851292178044687
LKA,2012,43.04,42.971982153466996,0.5237179106855279,41.94549504852336,43.99846925841063,2.052974209887269,0.9692582301839039
LKA,2013,43.902,43.49558132563263,0.5237179106855495,42.46909422068895,44.522068430576304,2.052974209887354,1.1250940909993403
LKA,2014,42.614,43.22442346094231,0.5237179106858598,42.197936355998024,44.2509105658866,2.0529742098885704,-0.9826060420822671
LKA,2015,43.826,44.14695666323122,0.5237179106900728,43.12046955827868,45.173443768183766,2.052974209905085,0.9452827977090905
LKA,2016,46.036,45.69712482108875,0.523717910747253,44.67063771602413,46.72361192615337,2.052974210129232,2.4665862333233974
LKA,2017,46.696,46.584618131451215,0.5237179115233267,45.558131024865496,47.611105238036934,2.052974213171441,1.329526698581219
LKA,2018,47.912,47.25430274012175,0.5237179220565122,46.227815612890986,48.28078986735252,2.052974254461528,1.5768848574401204
LKA,2019,46.126,46.63785174928335,0.5237180650171503,45.611364341849736,47.66433915671696,2.052974814867229,-1.3579725917621346
LKA,2020,46.892,47.02233355318719,0.5237200053329529,45.9958423427346,48.04882476363978,2.0529824209051752,0.39739382931637834
LKA,2021,47.865,47.66168432612939,0.5237463393737605,46.63514150095682,48.68822715130196,2.053085650345141,1.0808680222017841
LKA,2022,48.075,47.90344863786063,0.5241036247870311,46.876205533278046,48.93069174244321,2.054486209165162,0.5033892959954329
LKA,2023,47.33,47.80974201569662,0.528928980973132,46.773041212989284,48.84644281840396,2.0734016054146776,-0.6083607173770531
LKA,2024,49.086,48.65417718399992,0.5905342916474297,47.49672997237096,49.81162439562888,2.314894423257924,1.5908674223713817
LSO,2000,29.551,29.69014262710748,0.793443100572747,28.134994149984898,31.245291104230063,3.110296954245168,0.0
LSO,2001,30.249,30.804324122356846,0.7737902702209228,29.287695192723838,32.320953051989854,3.0332578592660173,0.6980000000000004
LSO,2002,36.816,36.12587540365034,0.7735683528478735,34.609681432068506,37.642069375232175,3.032387943163664,6.640299385074204
LSO,2003,36.392,36.21875164924708,0.7735658784029389,34.70256252757732,37.73494077091684,3.0323782433395206,0.2770889128068035
LSO,2004,34.827,34.99902531358693,0.7735658508160957,33.48283624598738,36.515214381186475,3.032378135199095,-1.5357429449688667
LSO,2005,35.054,35.08263531373848,0.7735658505085388,33.56644624674174,36.598824380735216,3.032378133993472,0.06484502450105367
LSO,2006,35.714,35.3831985291147,0.7735658505051098,33.867009462124685,36.89938759610472,3.0323781339800306,0.6668468121386724
LSO,2007,32.971,33.177470269388444,0.7735658505050718,31.661281202398502,34.69365933637838,3.0323781339798814,-2.672589434447751
LSO,2008,32.305,32.53604785946846,0.7735658505050715,31.01985879247852,34.0522369264584,3.0323781339798805,-0.948191547058741
LSO,2009,33.721,33.64514148859985,0.7735658505050715,32.12895242160991,35.161330555589785,3.0323781339798805,1.3158829988161571
LSO,2010,34.14,34.17949903833188,0.7735658505050715,32.663309971341945,35.69568810532182,3.0323781339798805,0.5579405549532055
LSO,2011,34.936,35.01311796311462,0.7735658505050715,33.49692889612468,36.529307030104555,3.0323781339798805,0.8549114460828449
LSO,2012,36.604,36.431015104720814,0.7735658505050715,34.914826037730876,37.94720417171075,3.0323781339798805,1.7582678056190844
LSO,2013,36.78,36.538305714864336,0.7735658505050715,35.0221166478744,38.054494781854274,3.0323781339798805,0.3616507796581061
LSO,2014,34.35,34.81441847445178,0.7735658505050715,33.29822940746184,36.330607541441715,3.0323781339798805,-2.391814264588753
LSO,2015,36.781,36.60916148765798,0.7735658505050715,35.09297242066804,38.125350554647916,3.0323781339798805,2.178454749726285
LSO,2016,36.979,37.101983450076474,0.7735658505050715,35.58579438308654,38.61817251706641,3.0323781339798805,0.42801719160420504
LSO,2017,38.909,38.52657990455054,0.7735658505050723,37.01039083756059,40.04276897154048,3.032378133979883,1.9751931867685073
LSO,2018,36.902,37.05380041154822,0.7735658505051498,35.53761134455812,38.56998947853831,3.0323781339801874,-1.7984446514193877
LSO,2019,36.606,36.73112486567215,0.7735658505121054,35.21493579866842,38.24731393267588,3.032378134007453,-0.48589294500014546
LSO,2020,37.303,37.356448079651074,0.7735658511359896,35.840259011424536,38.87263714787761,3.0323781364530795,0.6456958677276745
LSO,2021,38.404,38.38671648940437,0.7735659070963559,36.870527311495515,39.90290566731323,3.032378355817715,1.169177294086019
LSO,2022,39.56,39.28603773272048,0.7735709265403912,37.769838716701315,40.802236748739645,3.0323980320383335,1.2794502932442597
LSO,2023,38.942,38.10970528216135,0.7740210217326647,36.592624079565326,39.626786484757375,3.0341624051920455,-0.48290627666872865
LSO,2024,29.64,30.627556988313053,0.8133806064466333,29.033330999677652,32.221782976948454,3.1884519772708027,-9.352988777977295
LTU,2000,53.09,53.76007767248219,0.7950396229752635,52.20180001145067,55.31835533351371,3.116555322063033,0.0
LTU,2001,54.156,54.336096695428665,0.7052018645490146,52.9539010409126,55.71829234994473,2.764391309032137,1.0659999999999954
LTU,2002,54.982,55.05379742735504,0.6878842675474897,53.705544262961965,56.40205059174812,2.6965063287861595,1.2205435164180471
LTU,2003,56.168,55.82798105134012,0.6847382582945533,54.485894065082796,57.17006803759744,2.6841739725146487,1.691070158358535
LTU,2004,55.662,56.33467245056771,0.6841736059323342,54.993692182940336,57.67565271819508,2.68196053525475,0.2066625605098409
LTU,2005,57.551,57.37055391712714,0.684072485727642,56.02977184510096,58.71133598915332,2.6815641440523565,1.9763737334082734
LTU,2006,58.588,58.26447881230525,0.6840543839467704,56.923732219769576,59.60522540484092,2.68149318507134,1.8730601025649705
LTU,2007,59.241,58.903890238178995,0.6840511437335137,57.563149996461306,60.244630479896685,2.6814804834353736,1.445437005240528
LTU,2008,59.378,59.27809809074493,0.6840505637438804,57.93735898580693,60.618837195682936,2.681478209876011,0.7485334089019133
LTU,2009,59.206,59.57371331172525,0.6840504599281931,58.23297441026599,60.91445221318451,2.681477802918517,0.14468947998840065
LTU,2010,60.083,60.15860785732554,0.6840504413494908,58.81786899228054,61.49934672237055,2.6814777300900037,0.9382152545527873
LTU,2011,61.127,60.802982952597745,0.6840504380462281,59.462244094027135,62.143721811168355,2.681477717141214,1.4409403421222962
LTU,2012,61.405,61.192454486728494,0.6840504375793569,59.851715629072956,62.53319334438403,2.681477715311079,0.8876334081102968
LTU,2013,61.109,61.414716891981875,0.6840504381907869,60.073978033127936,62.755455750835814,2.681477717707885,0.07954017036527716
LTU,2014,61.756,61.87748616282167,0.6840504421829712,60.53674729614305,63.21822502950029,2.681477733357247,0.6806518757349522
LTU,2015,62.716,62.435828354225144,0.6840504645892208,61.09508944363027,63.77656726482002,2.6814778211897456,1.2479703706729026
LTU,2016,62.625,62.77376007398386,0.6840505897844162,61.433020918006406,64.11449922996131,2.6814783119549115,0.43699162545521375
LTU,2017,64.024,63.22872104550005,0.6840512892138965,61.887980518640816,64.56946157235929,2.681481053718474,1.583882529311019
LTU,2018,62.7,63.0580376590167,0.6840551966961766,61.717289473492194,64.39878584454121,2.6814963710490125,-0.6538905720545714
LTU,2019,62.689,63.169021780579,0.684077026173132,61.82823080927966,64.50981275187834,2.6815819425986778,-0.2876481914344069
LTU,2020,63.653,63.6576380738929,0.6841989678533367,62.31660809690036,64.99866805088544,2.6820599539850796,0.8423017291720996
LTU,2021,64.406,64.14990313063333,0.6848798186054063,62.80753868616674,65.49226757509993,2.6847288889331926,1.109361232255381
LTU,2022,65.484,64.44069729402999,0.6886711353449961,63.0909018687538,65.79049271930619,2.6995908505523847,1.547348835519351
LTU,2023,64.963,63.91072731173613,0.7094793776953684,62.52014773145321,65.30130689201906,2.781159160565844,0.13365274337805033
LTU,2024,60.827,62.55293651667694,0.8160237928232313,60.9535298827434,64.15234315061048,3.1988132678670667,-4.0794541629502135
LUX,2000,63.633,63.74858577406538,0.5586163347922847,62.65369775787251,64.84347379025826,2.189776032385756,0.0
LUX,2001,64.971,64.79652364845617,0.5467324292610246,63.724928087104566,65.86811920980779,2.1431911227032163,1.338000000000001
LUX,2002,64.26,64.34329394733903,0.546623636484877,63.27191161982868,65.4146762748494,2.142764655020718,-0.5842094280991574
LUX,2003,64.541,64.60671250184521,0.5466226512340151,63.53533210542654,65.67809289826388,2.1427607928373393,0.22540910226642552
LUX,2004,65.513,65.43551127093451,0.5466226423122583,64.36413089200249,66.50689164986653,2.1427607578640524,0.9934497818118757
LUX,2005,65.631,65.59760898563351,0.5466226422314693,64.52622860685983,66.6689893644072,2.1427607575473595,0.21253605950396093
LUX,2006,65.444,65.47241557098016,0.5466226422307376,64.40103519220791,66.54379594975241,2.1427607575444916,-0.1667752015273436
LUX,2007,65.518,65.59170533939155,0.546622642230731,64.52032496061932,66.66308571816379,2.1427607575444654,0.05812977614671411
LUX,2008,66.448,66.34514446189819,0.5466226422307309,65.27376408312595,67.41652484067042,2.142760757544465,0.9355315931357921
LUX,2009,66.214,66.21363042374084,0.5466226422307309,65.1422500449686,67.28501080251307,2.142760757544465,-0.14497539880680677
LUX,2010,65.971,66.07893660854202,0.5466226422307309,65.00755622976979,67.15031698731426,2.142760757544465,-0.25679576826297534
LUX,2011,66.95,66.87291269914901,0.5466226422307309,65.80153232037678,67.94429307792124,2.142760757544465,0.9545634753273475
LUX,2012,66.975,67.00364156171055,0.5466226422307309,65.93226118293832,68.07502194048278,2.142760757544465,0.11583566319737315
LUX,2013,67.411,67.38079799666995,0.5466226422307309,66.30941761789772,68.45217837544219,2.142760757544465,0.4470228492503736
LUX,2014,67.55,67.4981010605949,0.5466226422307309,66.42672068182267,68.56948143936714,2.142760757544465,0.1815384147053294
LUX,2015,67.103,67.16887366724706,0.5466226422307309,66.09749328847482,68.24025404601929,2.142760757544465,-0.42972491801563706
LUX,2016,67.542,67.40641313070282,0.5466226422307309,66.33503275193058,68.47779350947505,2.142760757544465,0.39810764561046597
LUX,2017,66.337,66.47738411623841,0.546622642230731,65.40600373746618,67.54876449501064,2.1427607575444654,-1.1671163254747654
LUX,2018,66.735,66.75619835129598,0.5466226422307452,65.68481797252372,67.82757873006824,2.1427607575445213,0.2869379405422592
LUX,2019,67.198,67.21739992617442,0.5466226422323144,66.14601954739909,68.28878030494975,2.1427607575506724,0.49030483493169186
LUX,2020,67.876,67.84551546894954,0.5466226424056035,66.77413508983456,68.91689584806453,2.142760758229966,0.7246571013883027
LUX,2021,67.982,68.21134681582889,0.546622661542349,67.13996639920589,69.28272723245189,2.1427608332460077,0.17495791646828707
LUX,2022,70.848,70.5504427365138,0.5466247748565697,69.47905817779493,71.62182729523268,2.1427691174377532,2.8826488858884716
LUX,2023,71.143,70.32940192892646,0.5468581031469388,69.25756004675846,71.40124381109446,2.143683764336,0.5693110647776365
LUX,2024,62.269,63.108289002771876,0.572039844098444,61.98709090833893,64.22948709720482,2.2423961888659005,-8.819824715200888
LVA,2000,49.376,49.90814241709944,0.9477981995639594,48.05045794595408,51.7658268882448,3.715368942290721,0.0
LVA,2001,51.122,50.76710766058424,0.8607896151560823,49.07996001487832,52.45425530629016,3.3742952914118427,1.7460000000000022
LVA,2002,51.253,51.09910227376334,0.8516411653983802,49.42988558958252,52.76831895794417,3.3384333683616503,0.6438088086221754
LVA,2003,51.084,51.20257805801802,0.8507250158343395,49.535157026982716,52.86999908905332,3.3348420620706105,0.032746967331888754
LVA,2004,50.462,51.48212739200626,0.850633755451258,49.814885231321796,53.14936955269073,3.3344843213689312,-0.6116746444781285
LVA,2005,53.99,53.276438007240024,0.8506246695767857,51.60921365486952,54.94366235961053,3.334448704741,3.3350163629500713
LVA,2006,54.355,54.01119852424979,0.8506237650360868,52.34397594477906,55.678421103720524,3.3344451589414605,1.4172633794102651
LVA,2007,53.931,54.23545695300831,0.8506236749853656,52.56823455003699,55.90267935597963,3.334444805942633,0.023177237672612705
LVA,2008,55.335,54.91179578646608,0.8506236660204531,53.24457340106599,56.57901817186617,3.334444770800176,1.4113129240001712
LVA,2009,54.739,54.95972942098059,0.8506236651279602,53.292507037329784,56.62695180463139,3.334444767301604,-0.1506999638051738
LVA,2010,55.74,55.33541857226009,0.8506236650391099,53.66819618878343,57.002640955736744,3.3344447669533106,0.9534508713853
LVA,2011,54.921,55.11035502671592,0.8506236650302759,53.44313264325658,56.77757741017526,3.3344447669186814,-0.5181654344592914
LVA,2012,54.99,55.166459955938805,0.8506236650295097,53.499237572480965,56.833682339396645,3.334444766915678,-0.09449250710373747
LVA,2013,55.068,55.484585796511496,0.8506236650305725,53.817363413051574,57.15180817997142,3.334444766919844,0.04818555105837419
LVA,2014,56.374,56.42128931651638,0.8506236650421192,54.754066933033826,58.08851169999893,3.334444766965107,1.321203593340769
LVA,2015,57.551,57.42821154277,0.8506236651581893,55.760989159059946,59.095433926480055,3.334444767420102,1.593868578075984
LVA,2016,58.216,58.252808304328376,0.8506236663240996,56.58558591833314,59.920030690323614,3.33444477199047,1.1679003335530211
LVA,2017,59.9,59.13206078306662,0.8506236780354329,57.46483837411717,60.79928319201607,3.334444817898897,2.0524980527124086
LVA,2018,58.74,58.87101980308991,0.8506237956733919,57.20379716357006,60.53824244260976,3.334445279039696,-0.5123920544490446
LVA,2019,58.077,58.804526804426274,0.8506249773219234,57.1373018488753,60.471751759977245,3.33444991110194,-0.8246708796677638
LVA,2020,59.936,59.818319898508264,0.8506368466506631,58.15107167907296,61.485568117943565,3.334496438870599,1.5987983333374842
LVA,2021,60.146,60.6573727957192,0.8507560624642961,58.98989091328918,62.324854678149215,3.3349637648600408,0.7144557789639236
LVA,2022,63.674,62.25575018250622,0.8519526357466816,60.58592301644272,63.92557734856972,3.3396543321269916,3.7534263961860432
LVA,2023,63.774,61.748204399787824,0.8638800387321987,60.054999523872716,63.44140927570293,3.3864097518302185,1.2842879724043996
LVA,2024,55.865,58.232606129738365,0.9756330209978655,56.320365408582546,60.14484685089418,3.8244814423116327,-7.503779106267366
MAR,2000,45.37,44.993600700639796,0.6440865429437153,43.73119107647011,46.25601032480948,2.5248192483393637,0.0
MAR,2001,44.901,44.744629113750136,0.5680023564561468,43.63134449509609,45.857913732404185,2.2265692373080954,-0.4689999999999941
MAR,2002,44.19,44.4011382290807,0.5499281173575078,43.32327911905998,45.47899733910142,2.1557182200414307,-0.8972380737285803
MAR,2003,44.003,44.185271083240025,0.5458881018096717,43.115330403693065,45.255211762786985,2.139881359093913,-0.5934756884590229
MAR,2004,44.122,44.07957876090119,0.5449989274613573,43.01138086307693,45.147776658725455,2.1363957956485202,-0.15685225102120626
MAR,2005,43.535,43.948244672203366,0.5448039139464729,42.880429000868276,45.016060343538456,2.1356313426701736,-0.660307507605161
MAR,2006,43.657,44.06669874525762,0.5447611768112351,42.998966838707595,45.13443065180764,2.1354638131000416,-0.18697517010448195
MAR,2007,44.454,44.4327976237594,0.5447518125808399,43.36508407110095,45.500511176417845,2.1354271053168925,0.7094865091592055
MAR,2008,44.437,44.786080601797956,0.544749760842293,43.718371070547065,45.85379013304885,2.1354190625017884,0.3150933078075653
MAR,2009,45.025,45.35036739353723,0.5447493113138564,44.28265874336208,46.41807604371239,2.135417300350317,0.735489335656581
MAR,2010,46.383,46.11132441139798,0.5447492128770058,45.04361595415905,47.17903286863691,2.135416914477863,1.7022698702124401
MAR,2011,46.663,46.70806552900771,0.5447491915634773,45.640357113543295,47.77577394447213,2.1354168309288313,1.0768036413600939
MAR,2012,47.456,47.332046769494774,0.5447491880536761,46.26433836090957,48.39975517807998,2.13541681717041,1.2970335794519414
MAR,2013,48.052,47.881103754029425,0.5447491925791577,46.813395336574274,48.948812171484576,2.135416834910298,1.2031195077200323
MAR,2014,48.55,48.32686150205193,0.5447492177351976,47.25915303529094,49.394569968812924,2.1354169335219746,1.0611599208086133
MAR,2015,48.338,48.63774187846459,0.5447493335358278,47.57003318473436,49.70545057219481,2.135417387460445,0.2847110365712453
MAR,2016,49.11,49.12980298837001,0.5447498622759288,48.06209325830919,50.19751271843083,2.135419460121641,0.9052684276596992
MAR,2017,49.584,49.633834130546546,0.5447522755333747,48.56611967050113,50.70154859059196,2.1354289200908285,0.8977408617001004
MAR,2018,50.215,50.167987804721776,0.5447632897285685,49.10025175685378,51.23572385258977,2.1354720957359885,1.0512173352153482
MAR,2019,50.762,50.6737246821943,0.5448135566651723,49.60589011113056,51.74155925325803,2.135669142127475,1.0390570803708812
MAR,2020,51.497,51.1261030269477,0.5450429205487851,50.05781890267208,52.194387151223324,2.1365682485512374,1.221365070455775
MAR,2021,52.207,51.35429052465603,0.5460885343930267,50.283956997245696,52.42462405206636,2.1406670548206645,1.2817003615744653
MAR,2022,50.746,51.067052787190555,0.5508356068785462,49.987414997708605,52.146690576672505,2.159275578963901,-0.8610577076689836
MAR,2023,50.336,50.973877286777316,0.5720016511507813,49.85275405052179,52.095000523032844,2.2422464725110625,-0.8130465703650458
MAR,2024,51.75,51.2662704472689,0.6600425151309517,49.972587117612235,52.55995377692557,2.5873666593133304,1.0334266321361767
MCO,2013,56.689,56.71780323360115,3.345684746501895,50.16026113045744,63.27534533674486,13.115084206287428,0.0
MCO,2014,56.977,56.98588195872262,3.2768211502193942,50.56331250429261,63.40845141315263,12.845138908860026,0.2879999999999967
MCO,2015,57.353,57.33246017781836,3.2762183754958314,50.91107216184653,63.75384819379019,12.842776031943659,0.4026971322138664
MCO,2016,57.449,57.49750573076109,3.276213154166394,51.07612794859496,63.91888351292722,12.842755564332265,0.13347628612158502
MCO,2017,58.222,58.09124898862519,3.276213108942577,51.669871295097735,64.51262668215264,12.842755387054902,0.7854221528553182
MCO,2018,57.508,57.52940387346567,3.276213108550942,51.10802618070582,63.950781566225515,12.842755385519691,-0.6409035932046478
MCO,2019,57.197,57.15672798196659,3.276213108554916,50.735350289198955,63.578105674734225,12.84275538553527,-0.37064658587041777
MCO,2020,56.32,56.4281246272053,3.276213109405437,50.006746932770646,62.84950232163995,12.842755388869312,-0.9114947409354386
MCO,2021,56.629,56.655135769970045,3.276213207606086,50.23375788306212,63.07651365687797,12.842755773815856,0.2241704719503872
MCO,2022,56.618,57.113137033421744,3.276224545381197,50.6917369244746,63.53453714236889,12.842800217894293,0.00986273730850229
MCO,2023,58.796,61.94720080575422,3.2775332890242495,55.523235559266695,68.37116605224175,12.847930492975058,2.1789178893893535
MCO,2024,98.33,94.63184082910661,3.4252747622381907,87.91830229511976,101.34537936309346,13.427077067973707,39.736784029259525
MDA,2000,49.143,48.81471348561378,0.5824724326063883,47.673067517705256,49.9563594535223,2.283291935817042,0.0
MDA,2001,47.093,47.249300730874126,0.5573002984464194,46.15699214591914,48.34160931582911,2.1846171699099637,-2.049999999999997
MDA,2002,46.033,46.38098885901167,0.55665164682852,45.28995163122777,47.47202608679557,2.182074455567798,-1.380547174289255
MDA,2003,47.631,47.06470645938394,0.5566353008657147,45.97370126968714,48.15571164908074,2.1820103793936014,1.378991826562178
MDA,2004,44.706,45.222756233870996,0.5566348891886187,44.1317518510613,46.31376061668069,2.1820087656193854,-2.7061596125239262
MDA,2005,45.589,45.68553756558845,0.5566348788205817,44.594533203100106,46.77654192807679,2.18200872497668,0.45353958721357657
MDA,2006,46.528,46.57887620709048,0.5566348785594641,45.48787184511393,47.66988056906703,2.1820087239530994,1.0109755560643023
MDA,2007,48.164,47.69912260955995,0.5566348785528878,46.60811824759629,48.79012697152361,2.1820087239273205,1.7964391993244675
MDA,2008,46.556,46.74601697142762,0.5566348785527223,45.655012609464286,47.83702133339096,2.1820087239266712,-1.3229097571275048
MDA,2009,46.338,46.64038656775553,0.5566348785527182,45.5493822057922,47.731390929718856,2.1820087239266552,-0.4279423482303599
MDA,2010,48.069,47.88339952725714,0.5566348785527181,46.79239516529381,48.97440388922047,2.182008723926655,1.6630866589647155
MDA,2011,48.417,48.29863482578497,0.556634878552718,47.207630463821644,49.3896391877483,2.1820087239266543,0.6119275404936246
MDA,2012,48.155,48.185961732677306,0.556634878552718,47.09495737071398,49.276966094640635,2.1820087239266543,-0.16488868601511797
MDA,2013,47.961,48.21137789266555,0.556634878552718,47.120373530702224,49.30238225462888,2.1820087239266543,-0.2201674069241193
MDA,2014,49.391,49.3534788503126,0.556634878552718,48.26247448834927,50.44448321227593,2.1820087239266543,1.3950600034020368
MDA,2015,50.546,50.32823557081263,0.5566348785527182,49.2372312088493,51.41923993277596,2.1820087239266552,1.3763924052328917
MDA,2016,50.4,50.33176346213964,0.5566348785527251,49.2407591001763,51.42276782410298,2.1820087239266823,0.07242990580741093
MDA,2017,50.171,50.03095655911914,0.5566348785530019,48.93995219715526,51.12196092108302,2.1820087239277672,-0.21750556175476987
MDA,2018,48.855,49.10555624739713,0.5566348785639886,48.01455188541171,50.19656060938255,2.1820087239708355,-1.3505175686715916
MDA,2019,48.782,49.29763619500678,0.556634879000234,48.20663183216632,50.38864055784724,2.1820087256809173,-0.2873236363370353
MDA,2020,52.259,51.789452329212736,0.5566348963219595,50.69844793242169,52.88045672600378,2.182008793582081,3.4314024839262913
MDA,2021,52.337,52.1870869837278,0.5566355841046106,51.09608123888277,53.27809272857284,2.1820114896900735,0.6225546767780301
MDA,2022,52.316,51.916109947090256,0.556662892779892,50.82505067724167,53.00716921693884,2.1821185396971767,0.07779781295769084
MDA,2023,50.026,49.86162423855978,0.5577461409461926,48.76844180230524,50.954806674814314,2.186364872509075,-2.277653688808684
MDA,2024,46.449,47.07402303029516,0.5991774124561479,45.89963530188111,48.248410758709205,2.3487754568280996,-3.9384577345943725
MDG,2000,37.631,37.62913566194228,0.5115039125263401,36.62658799339065,38.63168333049391,2.005095337103253,0.0
MDG,2001,37.745,37.61731508456442,0.4949650840486186,36.64718351982913,38.58744664929971,1.940263129470585,0.11399999999999721
MDG,2002,36.6,36.843641214454415,0.494691375607889,35.87404611826295,37.81323631064588,1.939190192382925,-1.1305837213576666
MDG,2003,37.827,37.52369318849877,0.4946869202993515,36.554106824712036,38.4932795522855,1.9391727275734578,1.0827967148045303
MDG,2004,36.095,36.394014606180804,0.4946868477978029,35.42442838449711,37.363600827864495,1.9391724433673874,-1.5938726479255436
MDG,2005,37.276,37.048456423024575,0.49468684661798557,36.078870203653324,38.01804264239583,1.9391724387425033,0.977676603244575
MDG,2006,36.162,36.345221628129096,0.4946868465987865,35.375635408795475,37.31480784746272,1.9391724386672429,-0.9892820462345355
MDG,2007,36.758,36.73520916269768,0.494686846598474,35.76562294336467,37.70479538203069,1.939172438666018,0.4698015902521604
MDG,2008,37.367,36.989211374460744,0.4946868465984689,36.01962515512775,37.95879759379374,1.939172438665998,0.6689305464129944
MDG,2009,34.689,34.989074893787155,0.49468684659846873,34.01948867445416,35.95866111312015,1.9391724386659974,-2.592667438359733
MDG,2010,34.957,34.779385194693994,0.49468684659846873,33.809798975361,35.74897141402699,1.9391724386659974,-0.06273531352825756
MDG,2011,33.311,33.50992720739894,0.49468684659846873,32.54034098806594,34.479513426731934,1.9391724386659974,-1.6540028712059538
MDG,2012,33.299,33.42740150144572,0.49468684659846873,32.457815282112726,34.39698772077872,1.9391724386659974,-0.2229939555267606
MDG,2013,34.067,34.11100471788297,0.49468684659846873,33.141418498549974,35.080590937215966,1.9391724386659974,0.7395536305563724
MDG,2014,35.05,35.05716940527019,0.49468684659846873,34.08758318593719,36.02675562460318,1.9391724386659974,1.0773416414516177
MDG,2015,36.334,36.04611154207966,0.49468684659846873,35.07652532274666,37.01569776141265,1.9391724386659974,1.4214317894731607
MDG,2016,35.464,35.31731929454154,0.49468684659846895,34.347733075208545,36.28690551387454,1.9391724386659983,-0.6886741262705698
MDG,2017,33.436,33.71333221249547,0.4946868465984783,32.743745993162456,34.68291843182849,1.9391724386660347,-2.1158511642877684
MDG,2018,33.595,33.764093920074295,0.4946868465990547,32.79450770074015,34.73368013940844,1.9391724386682945,-0.11090993439658803
MDG,2019,35.061,34.82378263637708,0.4946868466344745,33.854196416973515,35.79336885578065,1.9391724388071399,1.4518517018483266
MDG,2020,34.449,34.46807448334063,0.4946868488110751,33.49848825967092,35.43766070701034,1.9391724473394143,-0.4267935902989848
MDG,2021,34.079,34.2261774088537,0.4946869825664319,33.256590923023495,35.19576389468391,1.939172971660413,-0.42444420283562323
MDG,2022,34.916,34.862438832326156,0.4946952019643791,33.89283623647597,35.83204142817634,1.939205191700366,0.7828554983091394
MDG,2023,35.968,35.17911863712662,0.4952000345147733,34.20852656947766,36.14971070477558,1.9411841352979113,1.1518654724666177
MDG,2024,30.053,30.788806532742917,0.525292599008293,29.759233038686663,31.818380026799172,2.0591469881125084,-5.768061529395521
MDV,2009,41.323,41.17591560866863,0.6643471085010647,39.87379527600655,42.47803594133072,2.6042406653241734,0.0
MDV,2010,40.74,40.86490585956192,0.6112199183922676,39.666914819513075,42.06289689961077,2.395982080097689,-0.5829999999999984
MDV,2011,41.222,40.797616477181386,0.6071113716478967,39.60767818875151,41.987554765611264,2.3798765768597554,0.3315103170500464
MDV,2012,39.378,39.9022561926297,0.6068067942165319,38.712914875965296,41.091597509294104,2.3786826333288054,-1.7542352819068867
MDV,2013,40.325,40.0298416047356,0.6067842908107266,38.84054439474658,41.21913881472462,2.3785944199780484,0.470364874711116
MDV,2014,39.4,39.581504377275564,0.6067826285838367,38.39221042525124,40.770798329299886,2.37858790404864,-0.7971670305480814
MDV,2015,39.329,39.48732438108681,0.6067825058097085,38.29803066969978,40.67661809247384,2.378587422774057,-0.28765336155828436
MDV,2016,38.841,39.70207205534927,0.6067824968084008,38.5127783616048,40.89136574909374,2.378587387488931,-0.5661782879884072
MDV,2017,41.916,41.59697146823657,0.6067824970545999,40.40767777400955,42.786265162463586,2.3785873884540316,2.9211243299224066
MDV,2018,42.852,42.8693720565675,0.6067825094072282,41.680078338129334,44.058665775005664,2.3785874368763347,1.7299018089614648
MDV,2019,44.251,44.17566956544539,0.60678267730792,42.986375517921864,45.364963612968914,2.3785880950470464,1.8691519076594574
MDV,2020,45.921,45.33497988573432,0.6067849504548802,44.14568138284275,46.52427838862589,2.3785970057831305,2.177997234626311
MDV,2021,45.571,45.35082874105533,0.6068157243337106,44.16146992136126,46.5401875607494,2.3787176393881455,0.24193507370020484
MDV,2022,44.738,44.937072290742464,0.6072321991246827,43.746897180458085,46.12724740102684,2.380350220568756,-0.76724699838703
MDV,2023,44.323,44.91175215458605,0.6128427375870923,43.710580388915346,46.11292392025675,2.4023435313414017,-0.6235220317621355
MDV,2024,46.611,46.03522432913309,0.6842880566991602,44.69401973800273,47.37642892026344,2.6824091822607077,2.1185394727058764
MEX,2000,57.993,57.87210457364554,0.253784421152281,57.37468710818707,58.369522039104005,0.9948349309169415,0.0
MEX,2001,56.99,57.53863279654196,0.23661518754674768,57.07486702895034,58.002398564133586,0.9275315351832509,-1.0030000000000001
MEX,2002,58.612,58.60683754496536,0.23566146737340515,58.14494106891348,59.068734021017235,0.9237929521037482,1.3981699994651748
MEX,2003,59.902,59.661852976086266,0.2356103389487758,59.20005671174666,60.12364924042587,0.9235925286792012,1.6127767858379656
MEX,2004,60.2,60.10332789665675,0.23560760350070448,59.64153699379537,60.56511879951813,0.9235818057227615,0.670982857138732
MEX,2005,60.339,60.29781973713498,0.23560745716592627,59.836029121089766,60.75961035318019,0.923581232090431,0.29419127585148885
MEX,2006,60.391,60.38710203101531,0.23560744933768657,59.92531143031344,60.84889263171718,0.9235812014037313,0.12004369298868056
MEX,2007,60.518,60.46642558444573,0.23560744891891175,60.00463498456466,60.9282161843268,0.923581199762134,0.15476499197182392
MEX,2008,60.322,60.41398405191001,0.23560744889650923,59.952193452072855,60.87577465174717,0.9235811996743162,-0.16020429332731823
MEX,2009,60.595,60.59654831395633,0.23560744889531077,60.13475771412153,61.05833891379114,0.9235811996696182,0.23594623336293097
MEX,2010,60.885,60.783068291629625,0.23560744889524668,60.32127769179494,61.24485889146431,0.9235811996693669,0.3445721746197279
MEX,2011,60.861,60.70916766789125,0.23560744889524324,60.24737706805657,61.17095826772593,0.9235811996693535,0.05569634697903325
MEX,2012,59.983,60.247357649974745,0.23560744889524307,59.78556705014007,60.709148249809424,0.9235811996693528,-0.8651179517057486
MEX,2013,60.567,60.4609427499743,0.23560744889524332,59.99915215013962,60.92273334980898,0.9235811996693538,0.3839062445102215
MEX,2014,60.307,60.403567093234635,0.23560744889524826,59.94177649339995,60.86535769306932,0.9235811996693731,-0.17120604760475544
MEX,2015,60.614,60.59290623112357,0.2356074488953408,60.1311156312887,61.05469683095844,0.923581199669736,0.2674016296734365
MEX,2016,60.778,60.72835387573079,0.2356074488970705,60.26656327589253,61.19014447556905,0.9235811996765163,0.22584751593693397
MEX,2017,60.702,60.7369629364798,0.23560744892940416,60.275172336578166,61.19875353638143,0.9235811998032643,-0.023763565022832722
MEX,2018,60.876,60.83489718456015,0.23560744953382373,60.373106583473856,61.29668778564644,0.923581202172589,0.16850370789339308
MEX,2019,60.851,60.827819752882675,0.2356074608323569,60.36602912965125,61.2896103761141,0.923581246462839,0.013973344224176287
MEX,2020,60.797,60.761520181287466,0.23560767203796096,60.299729144093064,61.22331121848187,0.9235820743888069,-0.05076809512846836
MEX,2021,60.711,60.60457486388055,0.23561162011102424,60.142776088462945,61.066373639298156,0.923597550835215,-0.09774218936653511
MEX,2022,59.869,60.17572889458975,0.23568541004431606,59.71378549090289,60.63767229827661,0.923886807373719,-0.8646068615286282
MEX,2023,60.559,60.530530373933395,0.23706055211775345,60.065891691782596,60.995169056084194,0.9292773643015935,0.4900244549261856
MEX,2024,60.923,60.81259612402494,0.26143836588958796,60.30017692688135,61.325015321168536,1.0248383942871848,0.4773381098781826
MHL,2002,34.296,34.4312031890059,0.877777059027695,32.71076015331162,36.15164622470018,3.4408860713885643,0.0
MHL,2003,36.361,36.086431987286126,0.8652129831417528,34.39061454032829,37.78224943424396,3.3916348939156706,2.0649999999999977
MHL,2004,34.32,34.52831240094063,0.865144858700787,32.832628477887084,36.22399632399417,3.3913678461070846,-1.8898202967340012
MHL,2013,35.481,35.408132727711084,0.8651444919816599,33.71244952342703,37.103815931995136,3.3913664085681066,1.0223492571322481
MHL,2014,35.327,35.43516641926022,0.8651444900076601,33.73948321884521,37.13084961967523,3.3913664008300275,-0.07899227925111063
MHL,2015,36.928,36.72810281070912,0.8651444899970349,35.03241961031493,38.4237860111033,3.391366400788377,1.5952044940624788
MHL,2016,35.614,35.681584930154145,0.8651444899969772,33.98590172976007,37.37726813054822,3.3913664007881508,-1.1969630286956132
MHL,2017,35.275,35.42603291626834,0.8651444899969774,33.73034971587426,37.12171611666242,3.391366400788151,-0.4268187894803077
MHL,2018,37.013,36.938062539876256,0.8651444899969781,35.24237933948218,38.633745740270335,3.3913664007881543,1.7066851569171178
MHL,2019,37.687,37.57307752490171,0.8651444899971208,35.87739432450736,39.26876072529607,3.3913664007887134,0.7992160851348942
MHL,2020,36.743,36.87482503382417,0.8651444900236226,35.17914183337787,38.57050823427048,3.3913664008926006,-0.8853631102656294
MHL,2021,37.763,37.71935881018255,0.8651444949469821,36.02367560008646,39.415042020278634,3.3913664201921696,0.9550426748946634
MHL,2022,38.15,38.053147196293324,0.865145409582171,36.35746219351227,39.74883219907438,3.39137000556211,0.4570695757517953
MHL,2023,38.099,37.253439377725584,0.8653153088919371,35.55742137229739,38.94945738315378,3.392036010856393,-0.01746571707854372
MHL,2024,25.644,26.557892517921474,0.8963197561584324,24.801105795850948,28.314679239992,3.513573444141055,-12.456281424818037
MKD,2002,42.664,42.715329160570384,1.2446255557610175,40.27586307127879,45.15479524986198,4.878932178583189,0.0
MKD,2003,42.838,42.76379924979595,1.1069869667334018,40.594104794998486,44.93349370459342,4.339388909594935,0.1739999999999995
MKD,2004,42.773,42.748107180509976,1.0825160993512666,40.62637562578149,44.86983873523846,4.243463109456965,-0.0024196799826583515
MKD,2005,42.456,42.71089003195557,1.0784117568183438,40.59720298859162,44.824577075319525,4.227374086727908,-0.31796591953620634
MKD,2006,42.447,42.89407893843936,1.077730838007554,40.781726495944554,45.00643138093416,4.224704884989612,-0.13796519602172452
MKD,2007,43.111,43.46386164129904,1.07761808083681,41.35173020285889,45.57599307973919,4.224262876880296,0.6078964256331503
MKD,2008,44.233,44.33876746622172,1.0775994144785863,42.22667261384369,46.45086231859975,4.224189704756058,1.3693073814683743
MKD,2009,44.501,45.305131516491464,1.077596324518446,43.19304272043531,47.41722031254762,4.224177592112308,0.8251078783893675
MKD,2010,47.548,46.966836431690176,1.0775958130241492,44.854748638162846,49.078924225217506,4.224175587054665,3.3827022044176687
MKD,2011,48.13,48.126003179976934,1.0775957283665576,46.01391555237848,50.23809080757539,4.224175255196906,1.958284032319611
MKD,2012,49.933,49.28171383652395,1.0775957144281059,47.16962623624486,51.39380143680304,4.224175200558175,2.5997464323568735
MKD,2013,50.223,49.87425059061829,1.077595712575787,47.762162993969746,51.98633818726683,4.224175193297085,1.3477315503468716
MKD,2014,49.78,50.16522011225169,1.077595715017701,48.053132510816994,52.27730771368638,4.224175202869388,0.10533739823519994
MKD,2015,50.113,50.78929346149008,1.0775957320259186,48.67720582671928,52.901381096260884,4.224175269541601,0.3758575222971743
MKD,2016,50.314,51.99816478321698,1.077595835146617,49.88607694632961,54.11025262010435,4.224175673774739,0.35392120762602985
MKD,2017,56.639,54.663350865686645,1.0775964581635618,52.55126180768607,56.77543992368722,4.224178116001162,6.4689962093774795
MKD,2018,56.225,55.62017264495944,1.0776002218307323,53.508076210171204,57.732269079747674,4.224192869576471,2.2179726327846083
MKD,2019,57.133,56.05399393542965,1.0776229579824272,53.94185293778409,58.16613493307521,4.224281995291115,1.8104032602304585
MKD,2020,55.387,55.55478748750765,1.0777602975762703,53.442377304258166,57.66719767075714,4.22482036649898,-1.0094202152832565
MKD,2021,55.035,55.20066862077744,1.0785895983797535,53.086633007953125,57.31470423360176,4.228071225648634,-0.7626922149308584
MKD,2022,55.282,54.98980512919481,1.0835859319473449,52.86597670257801,57.1136335558116,4.247656853233591,-0.06330858141926399
MKD,2023,56.084,54.52627770139442,1.113292157270206,52.34422507314482,56.70833032964402,4.364105256499207,0.7762423015375148
MKD,2024,50.622,52.7157716410969,1.2781482207995252,50.21060112832983,55.22094215386397,5.010341025534139,-5.1461784369733365
MLI,2000,31.263,31.39836816441002,0.6696761627879126,30.08580288534571,32.71093344347433,2.6251305581286175,0.0
MLI,2001,32.173,32.08274584458993,0.6423217465842443,30.82379522128481,33.34169646789505,2.5179012466102377,0.9100000000000001
MLI,2002,32.402,32.33982764768277,0.6416766542451035,31.082141405362364,33.59751389000317,2.5153724846408054,0.36541527510817673
MLI,2003,32.303,32.30256300552606,0.6416617582010725,31.04490595945196,33.56022005160016,2.5153140921482042,-0.04350334176461956
MLI,2004,32.177,32.26322947317615,0.6416614144042343,31.005573100943856,33.52088584540845,2.515312744464598,-0.13260894964062686
MLI,2005,32.866,32.63213751379483,0.6416614064695843,31.374481157114445,33.889793870475216,2.5153127133607702,0.6688541474346081
MLI,2006,31.715,31.893855800027506,0.641661406286457,30.63619944370605,33.151512156348964,2.515312712642911,-1.0493881614216072
MLI,2007,31.944,32.002342255522,0.6416614062822305,30.744685899208832,33.25999861183517,2.5153127126263435,0.06957770851117218
MLI,2008,32.439,32.387042090126215,0.6416614062821328,31.129385733813233,33.64469844643919,2.5153127126259602,0.5055701952205247
MLI,2009,32.464,32.525754351413106,0.6416614062821305,31.26809799510013,33.783410707726084,2.515312712625952,0.10180585888095806
MLI,2010,33.269,32.956834090198534,0.6416614062821303,31.69917773388556,34.21449044651151,2.515312712625951,0.8204662725460992
MLI,2011,32.767,31.910007292501,0.6416614062821303,30.652350936188025,33.16766364881398,2.515312712625951,-0.3773553565034078
MLI,2012,25.629,26.80586646926968,0.6416614062821303,25.548210112956706,28.063522825582655,2.515312712625951,-7.195327553193547
MLI,2013,27.35,27.273437972369756,0.6416614062821303,26.01578161605678,28.53109432868273,2.515312712625951,0.6278910353550096
MLI,2014,27.117,27.378537092905404,0.6416614062821303,26.12088073659243,28.63619344921838,2.515312712625951,-0.1376112474390183
MLI,2015,28.688,28.721847584386314,0.6416614062821305,27.46419122807334,29.97950394069929,2.515312712625952,1.5500941986866437
MLI,2016,30.338,30.225404805692754,0.6416614062821343,28.967748449379773,31.483061162005736,2.5153127126259665,1.885489191020433
MLI,2017,31.244,31.19589557605624,0.6416614062823004,29.938239219742933,32.45355193236955,2.5153127126266175,1.1924421559975968
MLI,2018,32.413,31.938642571881875,0.6416614062894965,30.680986215554462,33.19629892820929,2.5153127126548265,1.3501549510297188
MLI,2019,30.454,30.435609610213493,0.6416614066012971,29.17795325327495,31.693265967152037,2.5153127138770848,-1.753885435066067
MLI,2020,28.647,28.845509879174838,0.6416614201111662,27.587853495756953,30.103166262592723,2.5153127668357715,-2.0734490084513375
MLI,2021,27.917,28.195227850125246,0.6416620054740227,26.937570319396162,29.45288538085433,2.515315061458169,-1.0449968756969845
MLI,2022,29.128,28.862177284925174,0.6416873678891498,27.60447004386244,30.119884525987906,2.5154144821254674,1.0522448294527749
MLI,2023,28.704,28.270625660449966,0.642785323697291,27.010766426003276,29.530484894896656,2.5197184688933807,-0.26414372555344556
MLI,2024,25.069,25.627322870793623,0.6886791613919464,24.27751171446541,26.97713402712184,2.69962231265643,-3.6751285239931946
MLT,2000,51.615,51.940711152040365,0.7407305196492752,50.488879333527784,53.392542970552945,2.9036636370251587,0.0
MLT,2001,52.681,52.87008161850591,0.6917879374801146,51.514177261044885,54.22598597596693,2.711808714922049,1.0659999999999954
MLT,2002,54.551,54.29942780091771,0.6891867377850144,52.948621794859086,55.65023380697634,2.7016120121172564,2.103212362295082
MLT,2003,54.72,55.063558658105244,0.6890531991654167,53.713014387741026,56.41410292846946,2.7010885407284335,0.6442529378125528
MLT,2004,57.054,56.736138403201636,0.689046356529636,55.38560754440355,58.086669261999724,2.701061717596173,2.4798157549266335
MLT,2005,57.426,57.56821825895469,0.6890460059408707,56.21768808731058,58.9187484305988,2.7010603432882134,0.9333110791229373
MLT,2006,58.982,58.776356223387815,0.6890459879782204,57.4258260869505,60.12688635982513,2.701060272874624,1.7672576639852764
MLT,2007,59.43,59.440724279069336,0.6890459870578923,58.09019414443587,60.7912544137028,2.701060269266938,0.8480239745299514
MLT,2008,60.6,60.133449819460715,0.6890459870107386,58.78291968491967,61.48397995400176,2.7010602690820953,1.3619527251173338
MLT,2009,59.289,59.59250832027843,0.6890459870083226,58.24197818574211,60.94303845481474,2.7010602690726246,-1.0027179878527193
MLT,2010,60.172,59.85411331358931,0.6890459870081989,58.50358317905324,61.20464344812538,2.7010602690721393,0.6560318290644247
MLT,2011,58.783,59.27515207479448,0.6890459870081925,57.92462194025842,60.625682209330535,2.701060269072115,-1.2405052625740183
MLT,2012,60.138,59.997555230350365,0.6890459870081924,58.64702509581431,61.34808536488642,2.7010602690721144,1.074207978819885
MLT,2013,60.554,60.34858979486425,0.6890459870081928,58.998059660328195,61.69911992940031,2.7010602690721157,0.6591501410278369
MLT,2014,60.129,60.156472067860165,0.689045987008202,58.805941933324085,61.507002202396244,2.7010602690721517,-0.27579942347337294
MLT,2015,60.184,60.0369968690164,0.6890459870083819,58.68646673447997,61.387527003552826,2.7010602690728573,-0.0074280121123422305
MLT,2016,59.136,59.52881124850058,0.6890459870118956,58.17828111395727,60.879341383043894,2.7010602690866308,-1.0496813524273492
MLT,2017,60.466,60.05930980444096,0.6890459870804709,58.70877966976323,61.40983993911868,2.701060269355446,1.092401533120814
MLT,2018,59.345,59.514425024340156,0.6890459884189037,58.163894887039106,60.864955161641205,2.7010602746021024,-0.8737316943510791
MLT,2019,59.226,59.41753935971673,0.6890460145419746,58.06700917121446,60.768069548218996,2.70106037700454,-0.3167717433595527
MLT,2020,59.83,59.82712824964268,0.6890465244029312,58.47659706181294,61.17765943747243,2.7010623756594905,0.532297782561507
MLT,2021,59.769,60.229123564623286,0.6890564756189939,58.87857287241006,61.57967425683651,2.701101384426456,0.05948717143287752
MLT,2022,62.445,61.84779245403214,0.6892506712799482,60.49686113832344,63.19872376974084,2.701862631417397,2.689465096525481
MLT,2023,63.408,61.88730588283523,0.6930300201607598,60.52896704332014,63.24564472235032,2.716677679030178,1.5717683487773186
MLT,2024,56.4,57.90575086525769,0.7630551839521009,56.41016270471157,59.40133902580381,2.9911763210922357,-6.652225603231749
MMR,2000,22.387,21.590067387131167,1.2594587788084672,19.121528180666573,24.058606593595762,4.937078412929192,0.0
MMR,2001,20.961,20.667036386838287,1.1280113325124663,18.456134175113853,22.87793859856272,4.421804423448868,-1.426000000000002
MMR,2002,18.611,19.43175479333453,1.1086285225470445,17.258842889142322,21.60466669752674,4.345823808384414,-2.8286351576869215
MMR,2003,18.652,19.06828576310334,1.1059242562059346,16.90067422093971,21.23589730526697,4.335223084327263,-0.996437518971593
MMR,2004,19.076,19.14699893044486,1.1055501660519498,16.980120604983036,21.313877255906682,4.333756650923643,0.05432551311792366
MMR,2005,19.756,19.301127751820236,1.1054984789001057,17.134350733176028,21.467904770464443,4.3335540372884145,0.7001862617769063
MMR,2006,18.424,18.972087490458964,1.105491338593559,16.805324466815588,21.13885051410234,4.333526047286751,-1.0717685145074576
MMR,2007,19.176,19.225230316951926,1.1054903522206088,17.058469226599534,21.391991407304317,4.333522180704787,0.3536541842112335
MMR,2008,20.016,19.53066599529435,1.105490215961964,17.3639051720089,21.6974268185798,4.333521646570898,0.9714437264781957
MMR,2009,19.065,19.320575859932127,1.1054901971390747,17.15381507353954,21.487336646324714,4.333521572785172,-0.5899403486109165
MMR,2010,18.313,19.38196052723633,1.1054901945390212,17.21519974593985,21.548721308532812,4.333521562592963,-0.9712650666466693
MMR,2011,20.756,20.57880395135252,1.105490194181006,18.412043170757748,22.74556473194729,4.333521561189544,2.0820067192481346
MMR,2012,21.858,21.587428259811148,1.1054901941399367,19.42066747929687,23.754189040325425,4.333521561028552,1.8758262839579665
MMR,2013,21.916,22.30864901695476,1.1054901941949795,20.1418882363326,24.47540979757692,4.33352156124432,0.7551945237007835
MMR,2014,22.555,23.44694482345268,1.1054901946421063,21.28018404195415,25.613705604951207,4.333521562997056,0.9196856321243168
MMR,2015,25.611,25.532671834918325,1.1054901978855716,23.365911047062603,27.699432622774047,4.3335215757114405,3.3978225833318803
MMR,2016,27.032,27.535198018401164,1.1054902213658757,25.368437184524048,29.70195885227828,4.3335216677542325,2.68387989348685
MMR,2017,30.783,30.072225319414716,1.105490391339411,27.90546415238947,32.23898648643996,4.333522334050491,4.748526466109599
MMR,2018,33.166,31.8542618470296,1.1054916217734527,29.687498268353636,34.02102542570557,4.333527157351934,4.147900447468345
MMR,2019,32.875,32.242959205905166,1.1055005288184494,30.076178169421006,34.409740242389326,4.333562072968322,1.2506637999258672
MMR,2020,32.959,31.96029758001748,1.105565004587601,29.79339017102578,34.12720498900918,4.333814817983396,0.5488383274001336
MMR,2021,31.008,30.616805942800692,1.1060316312231575,28.448983945603302,32.78462793999808,4.335643994394777,-1.747011453967982
MMR,2022,27.691,28.8577847265749,1.109403678632113,26.683353516455956,31.03221593669384,4.348862420237883,-3.966317492246503
MMR,2023,27.157,28.33813194477497,1.133514753116462,26.116443028666705,30.55982086088324,4.443377832216531,-2.008174265812304
MMR,2024,29.765,29.07308733182149,1.294733053655425,26.53541054665686,31.61076411698612,5.075353570329265,1.861615266626007
MNE,2002,23.639,24.59330018683233,2.108836646763001,20.459980359176846,28.726620014487814,8.266639655310964,0.0
MNE,2003,24.798,25.99131303594713,1.906927751060977,22.253734643867617,29.728891428026643,7.475156784159029,1.158999999999999
MNE,2004,28.261,28.995889743420406,1.8833884687492959,25.304448344671787,32.68733114216903,7.382882797497239,3.8179433750196594
MNE,2005,30.732,32.98985252654355,1.8807802466915844,29.303523243028046,36.676181810059056,7.372658567031011,3.7268793799066238
MNE,2006,42.143,40.02357449889671,1.8804930206984083,36.337808178327826,43.70934081946559,7.37153264113776,12.646144059300486
MNE,2007,46.427,44.20390234248016,1.8804614120781915,40.51819797480691,47.889606710153416,7.3714087353465105,8.47856182206528
MNE,2008,46.386,45.39126166683678,1.8804579338780147,41.70556411643587,49.07695921723769,7.371395100801817,2.7714825682955535
MNE,2009,44.722,45.23939933983905,1.8804575511414094,41.55370253960189,48.925096140076214,7.371393600474325,-0.7446431636332207
MNE,2010,45.552,45.784114570182936,1.880457509025622,42.098417852492716,49.469811287873156,7.371393435380438,0.5829865283581128
MNE,2011,47.13,46.64132691421026,1.8804575043913556,42.95563020560321,50.327023622817315,7.371393417214114,1.7713886600036375
MNE,2012,46.557,46.840636013629855,1.8804575038822717,43.1549393060206,50.52633272123911,7.371393415218505,0.014606174706202069
MNE,2013,47.346,47.4218058274637,1.880457503834107,43.73610911994885,51.10750253497855,7.371393415029699,0.793845169585012
MNE,2014,48.288,48.10503344087524,1.88045750390018,44.419336733230885,51.79073014851959,7.371393415288706,1.205334825775246
MNE,2015,48.571,48.54193217634509,1.880457504556072,44.85623546741519,52.227628885274996,7.371393417859802,0.6828344368812935
MNE,2016,48.72,48.93969674205533,1.8804575105227366,45.25400002143077,52.625393462679895,7.371393441249127,0.37551027475167587
MNE,2017,50.356,49.6332402316127,1.8804575647467932,45.94754340470899,53.31893705851642,7.371393653807429,1.760564507751802
MNE,2018,48.977,49.35372829716311,1.8804580575199292,45.668030504424046,53.03942608990217,7.371395585478123,-0.7949844190190944
MNE,2019,48.796,49.58140772693323,1.8804625356991234,45.89570115696295,53.26711429690351,7.371413139940564,-0.44471273832907343
MNE,2020,51.486,50.86648586949368,1.8805032316563883,47.18069953544716,54.5522722035402,7.371572668093042,2.542479606909417
MNE,2021,52.133,51.31750875427017,1.8808730248279588,47.63099762560737,55.00401988293297,7.373022257325599,1.4903929561930411
MNE,2022,50.739,50.670631320579574,1.8842302756374665,46.97753998033014,54.363722660829005,7.386182680498869,-0.8996058983533501
MNE,2023,50.825,49.93170876034481,1.9144701964636308,46.17934717527609,53.68407034541353,7.504723170137432,-0.21241784215654036
MNE,2024,46.548,47.99014332486549,2.1700517378859483,43.73684191860903,52.243444731121954,8.506602812512917,-4.3474633820297655
MNG,2000,44.013,43.942765708126586,0.5736783665814922,42.81835610962686,45.06717530662631,2.2488191969994493,0.0
MNG,2001,43.333,43.56893031377467,0.5514095185636594,42.4881676573899,44.64969297015944,2.1615253127695446,-0.6799999999999997
MNG,2002,44.434,44.37234242834204,0.5509242407957334,43.2925309163824,45.45215394030168,2.159623023919275,1.0028372383200335
MNG,2003,44.946,44.86809495699595,0.550913874943454,43.78830376210678,45.947886151885115,2.1595823897783397,0.6584968345048736
MNG,2004,45.021,44.97511609992226,0.5509136536194633,43.895325338828115,46.054906861016406,2.1595815221882964,0.17121902580085901
MNG,2005,44.913,44.853185285799036,0.5509136488939619,43.77339453396687,45.9329760376312,2.1595815036643304,-0.0829814795549666
MNG,2006,44.315,44.43279039487621,0.5509136487930675,43.352999643241795,45.51258114651062,2.1595815032688246,-0.610125253438575
MNG,2007,44.562,44.60014722913049,0.5509136487909134,43.5203564775003,45.679937980760684,2.1595815032603807,0.15784850035161924
MNG,2008,45.068,44.95785150008143,0.5509136487908673,43.87806074845133,46.03764225171153,2.1595815032602,0.5290648222557977
MNG,2009,44.879,44.76593565199937,0.5509136487908664,43.68614490036927,45.84572640362947,2.159581503260196,-0.11169305023516785
MNG,2010,43.805,44.00985015610157,0.5509136487908665,42.93005940447147,45.08964090773167,2.1595815032601964,-1.0903205880647917
MNG,2011,44.164,44.275928078350276,0.5509136487908665,43.19613732672018,45.355718829980376,2.1595815032601964,0.1996823599238695
MNG,2012,45.089,45.10050587841384,0.5509136487908665,44.02071512678374,46.18029663004394,2.1595815032601964,0.9541775856533761
MNG,2013,46.114,45.98249582905658,0.5509136487908665,44.90270507742648,47.06228658068668,2.1595815032601964,1.164424425094687
MNG,2014,46.214,46.208304913498765,0.5509136487908665,45.128514161868665,47.288095665128864,2.1595815032601964,0.2701456924539585
MNG,2015,46.469,46.4056965966779,0.5509136487908665,45.3259058450478,47.485487348308,2.1595815032601964,0.2944736875278977
MNG,2016,46.127,46.28721630615964,0.5509136487908681,45.20742555452954,47.36700705778974,2.159581503260203,-0.29897150592677235
MNG,2017,47.115,46.9681849897771,0.5509136487909478,45.888394238146844,48.047975741407356,2.1595815032605157,0.9443142847198729
MNG,2018,46.836,46.91657462370982,0.5509136487946795,45.836783872072246,47.996365375347395,2.1595815032751435,-0.14101680039925668
MNG,2019,47.308,47.267016344663006,0.5509136489694575,46.18722559268287,48.34680709664314,2.1595815039602733,0.45139462567558297
MNG,2020,47.183,47.41295740022917,0.5509136571553744,46.33316663220464,48.4927481682537,2.1595815360490676,-0.059042219056578915
MNG,2021,48.651,48.70634225920541,0.5509140405516374,47.626550739724195,49.78613377868662,2.1595830389624187,1.4593727511817036
MNG,2022,50.516,50.27587449299398,0.5509319970372847,49.1960477788009,51.35570120718705,2.159653428386156,2.07824354071159
MNG,2023,51.79,50.64722599948186,0.5517723541200497,49.565752185406566,51.72869981355716,2.1629476281505946,1.5776729380643033
MNG,2024,44.248,45.316352031660614,0.5897915918459814,44.16036051164249,46.47234355167874,2.311983040036247,-7.311470436442455
MOZ,2000,25.27,25.885801459001822,0.47629423635465745,24.952264755746693,26.81933816225695,1.8670734065102572,0.0
MOZ,2001,29.514,29.188136751093708,0.4579440272525875,28.290566457678636,30.08570704450878,1.7951405868301429,4.244
MOZ,2002,31.153,30.852004517354295,0.4575487386515717,29.955208989597214,31.748800045111377,1.793591055514161,2.2482717811184507
MOZ,2003,30.981,31.00244195542613,0.45754039076862424,30.105662789519624,31.899221121332634,1.793558331813007,0.15456902431785124
MOZ,2004,31.336,31.260691329253063,0.4575402145503532,30.363912508734373,32.157470149771754,1.7935576410373846,0.3774571910032698
MOZ,2005,31.244,31.140282441227757,0.4575402108305363,30.243503627999907,32.03706125445561,1.7935576264557023,-0.037159308188780216
MOZ,2006,30.205,30.498373038869577,0.4575402107520142,29.60159422579563,31.395151851943524,1.7935576261478956,-1.0443988702298483
MOZ,2007,31.42,31.33156768324135,0.4575402107503566,30.43478887017065,32.22834649631205,1.793557626141398,1.0632594467861551
MOZ,2008,31.85,31.720117281786713,0.45754021075032164,30.823338468716084,32.616896094857346,1.793557626141261,0.5844808035243751
MOZ,2009,31.427,31.455605767508136,0.457540210750321,30.558826954437507,32.352384580578764,1.7935576261412582,-0.3380808728330358
MOZ,2010,31.2,31.33492643212935,0.4575402107503209,30.43814761905872,32.23170524519998,1.793557626141258,-0.27611971866263474
MOZ,2011,31.911,31.892668422758398,0.4575402107503209,30.99588960968777,32.78944723582903,1.793557626141258,0.6708826080154751
MOZ,2012,32.516,32.358237717913376,0.4575402107503209,31.461458904842747,33.25501653098401,1.793557626141258,0.7024724322178635
MOZ,2013,32.078,32.03056513363718,0.4575402107503209,31.133786320566553,32.927343946707815,1.793557626141258,-0.3359378870219629
MOZ,2014,31.28,31.464386094925,0.4575402107503209,30.56760728185437,32.36116490799563,1.793557626141258,-0.846808364579644
MOZ,2015,31.965,31.82531568157468,0.4575402107503209,30.92853686850405,32.72209449464531,1.793557626141258,0.5619673413323802
MOZ,2016,31.286,31.483900894086048,0.4575402107503222,30.587122081015416,32.38067970715668,1.793557626141263,-0.5973518503353255
MOZ,2017,32.439,32.13754826651043,0.457540210750383,31.24076945343968,33.03432707958118,1.7935576261415012,1.0662108403968595
MOZ,2018,31.431,31.275471243545088,0.4575402107532616,30.378692430468696,32.17225005662148,1.7935576261527855,-0.8530903889460539
MOZ,2019,29.254,29.631382693843953,0.4575402108896325,28.734603880500273,30.528161507187633,1.7935576266873592,-2.3009453730336347
MOZ,2020,30.066,29.884805725302623,0.45754021734990696,28.988026899296806,30.78158455130844,1.7935576520116352,0.47769599624371395
MOZ,2021,29.071,29.22716886904877,0.45754052339137913,28.330389443201668,30.123948294895875,1.7935588516942063,-0.9255956212632377
MOZ,2022,29.368,29.354762078907065,0.45755502121183667,28.457954237331865,30.251569920482265,1.7936156831503998,0.16252035277585364
MOZ,2023,29.869,29.415793920175663,0.45824129865491947,28.51764097481202,30.313946865539304,1.7963058907272842,0.5246125573695046
MOZ,2024,26.757,27.19806788741651,0.4896513694301969,26.238351203333323,28.157784571499697,1.9194333681663718,-3.0357791212234524
MRT,2000,23.394,23.635836932580208,0.5856556035393123,22.487951949643154,24.783721915517262,2.295769965874104,0.0
MRT,2001,24.594,24.56241773539584,0.5548581369645642,23.474895786945293,25.649939683846387,2.1750438969010917,1.2000000000000028
MRT,2002,25.732,25.37629934854731,0.5537645852278695,24.290920761500686,26.461677935593933,2.1707571740932483,1.3561900990598694
MRT,2003,24.674,24.92088708159963,0.553726802757688,23.835582548194562,26.0061916150047,2.170609066810137,-0.8062292819155168
MRT,2004,25.128,25.346474780410045,0.5537254986505504,24.261172803054965,26.431776757765125,2.1706039547101574,0.3042208525684025
MRT,2005,26.97,26.551675056813263,0.5537254536392671,25.4663731676803,27.636976945946227,2.1706037782659267,1.8985187303190436
MRT,2006,26.173,26.264110874924864,0.5537254520857033,25.178808988836884,27.349412761012843,2.1706037721759572,-0.4442892706837789
MRT,2007,27.01,26.301669729725635,0.5537254520320822,25.216367843742752,27.386971615708518,2.1706037719657623,0.7544590196254539
MRT,2008,23.325,23.811599597971647,0.5537254520302315,22.726297711992395,24.8969014839509,2.1706037719585076,-3.5448350414829015
MRT,2009,23.161,23.057927443678945,0.5537254520301675,21.972625557699818,24.143229329658073,2.1706037719582567,-0.8225667924062279
MRT,2010,21.463,21.9364477961748,0.5537254520301654,20.851145910195676,23.021749682153924,2.1706037719582483,-1.8508181615438133
MRT,2011,22.517,22.504434804907657,0.5537254520301653,21.419132918928533,23.58973669088678,2.170603771958248,0.7101511704457977
MRT,2012,23.118,23.027583759035267,0.5537254520301652,21.942281873056142,24.11288564501439,2.1706037719582474,0.7329333545769039
MRT,2013,23.258,23.228088431097603,0.5537254520301653,22.14278654511848,24.313390317076728,2.170603771958248,0.2761658759077079
MRT,2014,22.968,23.321855678876563,0.5537254520301654,22.23655379289744,24.407157564855687,2.1706037719582483,-0.2386933318643969
MRT,2015,24.722,24.67833314605497,0.5537254520301689,23.59303126007584,25.763635032034102,2.170603771958262,1.709655058671185
MRT,2016,26.181,25.878988378302832,0.5537254520302688,24.793686492323506,26.96429026428216,2.1706037719586537,1.7766232560713355
MRT,2017,25.624,26.001935426510386,0.5537254520331666,24.91663354052538,27.087237312495393,2.170603771970013,-0.22693525358031863
MRT,2018,27.48,27.473519655963315,0.5537254521171242,26.388217769813753,28.558821542112877,2.1706037722991267,1.8138394987959892
MRT,2019,29.455,28.921979213046054,0.5537254545496183,27.836677322128804,30.007281103963305,2.1706037818345036,2.3119788570369018
MRT,2020,28.488,28.468389898182146,0.5537255250260947,27.383087869131,29.55369192723329,2.1706040581022914,-0.5374757817574611
MRT,2021,27.832,27.94482325231289,0.5537275669321592,26.85951722112586,29.03012928349992,2.170612062374064,-0.755853363399499
MRT,2022,27.899,27.823858803287468,0.5537867236628224,26.738436824908337,28.9092807816666,2.170843956758264,-0.07342400259501147
MRT,2023,28.027,27.434758041491676,0.5554979320561654,26.345982094661593,28.52353398832176,2.1775518936601683,0.11435913679795462
MRT,2024,24.231,24.932281635309327,0.602971695296763,23.75045711252767,26.114106158090983,2.363649045563311,-3.7747541228231682
MUS,2000,50.33,50.31588970638709,0.6208923074167193,49.09894078385032,51.53283862892386,2.4338978450735396,0.0
MUS,2001,50.259,50.26064818317796,0.5888348841484256,49.10653181024705,51.41476455610888,2.308232745861828,-0.07099999999999795
MUS,2002,50.266,50.21141874496567,0.5877311482432125,49.05946569440897,51.36337179552237,2.303906101113393,-0.005725304435799217
MUS,2003,49.698,49.96309302371348,0.5876941524907509,48.811212484831614,51.11497356259535,2.303761077763743,-0.5690469655083419
MUS,2004,50.844,50.681748286096905,0.5876929136045527,49.52987017543198,51.83362639676183,2.3037562213298464,1.041871211166189
MUS,2005,50.909,50.80855726105724,0.5876928721189587,49.65667923170408,51.960435290410395,2.303756058706318,0.255654216317474
MUS,2006,50.662,50.568980817263984,0.5876928707297653,49.41710279063364,51.72085884389433,2.30375605326068,-0.20021725940452484
MUS,2007,49.651,49.990097893205636,0.5876928706832464,48.83821986666647,51.1419759197448,2.3037560530783256,-1.0476382079602118
MUS,2008,50.696,50.64814383935075,0.587692870681689,49.49626581281464,51.80002186588686,2.3037560530722208,0.8532903208416442
MUS,2009,50.967,51.13162465869855,0.5876928706816364,49.97974663216254,52.28350268523456,2.3037560530720147,0.4271455208478514
MUS,2010,52.329,52.21560756659265,0.5876928706816348,51.06372954005665,53.367485593128656,2.3037560530720085,1.4401643225073641
MUS,2011,52.798,52.88596839851848,0.587692870681635,51.734090371982475,54.03784642505448,2.3037560530720094,0.7325389184103415
MUS,2012,54.178,53.87721194299799,0.5876928706816348,52.725333916461985,55.02908996953399,2.3037560530720085,1.5140489492999123
MUS,2013,53.784,53.77126957458071,0.587692870681635,52.6193915480447,54.92314760111671,2.3037560530720094,-0.11694076704793588
MUS,2014,53.599,53.618890377605624,0.5876928706816349,52.46701235106962,54.77076840414163,2.303756053072009,-0.2063992547824256
MUS,2015,53.78,53.53906539813707,0.5876928706816378,52.38718737160106,54.69094342467308,2.30375605307202,0.14323053472720915
MUS,2016,52.142,52.58038221622455,0.5876928706817197,51.42850418968838,53.73226024276072,2.303756053072341,-1.6117899213197902
MUS,2017,53.225,53.22078776443016,0.5876928706841736,52.068909737889186,54.37266579097114,2.3037560530819605,0.7880549260727605
MUS,2018,53.936,53.84582832249921,0.5876928707574481,52.69395029581461,54.99770634918381,2.3037560533691965,0.855207948787104
MUS,2019,53.96,54.14194925762099,0.587692872945655,52.99007122664751,55.29382728859448,2.3037560619469675,0.18049643191194065
MUS,2020,55.173,55.10176729665554,0.5876929382922369,53.94988913760275,56.25364545570832,2.3037563181055685,1.2460294492785238
MUS,2021,55.846,55.80174949172046,0.5876948897390093,54.649867507832,56.953631475608915,2.3037639677769164,0.9010137399866807
MUS,2022,56.406,56.340318913928805,0.5877531629615284,55.18832271452421,57.4923151133334,2.303992398809191,0.7248785369821817
MUS,2023,58.028,56.639303150809816,0.5894907261559547,55.483901327544146,57.794704974075486,2.310803646531342,1.7546471588204327
MUS,2024,50.566,51.87273180878219,0.639206780460185,50.619886519080225,53.12557709848416,2.5056905794039253,-7.140913157894204
MWI,2000,36.579,36.48542633755307,0.40601564523539146,35.689635672891704,37.28121700221444,1.5915813293227346,0.0
MWI,2001,35.78,35.7645830685631,0.39548609223413955,34.989430327784184,36.53973580934201,1.550305481557827,-0.7989999999999995
MWI,2002,34.845,34.931471894668,0.3953592714934358,34.15656772254086,35.70637606679514,1.5498083442542683,-1.0215897589031684
MWI,2003,34.838,34.72805921085731,0.39535776409445267,33.95315799323218,35.50296042848244,1.5498024352502544,-0.11836016824801021
MWI,2004,33.595,33.72404479179329,0.3953577461802901,32.94914360927992,34.49894597430666,1.5498023650267372,-1.2559029478032997
MWI,2005,33.55,33.659749698383926,0.39535774596739587,32.88484851628783,34.43465088048002,1.5498023641921919,-0.18191146043663053
MWI,2006,34.609,34.39466479488561,0.3953577459648658,33.61976361279447,35.16956597697674,1.5498023641822738,1.0391690377387661
MWI,2007,33.471,33.56876576154017,0.3953577459648356,32.79386457944909,34.34366694363125,1.5498023641821554,-1.0247156476927302
MWI,2008,33.274,33.45480848291357,0.39535774596483536,32.67990730082249,34.22970966500465,1.5498023641821546,-0.3087087251759897
MWI,2009,34.832,34.65751980652195,0.39535774596483536,33.88261862443087,35.432420988613025,1.5498023641821546,1.5243463144944016
MWI,2010,34.483,34.58964587460198,0.39535774596483536,33.8147446925109,35.364547056693056,1.5498023641821546,-0.18282435517374296
MWI,2011,35.417,35.29837972337687,0.39535774596483536,34.52347854128579,36.073280905467946,1.5498023641821546,0.9140695190967705
MWI,2012,35.221,35.14330678996238,0.39535774596483536,34.3684056078713,35.91820797205346,1.5498023641821546,-0.09635329222263778
MWI,2013,34.249,34.422462778692676,0.39535774596483536,33.6475615966016,35.197363960783754,1.5498023641821546,-0.9825038929237877
MWI,2014,34.778,34.9647950890243,0.39535774596483536,34.18989390693322,35.73969627111538,1.5498023641821546,0.4218929624466128
MWI,2015,37.224,36.86739117020762,0.39535774596483536,36.09248998811654,37.642292352298696,1.5498023641821546,2.491992393208548
MWI,2016,36.052,36.17311988155726,0.39535774596483536,35.398218699466184,36.94802106364834,1.5498023641821546,-0.9003370327949938
MWI,2017,36.433,36.360857791718104,0.3953577459648361,35.585956609627026,37.13575897380918,1.5498023641821574,0.2828503304904899
MWI,2018,36.042,36.02324767058066,0.3953577459648961,35.24834648848946,36.79814885267186,1.5498023641823926,-0.36016525095928387
MWI,2019,35.455,35.549080884803686,0.3953577459699437,34.7741797027026,36.323982066904776,1.5498023642021794,-0.6262631859657333
MWI,2020,35.554,35.76002214869007,0.3953577463946823,34.985120965756494,36.534923331623645,1.5498023658671545,0.03072831674191434
MWI,2021,37.675,37.471240889462685,0.3953577821346539,36.69633963647876,38.24614214244661,1.5498025059678433,2.124349827923254
MWI,2022,37.702,37.69866186289245,0.39536078949228315,36.923754715487576,38.473569010297325,1.54981429480975,0.25858464656949565
MWI,2023,38.444,37.90177412995716,0.39561376416840166,37.12637115218709,38.67717710772723,1.5508059555401346,0.7701894409277443
MWI,2024,33.642,34.15633394582838,0.4163502576433466,33.34028744084742,34.97238045080934,1.6320930099619186,-4.718038287515398
MYS,2000,49.416,48.32052757069529,0.99605351954589,46.36826267238535,50.27279246900523,3.904529796619889,0.0
MYS,2001,46.089,47.58657130052862,0.8785868007150861,45.86454117112705,49.308601429930185,3.4440602588031375,-3.326999999999998
MYS,2002,47.07,47.76956890937843,0.8509503139422356,46.101706294051645,49.43743152470521,3.335725230653564,-0.33600915341256865
MYS,2003,48.12,48.38090834400137,0.8448321302409629,46.72503736872908,50.036779319273656,3.3117419505445747,0.8984013599803831
MYS,2004,49.381,49.15200038473755,0.8434982552225545,47.49874380450134,50.80525696497376,3.3065131604724134,1.6767110336705286
MYS,2005,49.955,49.78287734160154,0.843208445511891,48.130188788398236,51.435565894804846,3.305377106406613,1.3540212736004733
MYS,2006,49.966,50.308364632391275,0.8431455262396692,48.65579940096152,51.96092986382103,3.3051304628595033,0.6416324019606066
MYS,2007,51.0,51.043479723605884,0.843131868358943,49.39094126162236,52.69601818558941,3.3050769239670568,1.332913857281362
MYS,2008,51.833,51.805217187461395,0.8431289037528041,50.1526845361059,53.45774983881689,3.305065302710992,1.4539912652738494
MYS,2009,53.017,52.549943402691696,0.8431282602702188,50.897412012562064,54.20247479282133,3.3050627802592576,1.8614080271236801
MYS,2010,53.146,53.00869367909965,0.8431281206712986,51.356162562583904,54.6612247956154,3.3050622330314905,0.9962238988072087
MYS,2011,53.151,53.38337212298876,0.8431280907178506,51.73084106518177,55.03590318079575,3.305062115613974,0.4691377076232044
MYS,2012,53.6,53.900330616899275,0.8431280858189613,52.24779956869411,55.55286166510444,3.305062096410328,0.6675698684333966
MYS,2013,54.127,54.60117973695627,0.843128092139777,52.9486486763623,56.253710797550234,3.305062121187926,0.8380188325739724
MYS,2014,55.526,55.592366251299325,0.8431281275307854,53.93983512133899,57.24489738125966,3.3050622599206787,1.7894305044174317
MYS,2015,56.696,56.62418842121565,0.8431282919389982,54.971656969015214,58.276719873416084,3.305062904400873,2.003690399507221
MYS,2016,57.295,57.61204079436746,0.8431290496659172,55.95950785702226,59.26457373171266,3.305065874690395,1.5325134535699476
MYS,2017,59.993,58.79401533459011,0.8431325405841168,57.14147555504524,60.44655511413497,3.3050795590897377,3.411993502748551
MYS,2018,59.607,59.24185879241233,0.8431486231403721,57.5892874910572,60.89443009376746,3.3051426027102586,1.2036377201378485
MYS,2019,59.83,59.466128490128376,0.8432227118355647,57.813411974930666,61.11884500532609,3.3054330303954136,0.7837712675231643
MYS,2020,59.753,59.467601855995255,0.8435639558723605,57.81421650248543,61.12098720950508,3.3067707070196533,0.28815672430665273
MYS,2021,60.164,59.294327658846676,0.8451342942669099,57.63786444208353,60.95079087560982,3.312926433526287,0.5452513688557161
MYS,2022,57.31,58.58855833013916,0.8523315070272092,56.91798857636583,60.259128083912486,3.34113950754666,-2.599968993729135
MYS,2023,58.328,58.66564255902592,0.8847333279951849,56.93156523615536,60.39971988189648,3.4681546457411248,-0.19331789386638576
MYS,2024,59.413,58.949463291283564,1.0208108805996432,56.94867396530827,60.95025261725886,4.001578651950601,0.9949337628218942
NAM,2000,41.929,42.12548044033567,0.7764098743710998,40.60371708656832,43.64724379410303,3.043526707534711,0.0
NAM,2001,43.166,42.96236390491904,0.7391738615215763,41.51358313633675,44.411144673501326,2.897561537164579,1.2369999999999948
NAM,2002,42.989,42.98980620913776,0.7380392315972937,41.54324931520706,44.43636310306846,2.8931137878613913,0.032371400276716145
NAM,2003,43.375,43.02045314591295,0.7380055065836006,41.573962353009094,44.46694393881681,2.8929815858077146,0.3915758134251064
NAM,2004,41.914,41.64179778359546,0.7380045049321453,40.19530895392845,43.08828661326246,2.8929776593340097,-1.3935182782012348
NAM,2005,38.827,39.18115507609376,0.7380044751832252,37.73466630473464,40.62764384745288,2.892977542718243,-3.3271538776538776
NAM,2006,37.85,38.12825737385939,0.7380044742996867,36.681768604232005,39.57474614348678,2.892977539254772,-1.5503898725674858
NAM,2007,38.367,38.18141590142659,0.7380044742734458,36.73492713185063,39.62790467100255,2.8929775391519077,0.24981131677844814
NAM,2008,37.103,37.49688886281375,0.7380044742726666,36.05040009323932,38.94337763238818,2.892977539148853,-1.2209484050485528
NAM,2009,38.191,38.37804622825469,0.7380044742726434,36.93155745868031,39.82453499782907,2.8929775391487618,0.8775860889360487
NAM,2010,40.247,40.00270103691713,0.7380044742726426,38.55621226734275,41.44918980649151,2.892977539148759,2.207240069199379
NAM,2011,40.853,40.65628224453128,0.7380044742726425,39.2097934749569,42.10277101410566,2.8929775391487587,0.9863879129511659
NAM,2012,40.584,40.52792227326148,0.7380044742726426,39.0814335036871,41.97441104283586,2.892977539148759,-0.09900941093650317
NAM,2013,39.975,40.17665673024717,0.7380044742726425,38.73016796067279,41.62314549982155,2.8929775391487587,-0.6260629301788327
NAM,2014,40.547,40.62696449211141,0.7380044742726427,39.18047572253703,42.07345326168579,2.8929775391487595,0.46410653851839356
NAM,2015,41.387,41.3951262732098,0.7380044742726436,39.94863750363542,42.84161504278418,2.8929775391487627,0.9199824722455503
NAM,2016,42.145,42.195589498773415,0.7380044742726811,40.74910072919896,43.64207826834787,2.89297753914891,0.9165465112981934
NAM,2017,43.35,43.19714292189329,0.7380044742739387,41.75065415231637,44.643631691470205,2.8929775391538395,1.3629543699937656
NAM,2018,43.459,43.59109870558948,0.7380044743162874,42.14460993592956,45.0375874752494,2.8929775393198462,0.34388671462803444
NAM,2019,44.66,44.510138853590064,0.7380044757421693,43.063650081135414,45.956627626044714,2.8929775449093036,1.2602642148420315
NAM,2020,44.647,44.83349000944315,0.7380045237519052,43.38700114288942,46.27997887599689,2.892977733107468,0.20418945806592603
NAM,2021,46.012,45.89812767238661,0.7380061402475964,44.45163563750132,47.344619707271896,2.8929840697705775,1.4001892858797689
NAM,2022,46.711,46.510129720999686,0.738060565918102,45.06353101180021,47.95672843019916,2.8931974183989597,0.9403036477656812
NAM,2023,47.73,46.32368456086943,0.7398907525099307,44.87349868594997,47.77387043578889,2.9003717498389285,1.1810485905023
NAM,2024,39.094,40.54722059569385,0.7990705566067746,38.98104230474457,42.11339888664313,3.1323565818985566,-8.43246228124245
NER,2000,24.584,24.628177679584976,0.6059536521538404,23.440508521363448,25.815846837806504,2.3753383164430546,0.0
NER,2001,24.631,24.705768330380256,0.5524964386966961,23.62287531053473,25.78866135022578,2.1657860396910484,0.0470000000000006
NER,2002,24.204,24.90426904373382,0.547374441427219,23.83141513853647,25.977122948931168,2.1457078103946987,-0.4137151780610324
NER,2003,26.182,26.235195390438786,0.5469061138127096,25.163259407365874,27.307131373511698,2.1438719661458214,1.8539278883547183
NER,2004,28.25,27.652145565053985,0.5468634902252089,26.580293124212574,28.723998005895396,2.143704881682819,2.6268779789147843
NER,2005,28.32,28.102287777495388,0.5468596125996766,27.03044293680002,29.174132618190754,2.1436896813907325,0.8622608218247336
NER,2006,28.384,28.200361162013785,0.5468592598513615,27.128517012705117,29.272205311322452,2.143688298617337,0.32406714917927815
NER,2007,27.886,28.001466789246162,0.5468592277618946,26.929622702832848,29.073310875659477,2.1436881728266264,-0.40025747802410905
NER,2008,27.995,27.989297151940132,0.546859224842721,26.9174530712484,29.061141232631865,2.143688161383466,-0.0117224776678313
NER,2009,27.74,27.967905271577827,0.5468592245771643,26.896061191406584,29.03974935174907,2.1436881603424838,-0.2585356406106101
NER,2010,27.97,28.315065698103936,0.5468592245530067,27.243221617980044,29.386909778227828,2.143688160247786,0.1520225332212135
NER,2011,29.644,29.220241997557498,0.5468592245508114,28.148397917437908,30.292086077677087,2.1436881602391806,1.7198518292063838
NER,2012,29.046,29.44014678801361,0.5468592245506355,28.368302707894365,30.511990868132855,2.143688160238491,-0.07927194920360847
NER,2013,30.474,30.29743792310928,0.546859224550882,29.22559384298955,31.369282003229007,2.1436881602394573,1.4040906242066882
NER,2014,31.303,30.86920533908875,0.5468592245537901,29.79736125896332,31.94104941921418,2.143688160250857,1.2524906637126172
NER,2015,30.742,30.7394706709441,0.5468592245857751,29.667626590755983,31.81131475113222,2.143688160376238,-0.18323371246481202
NER,2016,30.389,30.605645750511837,0.5468592249373774,29.533801669634578,31.677489831389096,2.143688161754519,-0.4082654972324846
NER,2017,30.676,30.82216503482713,0.5468592288024207,29.750320946374384,31.894009123279876,2.143688176905489,0.16386220289973252
NER,2018,31.093,31.275052088957565,0.5468592712895055,30.203207917230134,32.34689626068499,2.1436883434548615,0.46642281635320515
NER,2019,32.23,32.02234092192642,0.5468597383351538,30.95049583478952,33.09418600906332,2.143690174273803,1.2776787458464298
NER,2020,33.045,32.433818162032665,0.5468648723805436,31.3619630121668,33.50567331189853,2.143710299731731,1.2003633168412762
NER,2021,32.091,31.856935305192902,0.5469213059935336,30.784969545445577,32.92890106494023,2.1439315194946515,-0.5919559488671808
NER,2022,31.029,30.901539557295102,0.5475412778364963,29.82835865273557,31.974720461854634,2.1463618091190657,-1.240541052374052
NER,2023,29.875,29.740023784745453,0.5543107097343699,28.65357479366609,30.82647277582482,2.17289798215873,-1.5281621406591732
NER,2024,27.507,28.360234011060456,0.6239019226930252,27.137386242582128,29.583081779538784,2.445695536956659,-2.8289121292109662
NGA,2000,31.564,30.749907463967336,0.5753678393783516,29.622186498785766,31.877628429148906,2.255441930363138,0.0
NGA,2001,28.949,29.08134522061659,0.5285420147907366,28.04540287162675,30.117287569606432,2.071884697979687,-2.6149999999999984
NGA,2002,26.805,27.662994631395026,0.52478444843565,26.63441711246115,28.691572150328902,2.057155037867748,-2.829807664376496
NGA,2003,27.652,27.866767266231886,0.5244956273891008,26.838755836549247,28.894778695914525,2.0560228593652754,0.06708182973643062
NGA,2004,28.956,28.47657853764605,0.5244735062154756,27.448610465463716,29.50454660982838,2.055936144364664,1.322556573324853
NGA,2005,27.889,28.179996389171386,0.5244718123901022,27.152031636886786,29.207961141455986,2.0559295045692005,-0.701043533572637
NGA,2006,28.22,28.43357153040443,0.5244716826960681,27.405607032320134,29.461536028488723,2.055928996168587,0.13701438928961807
NGA,2007,29.567,29.09092465204679,0.5244716727655784,28.06296017342626,30.118889130667323,2.055928957241067,1.3849132858049629
NGA,2008,28.341,28.848210512124847,0.5244716720052148,27.820246034994625,29.87617498925507,2.055928954260442,-0.8427802511289535
NGA,2009,29.12,29.564427723400925,0.524471671946995,28.536463246384816,30.592392200417034,2.05592895403222,0.5457940349575452
NGA,2010,31.81,31.120879249863695,0.5244716719425371,30.09291477285632,32.148843726871064,2.055928954014745,2.8410268240866934
NGA,2011,31.366,31.374480231493628,0.524471671942196,30.346515754486923,32.40244470850033,2.0559289540134085,0.34214134807215757
NGA,2012,31.634,31.64411392469058,0.5244716719421725,30.61614944768392,32.672078401697235,2.055928954013316,0.3626740306446443
NGA,2013,32.322,31.932868987097375,0.5244716719422061,30.904904510090653,32.9608334641041,2.055928954013448,0.7883556351336942
NGA,2014,31.023,31.485933603277925,0.5244716719426701,30.457969126270292,32.51389808028556,2.0559289540152665,-1.080853885886338
NGA,2015,31.723,31.91421972038234,0.5244716719487315,30.88625524336283,32.94218419740186,2.055928954039027,0.4009166109521445
NGA,2016,33.006,32.70402552301885,0.5244716720278954,31.676061045844175,33.73199000019353,2.0559289543493495,1.3939377505090071
NGA,2017,32.658,32.92291888138098,0.52447167306179,31.89495440217987,33.95088336058209,2.055928958402217,0.03771691510559805
NGA,2018,34.22,33.64266743656522,0.5244716865646462,32.61470293089851,34.67063194223193,2.0559290113334128,1.5724366584063887
NGA,2019,32.908,33.27091200689344,0.5244718629144396,32.242947155581135,34.298876858205745,2.0559297026246033,-0.876890600847851
NGA,2020,33.581,33.585277414265065,0.5244741660702468,32.55730804876738,34.61324677976275,2.055938730995367,0.4303553501075541
NGA,2021,34.444,33.907729693936794,0.5245042447868634,32.87970137415454,34.935758013719045,2.0560566395645044,0.9820837524717732
NGA,2022,32.88,33.216310224290396,0.5248969201917958,32.18751226071448,34.245108187866315,2.0575959271518394,-1.2922473229235507
NGA,2023,33.692,33.16071830571241,0.5299986232229107,32.1219210041955,34.199515607229316,2.07759460303381,0.45442187230417375
NGA,2024,31.54,32.10068609894776,0.5926089615283343,30.939172534352227,33.2621996635433,2.3230271291910705,-2.0262567932623483
NIC,2000,36.099,36.16369150283286,0.5843989736229782,35.01826951453182,37.3091134911339,2.2908439766020745,0.0
NIC,2001,35.813,36.26217588614655,0.5293456867003753,35.224658340213814,37.29969343207929,2.075035091865471,-0.28599999999999426
NIC,2002,37.451,36.989324110057915,0.5231820419524061,35.9638873078312,38.01476091228463,2.050873604453432,1.5518280678245304
NIC,2003,37.368,37.07031356402219,0.5225256502231804,36.04616328958476,38.094463838459625,2.048300548874867,0.4178654239654378
NIC,2004,36.528,36.73466289123981,0.522456153083243,35.71064883119665,37.758676951282965,2.0480281200863124,-0.7041898761507852
NIC,2005,36.163,36.68825634514113,0.5224487994641585,35.66425669819138,37.712255992090874,2.047999293899501,-0.5940357719015807
NIC,2006,37.959,37.3769953877061,0.5224480214154844,36.35299726573175,38.400993509680454,2.047996243948699,1.6027765864745618
NIC,2007,37.738,37.25116431176104,0.5224479390947225,36.22716635113538,38.275162272386694,2.0479959212513124,0.3003431809906161
NIC,2008,36.338,36.4439609650693,0.5224479303848525,35.41996302151499,37.467958908623615,2.047995887108622,-1.3023057821421347
NIC,2009,35.879,35.785059941161144,0.5224479294633132,34.76106199941305,36.80905788290924,2.0479958834961876,-0.8826079408902388
NIC,2010,34.862,34.9946809817782,0.5224479293658122,33.97068304022121,36.018678923335194,2.047995883113984,-1.304090590556065
NIC,2011,34.096,34.3900015181864,0.522447929355512,33.3660035766496,35.41399945972321,2.047995883073607,-1.190188499582149
NIC,2012,33.407,34.19680479279375,0.52244792935457,33.17280685125879,35.22080273432871,2.0479958830699143,-1.0761389591862738
NIC,2013,35.493,35.109014055731876,0.5224479293558677,34.085016114194374,36.13301199726938,2.0479958830750014,1.7359585429112983
NIC,2014,35.73,35.48379892456446,0.5224479293692128,34.459800983000804,36.50779686612812,2.047995883127314,0.8016644911605795
NIC,2015,35.936,35.51400226438753,0.5224479294954574,34.49000432257643,36.538000206198625,2.047995883622193,0.4667616834118675
NIC,2016,34.435,34.95358013793811,0.5224479306886618,33.929582193788335,35.97757808208789,2.047995888299554,-1.3491739385232933
NIC,2017,35.949,35.118959621122485,0.5224479419661568,34.09496165486882,36.14295758737615,2.0479959325073347,1.075146999394434
NIC,2018,33.932,34.12261963420592,0.5224480485546534,33.098621459038796,35.14661780937304,2.0479963503342415,-1.6672812029613056
NIC,2019,33.259,33.393069728923706,0.5224490559678058,32.3690695792268,34.41706987862061,2.0480002993937987,-1.2153254466163759
NIC,2020,33.146,32.85116300149804,0.5224585773715893,31.827144189849722,33.875181813146355,2.04803762329663,-0.5083153879800406
NIC,2021,31.927,31.89660420270079,0.5225485597298706,30.872409025630244,32.92079937977134,2.048390354141093,-1.3843424565206064
NIC,2022,30.634,30.899503630719586,0.523398258065182,29.87364304491183,31.925364216527342,2.0517211716155135,-1.7432924519685642
NIC,2023,30.323,30.27400032682135,0.5313620214213849,29.232530764835438,31.315469888807264,2.082939123971829,-0.8780500308631822
NIC,2024,29.084,29.579917378114512,0.6014452085313646,28.401084769393037,30.758749986835987,2.3576652174429493,-1.5246080151888144
NLD,2000,74.071,74.20428028178726,0.3693742109648607,73.48030682829614,74.92825373527839,1.447946906982254,0.0
NLD,2001,75.794,75.65314851734873,0.3631607252910345,74.9413534957783,76.36494353891915,1.4235900431408552,1.722999999999999
NLD,2002,75.653,75.64252083872033,0.3631191700174882,74.93080726548605,76.35423441195461,1.4234271464685537,-0.0010908788205767905
NLD,2003,75.491,75.52330862279123,0.3631188944565313,74.81159558965643,76.23502165592603,1.4234260662696026,-0.1620888283668478
NLD,2004,75.77,75.73887671637199,0.3631188926293385,75.02716368681848,76.4505897459255,1.423426059107007,0.2658011439735901
NLD,2005,75.522,75.63194692468946,0.36311889261722274,74.9202338951597,76.34365995421922,1.4234260590595131,-0.22635587130203305
NLD,2006,76.757,76.66428158618504,0.36311889261714236,75.95256855665544,77.37599461571465,1.423426059059198,1.2165678911657665
NLD,2007,76.718,76.73587274973569,0.3631188926171418,76.02415972020609,77.4475857792653,1.4234260590591958,0.06006485590739885
NLD,2008,77.004,76.99266043890013,0.36311889261714175,76.28094740937054,77.70437346842972,1.4234260590591956,0.29089106801089315
NLD,2009,77.183,77.13194817149717,0.3631188926171417,76.42023514196758,77.84366120102676,1.4234260590591954,0.20268719571386384
NLD,2010,76.695,76.74223944832887,0.3631188926171417,76.03052641879928,77.45395247785846,1.4234260590591954,-0.47149522621511153
NLD,2011,76.855,76.84202349106424,0.3631188926171417,76.13031046153465,77.55373652059383,1.4234260590591954,0.12160624739055947
NLD,2012,76.79,76.8073456068416,0.3631188926171417,76.095632577312,77.51905863637118,1.4234260590591954,-0.05509763001089141
NLD,2013,76.942,76.9524020203196,0.3631188926171417,76.24068899079,77.66411504984919,1.4234260590591954,0.14751341210175895
NLD,2014,77.342,77.20524364038559,0.3631188926171417,76.493530610856,77.91695666991518,1.4234260590591954,0.41201198471569
NLD,2015,76.028,76.0410228033181,0.3631188926171417,75.32930977378851,76.75273583284769,1.4234260590591954,-1.2804499546680574
NLD,2016,74.951,75.01174359324871,0.3631188926171417,74.30003056371912,75.7234566227783,1.4234260590591954,-1.181266758293532
NLD,2017,74.497,74.61188641332731,0.3631188926171417,73.90017338379772,75.3235994428569,1.4234260590591954,-0.5501902924187902
NLD,2018,75.431,75.40247641714117,0.363118892617143,74.69076338761157,76.11418944667078,1.4234260590592005,0.8891981254511876
NLD,2019,75.924,75.89750650311169,0.36311889261733127,75.18579347358171,76.60921953264166,1.4234260590599386,0.5654072078596073
NLD,2020,76.128,76.11801231902648,0.3631188926457221,75.40629928944087,76.82972534861209,1.4234260591712307,0.25004098462761704
NLD,2021,75.994,76.23502629162725,0.363118896927384,75.52331325364958,76.94673932960492,1.4234260759553454,-0.11363921759487994
NLD,2022,79.129,78.84954246456542,0.3631195426491945,78.137828160973,79.56125676815783,1.4234286071848423,3.125746383495567
NLD,2023,78.968,78.56833383944661,0.36321691156226527,77.85642869278458,79.28023898610864,1.4238102933240797,0.09352884079272883
NLD,2024,73.719,74.1458047440857,0.37761393078440997,73.40568143974825,74.88592804842314,1.480246608674887,-5.241383967057175
NOR,2000,68.546,68.45375341779054,0.5038704429923828,67.46616734952546,69.44133948605561,1.9751721365301407,0.0
NOR,2001,68.073,68.36088344462144,0.4490613481081519,67.48072320232946,69.24104368691341,1.7603204845839555,-0.4730000000000132
NOR,2002,68.928,68.53353261019905,0.4398566411224789,67.67141359359898,69.39565162679911,1.7242380332001173,0.6883590746452768
NOR,2003,68.002,68.3423586954278,0.4383971251244595,67.48310033018386,69.20161706067175,1.7185167304878812,-0.6581568696395408
NOR,2004,67.92,68.46510261568103,0.43816803736144544,67.6062932624526,69.32391196890947,1.717618706456866,-0.341811318441259
NOR,2005,68.904,69.09060270252982,0.4381321376947304,68.23186371264815,69.9493416924115,1.7174779797633433,0.8487662250461199
NOR,2006,70.227,69.88820920879664,0.4381265133981514,69.02948124253626,70.74693717505701,1.7174559325207535,1.6589220603051018
NOR,2007,70.543,70.37334398118547,0.4381256322911454,69.51461774189482,71.23207022047612,1.71745247858129,0.9725989406373543
NOR,2008,70.871,70.70200251000959,0.43812549425705827,69.84327654126575,71.56072847875343,1.7174519374876684,0.7129565463949916
NOR,2009,71.057,70.87479216609735,0.4381254726327392,70.01606623973719,71.73351809245752,1.7174518527203377,0.46818996221958287
NOR,2010,70.51,70.87952885479632,0.43812546924546286,70.02080293507521,71.73825477451743,1.7174518394422145,-0.36168921744705074
NOR,2011,71.19,71.22508744590303,0.43812546871725505,70.36636152721721,72.08381336458885,1.7174518373716399,0.5368424794568227
NOR,2012,71.44,71.60300770486893,0.43812546865009255,70.74428178631474,72.46173362342311,1.7174518371083627,0.4624836322754078
NOR,2013,72.4,72.13127236958135,0.4381254687390629,71.27254645085279,72.98999828830992,1.7174518374571264,1.1430522097146678
NOR,2014,72.563,72.41168558496842,0.4381254693880841,71.55295966496777,73.27041150496908,1.7174518400012897,0.6154230010142356
NOR,2015,72.573,72.55253928795638,0.4381254735436629,71.6938133598108,73.41126521610195,1.7174518562911585,0.25358600477844107
NOR,2016,72.546,72.67452177503573,0.4381255000718078,71.81579579489498,73.53324775517648,1.7174519602814864,0.07336999213566742
NOR,2017,72.852,72.91504178712823,0.4381256694082248,72.05631547508811,73.77376809916835,1.717452624080241,0.33504003136958715
NOR,2018,73.435,73.21370616749223,0.43812675032572673,72.35497773685381,74.07243459813066,1.7174568612768488,0.7156097051100829
NOR,2019,73.289,73.30826798859067,0.43813365004429466,72.44952603450385,74.1670099426775,1.717483908173635,0.13724015963299507
NOR,2020,73.275,73.42060095919966,0.4381776902068393,72.56177268639425,74.27942923200507,1.71765654561081,0.04032000774294886
NOR,2021,73.18,73.66722383778936,0.43845870593662706,72.80784477415358,74.52660290142515,1.718758127271578,-0.07904123735610824
NOR,2022,75.248,74.36322043412382,0.44024827652332493,73.5003338121381,75.22610705610954,1.7257732439714337,2.036715275203136
NOR,2023,75.372,74.24317181250191,0.4515044620225602,73.3582230669377,75.12812055806613,1.769897491128436,0.9301371381020545
NOR,2024,71.823,73.08198833669749,0.5176193421572962,72.06745442606919,74.0965222473258,2.029067821256601,-3.1808493312830706
NPL,2000,34.801,33.58610377935834,0.868230170906506,31.88437264438159,35.28783491433509,3.4034622699535033,0.0
NPL,2001,31.73,32.192282616427626,0.7773389308799546,30.668698311902915,33.71586692095234,3.047168609049422,-3.0710000000000015
NPL,2002,30.651,31.284821015755316,0.7638145076881891,29.787744580686464,32.78189745082417,2.9941528701377016,-2.1133168443235597
NPL,2003,31.083,31.044191566711604,0.7619107363763251,29.550846523414005,32.5375366100092,2.9866900865951944,-0.34630490258306423
NPL,2004,30.484,30.76273243479567,0.7616450561539795,29.26990812473387,32.25555674485747,2.9856486201235994,-0.7280354410536809
NPL,2005,28.715,30.77452288691566,0.7616080245944363,29.281771158710562,32.267274615120755,2.9855034564101905,-2.04070811102396
NPL,2006,33.966,32.95310182327942,0.7616028638718946,31.460360210090506,34.44584343646833,2.9854832263778266,4.489222110640018
NPL,2007,34.308,34.06602806941428,0.7616021446901325,32.57328786582162,35.55876827300694,2.9854804071853196,2.0178383917332425
NPL,2008,35.612,34.92437982354699,0.7616020444676013,33.43163981639049,36.41711983070349,2.985480014312997,2.057267645421355
NPL,2009,35.289,35.059298257594904,0.7616020305009806,33.56655827781298,36.55203823737683,2.985479959563844,0.44498721935322294
NPL,2010,35.518,34.95255145285565,0.7616020285547696,33.459811476888305,36.445291428823,2.9854799519346966,0.3951157345747305
NPL,2011,33.26,34.25090599068044,0.7616020282844498,32.758166015242914,35.74364596611796,2.985479950875043,-2.110501513729467
NPL,2012,34.442,34.59177561936203,0.7616020282532145,33.09903564398573,36.084515594738335,2.985479950752601,0.3941402621613932
NPL,2013,34.695,35.09022159221338,0.7616020282950422,33.5974816167551,36.58296156767167,2.9854799509165653,0.40013433829309974
NPL,2014,36.037,36.004473381146205,0.7616020286322558,34.51173340502699,37.49721335726542,2.9854799522384425,1.4913719539641264
NPL,2015,37.064,36.884504475756316,0.7616020310572168,35.39176449488417,38.37724445662846,2.9854799617442898,1.5837358797602974
NPL,2016,37.673,37.57569142720326,0.7616020484590986,36.08295141222343,39.06843144218309,2.9854800299596667,1.2002157500234532
NPL,2017,38.173,38.16450170864877,0.7616021733325304,36.67176144891701,39.65724196838053,2.9854805194635192,0.9480459550790314
NPL,2018,38.825,38.744371084434725,0.7616030694053088,37.25162906840032,40.23711310046913,2.9854840320688103,1.0059098327895697
NPL,2019,39.187,39.23941216972008,0.761609499460739,37.74665755077704,40.73216678866313,2.9855092378860966,0.7375106794314163
NPL,2020,39.87,39.78959519419204,0.7616556389996179,38.29675014175279,41.28244024663129,2.985690104878502,0.9583160644162376
NPL,2021,40.331,40.25518571017119,0.7619866475838148,38.761691880906916,41.748679539435464,2.986987658528554,0.8187437109457818
NPL,2022,40.462,40.641013320291975,0.7643577115441257,39.14287220566549,42.13915443491846,2.9962822292529725,0.4366407216189998
NPL,2023,41.55,41.215177755120635,0.7811610293370318,39.68410213762005,42.74625337262122,3.0621512350011644,1.2509999515839993
NPL,2024,41.648,41.437081484772214,0.8925067625421461,39.687768230189604,43.186394739354824,3.498626509165213,0.5650039266692986
NRU,2013,43.854,47.31355969805991,5.723953958853395,36.09460993870726,58.532509457412566,22.437899518705308,0.0
NRU,2014,83.998,80.05752094577184,5.60862123747824,69.0646233203145,91.05041857122919,21.985795250914702,40.144000000000005
NRU,2015,77.531,77.37132269818568,5.607640364027378,66.38034758469202,88.36229781167934,21.981950226987323,-2.7979699646988365
NRU,2016,76.483,73.24941265180432,5.607632106857094,62.258453722364415,84.24037158124422,21.981917858879807,-1.304695992017173
NRU,2017,36.685,40.05324185897378,5.607632037352907,29.06228306576208,51.044200652185474,21.981917586423396,-39.91770138933944
NRU,2018,36.963,37.142055363707364,5.607632036778638,26.151096571621235,48.13301415579349,21.98191758417226,-3.384313385601615
NRU,2019,35.609,35.840815275295526,5.607632038054239,24.84985648070922,46.83177406988183,21.981917589172614,-1.6644992474446738
NRU,2020,36.908,36.623903529741895,5.60763219018188,25.63294443698541,47.61486262249838,21.981918185512967,1.1462878528588902
NRU,2021,34.24,34.8525858059366,5.60765026307093,23.861591290317577,45.84358032155562,21.981989031238044,-2.5628319865445306
NRU,2022,35.962,38.589231076021804,5.609796925740719,27.594029101569994,49.58443305047361,21.99040394890362,1.486868878115736
NRU,2023,68.991,65.9481859113811,5.8592284628016555,54.46409812428986,77.43227369847234,22.96817557418249,33.16541516464664
NZL,2000,69.682,69.72516023511176,0.2794998778320773,69.17734047456089,70.27297999566262,1.0956395211017431,0.0
NZL,2001,69.878,69.97420630539624,0.2695096879687274,69.44596731697753,70.50244529381494,1.0564779768374113,0.19599999999999795
NZL,2002,70.919,70.74457747313187,0.2693177046653201,70.21671477198784,71.2724401742759,1.055725402288055,1.06763796676681
NZL,2003,70.521,70.56978355586931,0.269314082396985,70.04192795437122,71.0976391573674,1.0557112029961813,-0.2514051644737094
NZL,2004,70.681,70.65933917279617,0.2693140140777387,70.13148370520379,71.18719464038854,1.0557109351847356,0.1254735181845632
NZL,2005,70.61,70.63151856571767,0.2693140127891847,70.10366310065086,71.15937403078448,1.055710930133604,-0.05376815492009257
NZL,2006,70.747,70.72030329259907,0.26931401276488154,70.1924478275799,71.24815875761824,1.0557109300383356,0.12961577588194473
NZL,2007,70.607,70.66442324381842,0.269314012764423,70.13656777880016,71.19227870883668,1.0557109300365382,-0.12219927871795733
NZL,2008,70.839,70.91970968310005,0.2693140127644145,70.3918542180818,71.4475651481183,1.0557109300365048,0.21521781984810673
NZL,2009,71.726,71.61234774121884,0.26931401276441425,71.08449227620059,72.14020320623709,1.0557109300365037,0.9165568375074287
NZL,2010,71.655,71.68912413995265,0.2693140127644143,71.1612686749344,72.2169796049709,1.055710930036504,0.05487489981844362
NZL,2011,72.034,71.95081326881349,0.2693140127644143,71.42295780379524,72.47866873383174,1.055710930036504,0.38653621841497454
NZL,2012,71.688,71.76172808965121,0.2693140127644143,71.23387262463297,72.28958355466946,1.055710930036504,-0.2929152312457859
NZL,2013,72.036,71.97216249877374,0.2693140127644143,71.44430703375549,72.50001796379199,1.055710930036504,0.3077726252431603
NZL,2014,71.851,71.8366726837953,0.2693140127644143,71.30881721877705,72.36452814881355,1.055710930036504,-0.14273219206492627
NZL,2015,71.588,71.62354565485396,0.2693140127644143,71.09569018983571,72.1514011198722,1.055710930036504,-0.2826020580959323
NZL,2016,71.616,71.60303429600187,0.2693140127644146,71.07517883098362,72.13088976102011,1.055710930036505,-0.010811019999636073
NZL,2017,71.416,71.5122640609512,0.26931401276443,70.98440859593292,72.04011952596947,1.0557109300365657,-0.20148472631888126
NZL,2018,72.039,71.94313189057544,0.26931401276524675,71.41527642555556,72.47098735559533,1.0557109300397671,0.5953291903977203
NZL,2019,71.922,71.85450724741047,0.2693140128085516,71.3266517823057,72.38236271251523,1.0557109302095222,-0.03524074718148995
NZL,2020,71.346,71.40015121402047,0.2693140151045798,70.8722957444155,71.92800668362544,1.0557109392099528,-0.5808397713480105
NZL,2021,71.257,71.23923111302642,0.26931413684019295,70.71137540481965,71.76708682123319,1.0557114164135564,-0.1687693553056988
NZL,2022,70.995,70.98202452961364,0.269320591195549,70.45415617087036,71.50989288835692,1.0557367174865522,-0.2851778595960326
NZL,2023,71.1,70.65450614765717,0.26966258051658076,70.12596748984467,71.18304480546968,1.0570773156249966,0.06583523351947917
NZL,2024,67.407,67.91293470514549,0.2872123184445238,67.34999856099422,68.47587084929675,1.1258722883025332,-3.683958549339579
OMN,2000,42.757,42.85520076449924,0.6037039440753472,41.671941034111555,44.03846049488692,2.3665194607753612,0.0
OMN,2001,42.776,43.01744544473971,0.5488717641951606,41.94165678691719,44.09323410256222,2.1515773156450293,0.019000000000005457
OMN,2002,43.266,43.54673858320734,0.543250715601939,42.48196718062754,44.611509985787144,2.129542805159601,0.4955227068118617
OMN,2003,45.033,44.502814112381195,0.5427016027078599,43.43911897107379,45.5665092536886,2.127390282614811,1.9204342625475306
OMN,2004,45.036,44.65289426303761,0.5426482340396136,43.58930372431997,45.71648480175525,2.127181077435285,0.6011596163521986
OMN,2005,44.192,44.22057216443384,0.5426430496992274,43.15699178702335,45.28415254184433,2.1271607548209714,-0.6566494260655062
OMN,2006,43.551,43.831685836237575,0.5426425461064456,42.768106445868945,44.895265226606206,2.1271587807372665,-0.8456552258561558
OMN,2007,44.234,43.86950171212836,0.5426424971890383,42.805922417637845,44.93308100661888,2.1271585889810303,0.41943669675829653
OMN,2008,42.773,43.35320262124491,0.5426424924373585,42.28962333606769,44.41678190642213,2.1271585703544456,-1.3302751186815627
OMN,2009,43.664,43.71893498809675,0.5426424919757957,42.65535570382419,44.782514272369305,2.127158568545119,0.47639615828306603
OMN,2010,44.003,44.16818022762,0.5426424919309615,43.104600943435315,45.23175951180468,2.127158568369369,0.4874773154086185
OMN,2011,45.275,44.86853456527884,0.5426424919266117,43.804955281102686,45.932113849455,2.1271585683523178,1.423930954712091
OMN,2012,44.964,44.950974941885825,0.5426424919262425,43.88739565771039,46.01455422606126,2.1271585683508705,0.13279334702421153
OMN,2013,44.783,45.01361445828491,0.5426424919267561,43.95003517410847,46.077193742461354,2.1271585683528835,-0.13961259723045316
OMN,2014,45.336,45.426837028547894,0.5426424919324621,44.36325774436027,46.49041631273552,2.1271585683752514,0.5094872569088267
OMN,2015,46.034,45.97815121331363,0.5426424919912446,44.91457192901079,47.04173049761647,2.1271585686056786,0.8567907435136846
OMN,2016,46.423,46.44456335708542,0.5426424925964005,45.38098407159648,47.50814264257436,2.12715857097789,0.6560340373646056
OMN,2017,46.754,46.94375639254451,0.5426424988263367,45.88017709484489,48.007335690244126,2.1271585953992402,0.5354646478411311
OMN,2018,47.806,47.73141952690026,0.5426425629620402,46.66784010349466,48.79499895030586,2.1271588468111973,1.2188870583179323
OMN,2019,47.861,48.40570447060668,0.5426432232233663,47.342123753088885,49.46928518812447,2.127161435035596,0.4348877785949199
OMN,2020,50.698,49.90805612868484,0.5426500204095095,48.8444620886822,50.97165016868748,2.1271880800052774,2.972540492469001
OMN,2021,51.436,50.20952499369635,0.5427199908700736,49.145793811591005,51.27325617580169,2.1274623642106887,1.6644449866469415
OMN,2022,48.066,48.64649084187422,0.5434397962995963,47.58134884112701,49.71163284262143,2.1302840014944175,-2.851246187449611
OMN,2023,46.927,47.965926304480426,0.5507953347805582,46.88636744831053,49.04548516065032,2.159117712339788,-2.0276414643471696
OMN,2024,49.456,48.864750844740605,0.6214779401529803,47.64665408204076,50.08284760744045,2.4361935253996827,1.8970495609324374
PAK,2000,32.768,32.39514172745829,0.6549011155044561,31.111535541069554,33.67874791384702,2.5672123727774676,0.0
PAK,2001,31.024,32.10506927467227,0.5794350172268241,30.969376640907694,33.240761908436845,2.2713852675291504,-1.7439999999999998
PAK,2002,32.236,32.584223155987395,0.5636378681788944,31.479492934356763,33.68895337761803,2.209460443261266,0.547911569844171
PAK,2003,33.464,33.31115248333999,0.560524065676151,32.21252531461473,34.40977965206525,2.197254337450512,1.4630787564475654
PAK,2004,34.186,33.92932436316222,0.5599184492323829,32.83188420266675,35.0267645236577,2.194880320990941,1.362999184895088
PAK,2005,34.038,34.3648607136955,0.5598009742668755,33.26765080413242,35.462070623258576,2.1944198191261517,0.4515354612774587
PAK,2006,35.171,35.03297223258133,0.5597781988137278,33.935806962906426,36.13013750225623,2.194330539349813,1.3317674347809927
PAK,2007,35.261,35.60287117987426,0.5597737836697886,34.505714563881476,36.70002779586705,2.1943132319855714,0.676335892447149
PAK,2008,36.869,36.416025874593046,0.5597729277875415,35.318870936129464,37.51318081305663,2.1943098769271625,1.9057783156756543
PAK,2009,37.353,36.906870395400816,0.5597727618760067,35.809715782123845,38.004025008677786,2.194309226553946,1.3230840124268113
PAK,2010,37.041,37.080274907210224,0.559772729724056,35.983120356951076,38.17742945746937,2.1943091005182995,0.27053357054274585
PAK,2011,37.486,37.2816251701415,0.5597727235435668,36.18447063199611,38.37877970828689,2.1943090762907818,0.5641118012749189
PAK,2012,37.096,37.337554131369195,0.5597727226146927,36.240399595044394,38.434708667694,2.1943090726495953,-0.1416301752272915
PAK,2013,37.403,37.565359033679805,0.5597727238234202,36.4682044949859,38.66251357237371,2.1943090773878073,0.244642392869018
PAK,2014,37.526,37.90868922859813,0.5597727312219606,36.81153467540309,39.00584378179317,2.1943091063900853,0.23071231639734435
PAK,2015,38.637,38.52431893226326,0.5597727696136282,37.427164303820554,39.62147356070597,2.1943092568854223,1.2125791160988229
PAK,2016,39.142,39.05977130900917,0.5597729677049395,37.96261629230749,40.156926325710856,2.1943100334033625,1.0388801011740298
PAK,2017,40.192,39.5367145078414,0.5597739895881292,38.43955748824867,40.63387152743414,2.1943140391854663,1.5074030726449195
PAK,2018,38.856,39.54739447199273,0.5597792610570358,38.45022712032094,40.644561823664525,2.1943347033435803,-0.6723134048245925
PAK,2019,40.203,40.05003073123903,0.5598064537213403,38.95281008194521,41.14725138053286,2.194441298587654,1.0509906560916846
PAK,2020,40.93,40.443822911205764,0.5599467090959425,39.34632736137772,41.54131846103381,2.1949910996560944,1.1897351653722623
PAK,2021,41.509,40.491679609979094,0.5606696745454798,39.39276704786995,41.590592172088236,2.197825124218281,1.1028222578923845
PAK,2022,38.995,39.8156699918049,0.564384460463907,38.70947644929564,40.92186353431416,2.2123870850185154,-2.0284441704365292
PAK,2023,38.984,39.7236016474166,0.5831718272486798,38.58058486600919,40.86661842882401,2.2860335628148247,-0.904093048177856
PAK,2024,40.768,40.1577910343933,0.671793679366699,38.84107542283457,41.474506645952026,2.63343122311746,1.3859416121963974
PAN,2000,49.956,49.96938215435141,0.5692472554287816,48.853657533710994,51.08510677499182,2.231449241280824,0.0
PAN,2001,50.325,50.07466504487055,0.5548477471236372,48.98716346050822,51.16216662923288,2.1750031687246576,0.3689999999999998
PAN,2002,48.252,48.317260966824506,0.5546802873961834,47.230087603527984,49.40443433012103,2.1743467265930385,-2.033688435709692
PAN,2003,47.025,47.045449291953254,0.5546783648593655,45.958279696828896,48.13261888707761,2.1743391902487126,-1.4448739508322817
PAN,2004,45.685,45.92579627034726,0.5546783427908355,44.83862671847722,47.0129658222173,2.174339103740075,-1.4948027348780215
PAN,2005,46.558,46.59785497602675,0.5546783425375144,45.510685424653225,47.68502452740028,2.1743391027470564,0.7128478142562429
PAN,2006,47.778,47.566465733093246,0.5546783425346065,46.47929618172542,48.653635284461075,2.174339102735657,1.2963740484641448
PAN,2007,46.869,46.961096850886285,0.5546783425345733,45.87392729951852,48.04826640225405,2.174339102735527,-0.7701073325406185
PAN,2008,47.002,47.04100024279328,0.5546783425345727,45.953830691425516,48.128169794161046,2.1743391027355248,0.05049120419879927
PAN,2009,47.381,47.41109580536358,0.5546783425345727,46.323926253995815,48.498265356731345,2.1743391027355248,0.38440959458631596
PAN,2010,48.071,48.005127591423836,0.5546783425345727,46.91795804005607,49.0922971427916,2.1743391027355248,0.7311853924817342
PAN,2011,48.154,48.10901737162895,0.5546783425345727,47.021847820261186,49.196186922996716,2.1743391027355248,0.16133872460618903
PAN,2012,48.053,47.87820137478729,0.5546783425345727,46.79103182341952,48.96537092615505,2.1743391027355248,-0.08371427459411507
PAN,2013,46.051,46.34674751401472,0.5546783425345727,45.25957796264696,47.43391706538249,2.1743391027355248,-2.0109690926138057
PAN,2014,47.092,47.01588541660927,0.5546783425345727,45.92871586524151,48.10305496797704,2.1743391027355248,0.8255460870011078
PAN,2015,47.063,47.1186715585144,0.5546783425345727,46.031502007146635,48.205841109882165,2.1743391027355248,0.05944846768586132
PAN,2016,47.418,47.63569743977537,0.5546783425345727,46.548527888407605,48.722866991143135,2.1743391027355248,0.36136926993643925
PAN,2017,49.88,49.77256176489203,0.5546783425345735,48.68539221352427,50.8597313162598,2.174339102735528,2.5007168671718176
PAN,2018,51.304,51.11000197299807,0.5546783425346407,50.02283242163018,52.19717152436596,2.1743391027357912,1.6919251691701476
PAN,2019,51.166,51.00394581985095,0.5546783425404944,49.91677626847158,52.091115371230316,2.174339102758738,0.043271755760898145
PAN,2020,49.414,49.69208039644409,0.5546783430504567,48.604910844065195,50.77924994882299,2.1743391047577902,-1.7473638923963222
PAN,2021,50.451,50.449349626653564,0.5546783874767519,49.36217998719913,51.536519266108,2.1743392789088674,0.8497885757008703
PAN,2022,51.324,51.19433879424024,0.5546822577407005,50.10716156906847,52.28151601941201,2.1743544503435457,0.9640457920656189
PAN,2023,51.745,50.97454764110722,0.5550193192460553,49.88670977538495,52.06238550682949,2.1756757314445365,0.5242872354794272
PAN,2024,44.222,45.02199108943953,0.583636375444169,43.87806379356896,46.1659183853101,2.2878545917411426,-7.466828208581468
PER,2000,48.174,48.77854285329206,0.614920776416509,47.5732981315157,49.98378757506842,2.410489443552715,0.0
PER,2001,51.48,49.76754268887565,0.5588149308983374,48.67226542431491,50.86281995343639,2.1905545291214827,3.3059999999999974
PER,2002,47.462,48.17908103683272,0.5530010297790081,47.09519901846586,49.26296305519958,2.1677640367337117,-3.052788855657191
PER,2003,47.546,47.669915635818725,0.5524270558479516,46.58715860635674,48.75267266528071,2.16551405892397,-0.8660871683066915
PER,2004,47.445,47.347258696629005,0.5523706840349916,46.264612155920425,48.429905237337586,2.165293081417167,-0.3721687230962516
PER,2005,46.457,46.87748892516449,0.5523651504261716,45.794853230329196,47.96012461999979,2.165271389670593,-1.1045931822157655
PER,2006,46.838,47.04060734515706,0.5523646072596918,45.95797271492807,48.12324197538606,2.165269260457992,0.03493259961339845
PER,2007,47.635,47.508675048182965,0.5523645539439677,46.42604052245279,48.59130957391314,2.165269051460353,0.8079443934385111
PER,2008,47.82,47.78660796880025,0.5523645487106457,46.70397345332738,48.869242484273116,2.1652690309457308,0.43812934994040376
PER,2009,47.434,48.014281724501785,0.5523645481969576,46.93164721003575,49.09691623896782,2.1652690289320735,-0.24873386573374034
PER,2010,49.449,49.11535173198776,0.5523645481465359,48.03271721762055,50.197986246354965,2.1652690287344205,1.937071560835136
PER,2011,50.024,49.71423955038885,0.5523645481415929,48.631605036031324,50.79687406474637,2.165269028715044,1.1818854473055396
PER,2012,49.803,49.84689932089866,0.5523645481411694,48.764264806541966,50.92953383525535,2.165269028713384,0.1492852764405228
PER,2013,50.078,50.04563303568389,0.5523645481417577,48.96299852132605,51.128267550041734,2.16526902871569,0.32177114857585565
PER,2014,49.862,50.195650438854095,0.5523645481482321,49.11301592448356,51.27828495322463,2.16526902874107,-0.11518894511029742
PER,2015,50.991,50.84785329849649,0.5523645482142381,49.76521878399658,51.9304878129964,2.165269028999813,1.092911248352756
PER,2016,50.775,51.28460254781569,0.5523645488866952,50.201968031997765,52.36723706363361,2.165269031635845,0.12640961731624856
PER,2017,52.931,52.48836708706869,0.5523645557375146,51.40573255782316,53.57100161631422,2.165269058491057,2.1956041936210156
PER,2018,53.445,53.02591397591653,0.5523646255318821,51.94327930987404,54.10854864195902,2.165269332084978,1.2018838449589069
PER,2019,53.002,52.93268421412282,0.5523653365782978,51.85004815442936,54.015320273816286,2.1652721193869273,-0.06644921599879439
PER,2020,52.247,52.73512556341468,0.5523725804826488,51.65247530566869,53.817775821160666,2.165300515491983,-0.7758185711835353
PER,2021,53.496,53.27225666681274,0.552446374088794,52.1894617735987,54.35505156002677,2.1655897864280726,1.0059356702420459
PER,2022,53.618,53.47262619334866,0.5531976032342506,52.38835889100953,54.55689349568779,2.1685346046782623,0.4371601270565151
PER,2023,54.426,53.454190038995804,0.5607935840866409,52.35503461418599,54.55334546380562,2.198310849619632,0.9449624770876426
PER,2024,50.989,51.9730588840093,0.6330060315825256,50.73236706210755,53.213750705911046,2.4813836438035,-3.1409428035483486
PHL,2000,44.46,44.00469588903418,0.9182758930284981,42.20487513869833,45.804516639370036,3.5996415006717126,0.0
PHL,2001,43.378,43.47975575920737,0.8222964707229672,41.868054676590354,45.09145684182439,3.2234021652340314,-1.0820000000000007
PHL,2002,43.254,43.062404240098495,0.8080817818507104,41.478563947671105,44.646244532525884,3.167680584854785,-0.48777268864337486
PHL,2003,43.122,42.44247429409938,0.806090047170885,40.86253780164444,44.02241078655431,3.159872984909869,-0.31125450797774334
PHL,2004,41.491,41.104066817054715,0.8058133544373144,39.52467264235758,42.68346099175185,3.1587883493942726,-1.7467154767871307
PHL,2005,38.331,39.35654634318286,0.8057749626640388,37.77722741636135,40.93586527000438,3.158637853643032,-3.8104123688309173
PHL,2006,38.248,38.69335865940941,0.805769636611204,37.11405017165145,40.272667147167375,3.15861697551592,-1.502169672173423
PHL,2007,38.11,38.5010585186144,0.8057688977504115,36.92175147902359,40.08036555820521,3.158614079181613,-0.6974929385739372
PHL,2008,38.539,38.72223318312644,0.8057687952517121,37.142926344433086,40.3015400218198,3.1586136773867115,0.16921308244302224
PHL,2009,38.952,39.13714433748006,0.8057687810325704,37.55783752665622,40.716451148303896,3.158613621647676,0.4760248258133615
PHL,2010,39.905,39.74781268736673,0.8057687790601404,38.16850588040886,41.327119494324606,3.1586136139157506,1.1302994365747026
PHL,2011,39.833,40.19228342131075,0.8057687787874078,38.61297661488743,41.771590227734066,3.1586136128466387,0.3489895044693796
PHL,2012,40.866,41.01663244866945,0.805768778756012,39.43732564230766,42.59593925503123,3.1586136127235673,1.162984067963059
PHL,2013,41.749,42.00024848958715,0.8057687787980731,40.42094168314293,43.57955529603137,3.1586136128884466,1.3161631703161092
PHL,2014,43.404,43.249515105472064,0.8057687791385002,41.670208298360606,44.82882191258352,3.158613614222921,2.145216011749156
PHL,2015,44.256,44.33544143173959,0.8057687815976311,42.75613461980823,45.91474824367095,3.158613623862714,1.6510036960021708
PHL,2016,45.026,45.50536293764987,0.8057687993249761,43.92605609097292,47.08466978432682,3.158613693353906,1.384930173928801
PHL,2017,48.377,47.18212546065007,0.8057689271125071,45.602818363509556,48.761432557790584,3.1586141942810277,3.8668288590119673
PHL,2018,47.915,47.59552075340913,0.8057698482674486,46.016211850804936,49.17482965601333,3.158617805208398,0.9782328405339982
PHL,2019,47.336,47.671123585459625,0.8057764883752748,46.09180166824409,49.25044550267516,3.158643834431077,-0.21464897387625825
PHL,2020,47.905,48.10105998309177,0.8058243519275125,46.52164425331385,49.68047571286969,3.1588314595558487,0.4890521893688131
PHL,2021,49.562,48.7382949293519,0.8061692919364913,47.158203117156376,50.31838674154743,3.160183624391046,1.8391515897251196
PHL,2022,48.442,48.50460831910583,0.8086514364497686,46.919651503664284,50.08956513454737,3.1699136308830926,-0.43499256501379335
PHL,2023,48.38,48.33711886688257,0.8263233992633761,46.717525004326355,49.956712729438784,3.239187725112434,-0.2240166292234207
PHL,2024,47.923,48.12429024590805,0.9439739909758459,46.274101223595395,49.974479268220705,3.7003780446253156,-0.5404368724339506
PLW,2013,43.147,43.232428220125456,1.3143883199145632,40.65622711309291,45.808629327158,5.152402214065088,0.0
PLW,2014,44.256,44.084570982464605,1.289631241545453,41.55689374903552,46.61224821589369,5.055354466858176,1.1090000000000018
PLW,2015,43.242,43.31017976158744,1.2894389136426518,40.78287949084785,45.837480032327036,5.0546005414791955,-0.9170533506089313
PLW,2016,43.221,43.18268426923924,1.289437433727724,40.6553868991329,45.70998163934558,5.054594740212678,-0.10143853379416612
PLW,2017,42.528,42.69164566691968,1.2894374223409995,40.16434831913132,45.218943014708046,5.054594695576718,-0.7018978234613655
PLW,2018,43.872,43.75329191502812,1.2894374222534,41.225994567411455,46.28058926264479,5.054594695233328,1.2824320343039943
PLW,2019,43.709,43.68862514410862,1.2894374222542389,41.16132779649031,46.21592249172693,5.0545946952366165,-0.050509650297101416
PLW,2020,43.488,43.43063990244872,1.2894374224509066,40.90334255444494,45.957937250452495,5.054594696007554,-0.22543052580829226
PLW,2021,42.537,42.62841688069127,1.289437448012161,40.101119482587436,45.1557142787951,5.054594796207671,-0.970773959168099
PLW,2022,42.77,42.69356546977143,1.2894407701664186,40.166261560245246,45.22086937929761,5.054607819052361,0.14784718158195176
PLW,2023,43.371,42.03349634078189,1.2898724728239752,39.505346294046895,44.56164638751688,5.056300093469983,0.6139686257938521
PLW,2024,27.276,28.68307183514049,1.3448012774088975,26.04726133141905,31.318882338861926,5.271621007442878,-16.041144868830838
PNG,2000,38.359,38.357739905414604,0.9968715381696132,36.40387169060216,40.31160812022705,3.9077364296248835,0.0
PNG,2001,38.644,38.3518374087808,0.9530584558625051,36.48384283529029,40.219831982271316,3.7359891469810202,0.2849999999999966
PNG,2002,37.17,37.066379866147685,0.9518988112422158,35.20065819611294,38.93210153618243,3.7314433400694855,-1.4288663424929027
PNG,2003,35.382,35.32710766988429,0.9518688069388247,33.4614448082842,37.192770531484385,3.7313257232001926,-2.0176756566552356
PNG,2004,33.037,33.347429069457,0.9518680310885858,31.481767728523373,35.21309041039063,3.731322681867256,-2.6694446488625374
PNG,2005,32.761,32.72730536820767,0.951868011026993,30.861644066594767,34.592966669820576,3.7313226032258124,-0.7052541182493073
PNG,2006,33.331,31.959612685066947,0.9518680105082495,30.093951384470778,33.82527398566312,3.731322601192338,0.4565931488390973
PNG,2008,23.05,25.185793236964876,0.9518680104948359,23.320131936394997,27.051454537534756,3.7313226011397567,-10.207578533505167
PNG,2009,28.134,27.765892105938928,0.9518680104944893,25.90023080536973,29.631553406508125,3.731322601138398,3.4425925734439247
PNG,2010,28.748,28.733825942584623,0.9518680104944803,26.868164642015444,30.599487243153803,3.7313226011383627,1.1675785983066262
PNG,2011,29.811,29.639683088944803,0.95186801049448,27.774021788375624,31.505344389513983,3.7313226011383613,1.2507499326668423
PNG,2012,29.676,29.795240831500635,0.95186801049448,27.929579530931456,31.660902132069815,3.7313226011383613,0.0661241178810883
PNG,2013,30.752,30.473025622355497,0.95186801049448,28.607364321786317,32.33868692292468,3.7313226011383613,1.0866329447095353
PNG,2014,29.826,29.92901445661668,0.95186801049448,28.0633531560475,31.79467575718586,3.7313226011383613,-0.7512663568014339
PNG,2015,29.419,29.836165320981372,0.9518680104944803,27.970504020412193,31.701826621550552,3.7313226011383627,-0.5278057497019084
PNG,2016,31.371,31.570333084566983,0.9518680104944953,29.70467178399777,33.43599438513619,3.7313226011384217,1.8671273463632936
PNG,2017,34.857,34.17749986259842,0.9518680104950715,32.31183856202808,36.043161163168755,3.7313226011406804,3.7862393449730476
PNG,2018,33.669,33.808728393569595,0.9518680105173551,31.94306709295558,35.67438969418361,3.7313226012280323,-0.5791620313097283
PNG,2019,34.004,34.05191128295222,0.9518680113791413,32.1862499806491,35.917572585255336,3.731322604606234,0.24186911139062062
PNG,2020,34.589,34.50492638804046,0.9518680447073655,32.63926502041402,36.3705877556669,3.731322735252873,0.6238932354906481
PNG,2021,34.997,34.58973277082339,0.9518693336231598,32.724068876922,36.45539666472478,3.7313277878027864,0.5083237924406561
PNG,2022,32.466,32.89087192917332,0.95191917907673,31.02511033818293,34.75663352016371,3.7315231819807813,-2.4492601000548433
PNG,2023,33.971,33.052779841690445,0.953844875371084,31.18324388596312,34.92231579741777,3.739071911454649,1.1111520658773486
PNG,2024,28.312,29.193251498455652,1.025547922477358,27.18317757040003,31.203325426511274,4.020147856111244,-5.480323612942488
POL,2000,61.958,61.86087015962109,0.6038659638794431,60.67729287041738,63.044447448824805,2.367154578407417,0.0
POL,2001,61.512,61.70319438383386,0.5485735253491117,60.6279902741496,62.77839849351812,2.150408219368518,-0.44599999999999795
POL,2002,62.336,61.831050978946195,0.5427955356256463,60.76717172911993,62.89493022877246,2.1277584996525336,0.6933374113284145
POL,2003,61.216,61.204809633136804,0.542220391328881,60.142057666132196,62.26756160014141,2.1255039340092137,-0.9033624262444846
POL,2004,60.423,60.561856436709135,0.5421634412375617,59.49921609188351,61.62449678153476,2.1252806896512415,-1.0769906975784238
POL,2005,60.12,60.12627338784122,0.542157805068403,59.06364408990715,61.1889026857753,2.12525859586814,-0.6417782426241558
POL,2006,59.447,59.700059104247465,0.5421572473036995,58.63743089953221,60.76268730896272,2.125256409430502,-0.8748898163722174
POL,2007,59.141,59.651766831565325,0.5421571921066579,58.58913873503628,60.71439492809437,2.125256193058099,-0.5812233927739854
POL,2008,60.322,60.36626089951357,0.5421571866442976,59.30363281369075,61.42888898533639,2.1252561716456464,0.9981582701949208
POL,2009,60.812,61.14685481476296,0.5421571861037364,60.084226729999635,62.209482899526286,2.1252561695266468,0.8040014623363874
POL,2010,62.558,62.427525600729886,0.5421571860502425,61.36489751607141,63.490153685388364,2.125256169316951,1.998923452997964
POL,2011,63.715,63.51334409125665,0.5421571860449553,62.45071600660854,64.57597217590477,2.125256169296225,1.78582301336548
POL,2012,64.424,64.2980068230482,0.5421571860444991,63.23537873840098,65.36063490769541,2.1252561692944365,1.270785698687213
POL,2013,64.828,64.89450957957877,0.5421571860451324,63.83188149493031,65.95713766422723,2.125256169296919,0.8037648290337955
POL,2014,65.801,65.59033867385969,0.542157186052049,64.52771058919768,66.6529667585217,2.125256169324032,1.2258490128541553
POL,2015,66.233,65.97156319292483,0.5421571861219926,64.90893510812573,67.03419127772393,2.125256169598211,0.8176286087822859
POL,2016,66.336,65.96235432232801,0.5421571868287776,64.89972623614361,67.02498240851241,2.125256172368808,0.36021029229463863
POL,2017,65.492,65.39513776299715,0.5421571939708247,64.33250966281433,66.45776586317997,2.125256200365633,-0.7306847446707678
POL,2018,64.318,64.68326578216556,0.5421572661410662,63.620637540529074,65.74589402380205,2.1252564832729792,-1.403859418730363
POL,2019,63.968,64.51688683674053,0.5421579954193967,63.45425716571851,65.57951650776255,2.125259342044035,-0.791627271298637
POL,2020,65.259,65.17022318162589,0.5421653647075361,64.10757906679912,66.23286729645265,2.1252882296535414,1.04196923022009
POL,2021,65.735,65.69097898244408,0.5422398255998612,64.62818892426836,66.7537690406198,2.125580116351456,0.8037835528114385
POL,2022,66.783,66.14599317903672,0.5429916785416464,65.0817294890951,67.21025686897835,2.128527379883254,1.3008549029958232
POL,2023,66.212,65.64969246657381,0.5505315295429886,64.57065066866956,66.72873426447806,2.158083595808515,-0.1617759754996939
POL,2024,63.419,64.31363380738489,0.6216112519461243,63.09527575357048,65.53199186119929,2.4367161076288073,-2.843891621816539
PRK,2000,17.06,16.79307600790492,0.8087445242319037,15.207936740410387,18.378215275399448,3.1702785349890625,0.0
PRK,2001,15.775,16.321060415472996,0.7376354575478893,14.875294918679133,17.76682591226686,2.891530993587726,-1.2849999999999984
PRK,2002,16.883,16.738206690695552,0.7308739498075479,15.30569374907276,18.170719632318345,2.865025883245588,0.7459398799464338
PRK,2003,16.883,16.91958291982624,0.7302603160520879,15.488272700364147,18.35089313928833,2.8626204389241843,0.22289733581273552
PRK,2004,17.23,17.160527900683377,0.7302048806450854,15.72932633461901,18.591729466747744,2.8624031321287347,0.4139460413191607
PRK,2005,18.209,17.288349974572906,0.7301998747205413,15.857158220120645,18.719541729025167,2.8623835089045215,1.1033836965598525
PRK,2006,14.902,15.91705789759357,0.7301994226928847,14.485867029115516,17.348248766071624,2.862381736956108,-2.975438332051082
PRK,2007,16.261,16.198606331347737,0.730199381875588,14.767415542871584,17.629797119823888,2.8623815769523047,0.4648912715317248
PRK,2008,16.965,16.37855781836002,0.7301993781898595,14.947367037107893,17.809748599612142,2.862381562504249,0.8436982353384224
PRK,2009,15.308,15.603592943147609,0.7301993778570448,14.172402162547801,17.034783723747417,2.8623815611996157,-1.4034715612994226
PRK,2010,14.96,15.30994838698259,0.7301993778269926,13.878757606441685,16.741139167523496,2.862381561081811,-0.7697384128296889
PRK,2011,14.817,15.586132283009233,0.7301993778242816,14.15494150247364,17.017323063544826,2.862381561071184,-0.37430376528696563
PRK,2012,17.676,17.114710745379725,0.7301993778240657,15.683519964844557,18.545901525914893,2.862381561070338,2.7465229963441242
PRK,2013,17.828,17.729329895207385,0.7301993778243685,16.298139114671624,19.160520675743147,2.8623815610715244,0.9773207842152729
PRK,2014,17.846,18.18328240051538,0.7301993778279634,16.75209161997257,19.61447318105819,2.8623815610856167,0.3116815592413573
PRK,2015,19.331,19.18643906102564,0.730199377867798,17.755248280404757,20.617629841646526,2.8623815612417682,1.5786592445215177
PRK,2016,19.421,19.95420404902841,0.7301993783089444,18.52301326754288,21.38539483051394,2.8623815629710623,0.5643817136909952
PRK,2017,22.036,21.590196607902367,0.730199383194384,20.159005816841375,23.02138739896336,2.8623815821219853,2.7845947782561176
PRK,2018,22.713,22.500277957151496,0.7301994372977831,21.069087060047842,23.93146885425515,2.8623817942073098,1.513761224709075
PRK,2019,23.809,23.06397944887769,0.7302000364611765,21.632787377413784,24.495171520341593,2.862384142927812,1.5508800802887137
PRK,2020,22.651,22.414548023611385,0.7302066718142228,20.983342946855508,23.84575310036726,2.8624101535117537,-0.6919658303273835
PRK,2021,20.275,21.380096781894594,0.730280150457142,19.948747686998594,22.811445876790593,2.8626981897919968,-2.5839333697537796
PRK,2022,22.246,22.145098294278686,0.7310933899197829,20.712155250035913,23.57804133852146,2.865886088485549,1.1945368435202326
PRK,2023,21.506,22.745799398564216,0.7400397959998037,21.2953213984046,24.196277398723833,2.9009560003192307,-0.38104575647804495
PRK,2024,26.974,25.365292412146783,0.8327143844825856,23.733172218560917,26.99741260573265,3.2642403871717356,5.353497051007025
PRT,2000,65.798,66.00394243508092,0.4867685874536026,65.04987600367186,66.95800886648998,1.908132862818122,0.0
PRT,2001,66.368,66.35433129408007,0.44316242026028807,65.48573295036991,67.22292963779023,1.7371966874203293,0.5699999999999932
PRT,2002,66.839,66.68331501839415,0.43883411384320437,65.82320015526147,67.54342988152683,1.720229726265361,0.634491684284697
PRT,2003,66.758,66.76849673107405,0.43842443503418926,65.90918483840704,67.62780862374106,1.7186237853340218,0.11249165668890271
PRT,2004,66.668,66.8701162794722,0.4383858470841383,66.01088001918728,67.72935253975712,1.7184725205698221,-0.05550436489789945
PRT,2005,67.293,67.28824905227428,0.4383822141388873,66.42901991256207,68.1474781919865,1.718458279424438,0.6079707001340466
PRT,2006,67.647,67.69894186137049,0.4383818721223905,66.8397133920106,68.55817033073038,1.7184569387197708,0.5405406808005324
PRT,2007,68.187,68.19097540198443,0.43838183992405116,67.3317469957333,69.05020380823557,1.7184568125022806,0.7058522213085041
PRT,2008,68.953,68.68923440500885,0.4383818368928154,67.83000600469893,69.54846280531876,1.7184568006198364,0.9825742815450411
PRT,2009,68.868,68.77443762066423,0.43838183660744706,67.91520922091364,69.63366602041482,1.7184567995011923,0.21648000013951219
PRT,2010,68.731,68.71312255266727,0.43838183658058194,67.85389415296933,69.57235095236521,1.7184567993958813,-0.07057816101139736
PRT,2011,68.393,68.6238114790335,0.43838183657805563,67.76458307934051,69.4830398787265,1.718456799385978,-0.35965526259001024
PRT,2012,68.929,68.89595018890614,0.43838183657784696,68.03672178921356,69.75517858859872,1.71845679938516,0.42564817102172015
PRT,2013,69.098,69.11633303674445,0.4383818365781382,68.2571046370513,69.9755614364376,1.7184567993863016,0.2996002137585947
PRT,2014,69.385,69.36542534127896,0.43838183658146757,68.50619694157929,70.22465374097864,1.718456799399353,0.37892533792658867
PRT,2015,69.678,69.58386381444183,0.43838183661685504,68.72463541467279,70.44309221421086,1.7184567995380717,0.40926440215396553
PRT,2016,69.683,69.65488542587583,0.43838183699274896,68.79565702537005,70.51411382638162,1.718456801011576,0.13057323640511243
PRT,2017,69.764,69.68187973514486,0.43838184098556343,68.82265132681316,70.54110814347656,1.7184568166634087,0.12106335219232278
PRT,2018,69.362,69.58027406282864,0.4383818833979658,68.72104557136862,70.43950255428865,1.7184569829200258,-0.3648545339764979
PRT,2019,69.521,69.82048463416216,0.4383823339099998,68.96125525969856,70.67971400862575,1.7184587489271992,0.04705289586054562
PRT,2020,70.574,70.52968685458815,0.43838711930256385,69.67044810075512,71.38892560842118,1.7184775076660503,1.0674370836660643
PRT,2021,70.732,71.1694948798785,0.4384379473927291,70.31015650298875,72.02883325676825,1.718676753779498,0.4855181729691225
PRT,2022,73.113,72.49441800550701,0.43897748937772146,71.63402212632668,73.35481388468735,1.720791758360668,2.5299699274902707
PRT,2023,74.191,72.85064438811962,0.4446681950371827,71.97909472584674,73.7221940503925,1.743099324545756,1.8542622650063976
PRT,2024,69.995,71.10787964704802,0.5011428603116367,70.12563964083722,72.09011965325882,1.9644800124216157,-3.6270628714952267
PRY,2000,34.904,35.30820214492802,0.751010021191353,33.83622250339297,36.78018178646307,2.9439592830701033,0.0
PRY,2001,36.434,36.04236814323895,0.6858513828554753,34.69809943284222,37.386636853635686,2.6885374207934634,1.529999999999994
PRY,2002,36.118,36.12132982924937,0.6798395991933368,34.788844214830426,37.45381544366831,2.66497122883788,0.10969732561041212
PRY,2003,36.22,36.20586235543977,0.6793098656505879,34.874415018764616,37.537309692114924,2.6628946733503045,0.1343135565419331
PRY,2004,36.25,36.266742450088344,0.6792633915989063,34.93538620255449,37.5980986976222,2.6627124950677126,0.06975608022773372
PRY,2005,36.267,36.355632843968145,0.6792593159609103,35.024284584684764,37.686981103251526,2.662696518566768,0.037656128282669954
PRY,2006,36.327,36.59280693994427,0.6792589585515467,35.261459381183236,37.9241544987053,2.662695117522063,0.07115112218824748
PRY,2007,36.961,37.27467890787406,0.6792589272089514,35.943331410544516,38.60602640520361,2.6626949946590894,0.6550700745355584
PRY,2008,38.916,38.48133906544853,0.6792589244603999,37.14999157350615,39.81268655739091,2.6626949838847676,2.1489868099909373
PRY,2009,39.023,38.960806800368594,0.679258924219369,37.62945930889863,40.29215429183856,2.6626949829399265,0.7433824613294746
PRY,2010,39.384,39.33622464279196,0.6792589241982322,38.004877151363424,40.6675721342205,2.66269498285707,0.5811388855831652
PRY,2011,39.702,39.631713798301845,0.6792589241963803,38.30036630687694,40.96306128972675,2.662694982849811,0.4900934691370793
PRY,2012,39.814,39.80961338173574,0.6792589241962367,38.478265890311114,41.14096087316036,2.662694982849248,0.25713206291815993
PRY,2013,39.88,39.98017410559133,0.679258924196439,38.64882661416631,41.31152159701635,2.6626949828500406,0.14214487660787967
PRY,2014,40.234,40.31832718648119,0.6792589241989054,38.98697969505134,41.649674677911044,2.6626949828597093,0.39609356066650747
PRY,2015,40.752,40.79756055814105,0.6792589242270473,39.46621306665604,42.12890804962606,2.662694982970025,0.6352957388504663
PRY,2016,41.149,41.3530172340329,0.6792589245479561,40.021669741918906,42.68436472614689,2.662694984227988,0.5851310136716847
PRY,2017,42.621,42.24979693871896,0.6792589282073804,40.91844943943249,43.581144438005424,2.662694998572931,1.645275663601936
PRY,2018,42.517,42.52554992585968,0.6792589699369453,41.194202344783264,43.85689750693609,2.6626951621528256,0.3832177781687349
PRY,2019,42.841,42.81560703100408,0.6792594457921078,41.48425851725155,44.14695554475661,2.6626970275050628,0.4374828154118404
PRY,2020,43.039,43.06318142566153,0.6792648720945011,41.73182227635631,44.394540574966754,2.6627182986104443,0.3275523966149976
PRY,2021,43.244,43.351211605765165,0.6793267468607873,42.01973118191802,44.68269202961231,2.6629608476942863,0.3019985482938594
PRY,2022,44.42,43.818607956452965,0.6800319261258692,42.48574538124626,45.15147053165967,2.665725150413407,1.2654312515313038
PRY,2023,45.134,43.27986894426689,0.688022195323841,41.93134544143216,44.62839244710162,2.697047005669457,1.088733922366906
PRY,2024,37.463,39.6391487160126,0.7733211144713663,38.12343933164872,41.15485810037648,3.031418768727756,-7.348591704291522
QAT,2000,41.456,41.024059445600706,1.04123677742787,38.983235361842084,43.06488352935933,4.08164816751725,0.0
QAT,2001,40.12,40.64119768033872,0.924364505810678,38.829443248949794,42.45295211172765,3.6235088627778578,-1.3360000000000056
QAT,2002,40.417,40.681200014320616,0.9024142566843488,38.912468071219294,42.44993195742194,3.5374638862026475,-0.19297548178366242
QAT,2003,40.905,40.93555614397424,0.8985278867119678,39.17444148601878,42.6966708019297,3.5222293159109137,0.4090599718330381
QAT,2004,42.304,41.21470343595544,0.8978477985267262,39.454921750843056,42.97448512106783,3.5195633702247666,1.5692810338145762
QAT,2005,39.485,40.61007010545806,0.8977290366916467,38.85052119354243,42.36961901737369,3.519097823831255,-2.1637835659760682
QAT,2006,40.513,40.91824159869194,0.8977083052675857,39.158733320367475,42.67774987701641,3.519016556648936,0.12409029580143738
QAT,2007,40.925,41.55519836874373,0.8977046865597716,39.79569718308658,43.31469955440088,3.5190023713143046,0.4638428283173752
QAT,2008,41.976,42.70345493078729,0.8977040549149139,40.94395498315406,44.46295487842052,3.5189998952664623,1.2447887810453722
QAT,2009,44.067,44.44191859783553,0.8977039446622415,42.68241886629754,46.201418329373524,3.5189994630759864,2.6110614443311277
QAT,2010,47.073,46.48456553573116,0.8977039254213537,44.725065841905305,48.24406522955701,3.5189993876517063,4.096878280447356
QAT,2011,48.565,48.04979705317559,0.8977039220838208,46.2902973658913,49.80929674045988,3.5189993745685775,3.20363950280408
QAT,2012,49.956,49.19702818755018,0.8977039216212994,47.43752850117244,50.956527873927925,3.5189993727554936,2.729452263274048
QAT,2013,49.93,49.728481577836384,0.8977039222282985,47.96898189026892,51.487981265403846,3.51899937513493,1.1143410294787373
QAT,2014,50.498,50.09643672305387,0.897703926274291,48.33693702755626,51.85593641855148,3.5189993909952206,1.0335618324661127
QAT,2015,50.097,50.138590929777386,0.8977039495531512,48.37909118865321,51.89809067090156,3.518999482248353,0.030812997994779323
QAT,2016,50.009,50.21448916821953,0.8977040829358738,48.45498916566522,51.97398917077384,3.519000005108625,-0.07512660179239816
QAT,2017,50.172,50.45710724311041,0.8977048470928515,48.69760574280842,52.216608743412394,3.519003000603978,0.13161276981150394
QAT,2018,51.423,50.931041807106595,0.8977092249632076,49.171531726178706,52.690551888034484,3.519020161855774,1.3059866519084267
QAT,2019,51.635,51.00583518926116,0.8977343055259729,49.24627595043025,52.76539442809207,3.519118477661814,0.757629679615313
QAT,2020,50.689,50.57016733759728,0.8978779794535974,48.81032649786823,52.330008177326334,3.5196816794581016,-0.629469016508331
QAT,2021,50.045,50.03808680290875,0.8987006497327449,48.27663352943257,51.79954007638493,3.5229065469523597,-0.906986591251389
QAT,2022,48.84,49.50039737360851,0.9033993166895875,47.729734712896914,51.2710600343201,3.541325321423183,-1.5839309810147952
QAT,2023,48.511,49.498509140415834,0.9298606060616599,47.67598235253498,51.32103592829669,3.6450535757617066,-0.9907523635796593
QAT,2024,51.283,50.297818185932556,1.0689053592242905,48.20276368185294,52.39287269001217,4.190109008159219,2.3580724197080087
ROU,2000,50.121,49.843860192029595,1.0264068528855876,47.83210276037384,51.85561762368535,4.023514863311504,0.0
ROU,2001,49.262,49.64052102534831,0.9069494082349604,47.86290018520779,51.418141865488835,3.5552416802810445,-0.8590000000000018
ROU,2002,50.099,49.691108709512015,0.8807474129504094,47.964843780129215,51.417373638894816,3.4525298587656046,0.5047182923419271
ROU,2003,49.756,49.46806680920178,0.8753375554074219,47.752405200603235,51.183728417800324,3.4313232171970935,-0.12202152278702982
ROU,2004,47.27,49.051867954595906,0.8742362641144162,47.33836487693165,50.76537103226016,3.4270061553285114,-2.540644313374159
ROU,2005,48.824,49.8310164863493,0.8740127348900442,48.11795152596481,51.544081446733784,3.426129920768973,0.41111741394441736
ROU,2006,51.817,51.28571144222103,0.873967392518585,49.5727353528846,52.99868753155746,3.425952178672853,3.1781046585552915
ROU,2007,52.21,52.38399705400772,0.8739581960542318,50.671038989741426,54.09695511827402,3.4259161285325885,1.824197141083225
ROU,2008,53.672,53.59900676041989,0.8739563308496413,51.88605235195459,55.31196116888519,3.425908816930594,2.2835220332420363
ROU,2009,54.916,54.76504971936407,0.8739559525611093,53.0520960523443,56.47800338638385,3.425907334039548,2.2723854720787955
ROU,2010,56.643,55.82982926933176,0.8739558758679374,54.116875752630605,57.542782786032916,3.4259070334023147,2.7503716835369048
ROU,2011,56.805,56.349101782674744,0.8739558604610994,54.63614829617099,58.0620552691785,3.4259069730075096,1.4006337659309764
ROU,2012,56.681,56.56253976932342,0.873955858065066,54.84958628751589,58.27549325113095,3.4259069636150588,0.5067774312570208
ROU,2013,56.515,56.6965099554757,0.8739558611721461,54.98355646757829,58.409463443373106,3.4259069757948124,0.06222794806866716
ROU,2014,56.719,56.95224418722767,0.8739558795180128,55.239290663372365,58.665197711082975,3.42590704771061,0.23202444635672492
ROU,2015,57.532,57.36444783012034,0.8739559705872981,55.65149412776923,59.07740153247145,3.4259074047022087,0.9174925448388009
ROU,2016,56.361,57.66425086115628,0.8739564197348662,55.951296278475944,59.37720544383662,3.4259091653606752,-0.7578059060308462
ROU,2017,59.933,58.838326032636495,0.8739586343089805,57.12536710939089,60.551284955882096,3.4259178464912035,3.2307210146664715
ROU,2018,59.336,59.27805068031472,0.8739695533384275,57.565070355771404,60.99103100485804,3.425960649086636,0.8579598795829924
ROU,2019,59.088,59.67890063604485,0.8740233883529445,57.96581479487308,61.39198647721662,3.426171682343542,0.138383472116395
ROU,2020,60.852,60.476150071923,0.8742887770409634,58.762544068922715,62.18975607492329,3.4272120060005764,1.8263211967275765
ROU,2021,61.18,61.02126453448207,0.8755961177424548,59.30509614370686,62.73743292525728,3.432336781550423,1.1504863912453587
ROU,2022,61.918,61.45989297862436,0.8820137180852019,59.731146091177365,63.188639866071355,3.4574937748939916,1.2561232095470487
ROU,2023,62.774,61.59120514309407,0.9129968285228002,59.80173135918938,63.38067892699876,3.5789475678093767,1.4216969033875841
ROU,2024,59.942,60.92905181133834,1.0525097386902076,58.86613272350553,62.99197089917115,4.1258381756656135,-2.191736744222659
RUS,2000,51.652,51.63063757577354,0.7743021113323385,50.11300543756216,53.148269713984924,3.035264276422767,0.0
RUS,2001,51.697,51.52438256766459,0.7421678259014272,50.069733628897794,52.97903150643138,2.9092978775335943,0.045000000000001705
RUS,2002,50.476,50.61438198452188,0.7413909610434835,49.16125570087665,52.0675082681671,2.906252567290455,-1.214173908680955
RUS,2003,50.468,50.348719034137645,0.741372577631395,48.89562878198011,51.80180928629518,2.9061805043150684,-0.1946657818379265
RUS,2004,49.539,49.52765708841128,0.7413721428415233,48.074567688441896,50.98074648838067,2.9061787999387714,-0.9589371324070441
RUS,2005,48.455,48.653779996068,0.7413721325583459,47.200690616253645,50.10686937588236,2.9061787596287156,-1.231473487160983
RUS,2006,48.766,48.70546725770283,0.7413721323151392,47.25237787836515,50.158556637040505,2.906178758675346,0.12161352684643845
RUS,2007,48.506,48.47530046144931,0.7413721323093873,47.02221108212291,49.92838984077571,2.906178758652798,-0.24129723678724702
RUS,2008,48.06,48.10218971143707,0.7413721323092513,46.64910033211094,49.5552790907632,2.9061787586522647,-0.4831087427607059
RUS,2009,48.009,47.92552374351154,0.7413721323092479,46.47243436418542,49.37861312283766,2.906178758652252,-0.12529657421400486
RUS,2010,47.175,47.36017355716584,0.7413721323092479,45.907084177839714,48.81326293649196,2.906178758652252,-0.8532691735853462
RUS,2011,47.564,47.65703308609444,0.7413721323092479,46.203943706768314,49.11012246542056,2.906178758652252,0.25777700428781714
RUS,2012,48.377,48.38707558077842,0.7413721323092479,46.9339862014523,49.840164960104545,2.906178758652252,0.8526431416668032
RUS,2013,49.402,49.164032244888936,0.7413721323092479,47.710942865562814,50.61712162421506,2.906178758652252,1.1561267191955764
RUS,2014,48.64,48.83295753821885,0.7413721323092479,47.37986815889273,50.28604691754497,2.906178758652252,-0.5842009932946794
RUS,2015,49.557,49.40033651270104,0.7413721323092481,47.947247133374916,50.85342589202716,2.9061787586522527,0.8271565990998582
RUS,2016,48.504,49.23825506721113,0.7413721323092536,47.78516568788499,50.691344446537265,2.906178758652274,-0.9257928182370634
RUS,2017,53.007,52.49503029936154,0.741372132309484,51.041940920034946,53.94811967868813,2.906178758653177,4.360623700962471
RUS,2018,53.439,53.36795949770039,0.7413721323192254,51.914870118354706,54.821048877046074,2.9061787586913637,1.1026138261264862
RUS,2019,53.909,53.910108145089204,0.7413721327311087,52.45701876493623,55.36319752524218,2.906178760305946,0.6395693385593972
RUS,2020,54.647,54.45741656516083,0.7413721501462264,53.004327150874225,55.91050597944743,2.9061788285732075,0.8363584162765108
RUS,2021,54.696,54.121981888025466,0.7413728864862513,52.66889103051241,55.57507274553852,2.906181715026105,0.17762231552529784
RUS,2022,50.448,51.113789823372755,0.741404019509016,49.660637945135086,52.566941701610425,2.9063037564753427,-4.220683728569931
RUS,2023,49.925,51.20566486780868,0.7427191818476607,49.749935271387265,52.66139446423009,2.91145919284283,-1.172092666138873
RUS,2024,58.561,57.260603472374015,0.7963415245121189,55.699774084330265,58.821432860417765,3.1216587760875063,8.455745614087114
RWA,2000,17.003,18.090863226234113,1.7035934560150892,14.751820052444538,21.429906400023686,6.678086347579149,0.0
RWA,2001,17.345,18.833873722328256,1.503202150225682,15.88759750788592,21.78014993677059,5.892552428884674,0.34199999999999875
RWA,2002,21.287,20.506303834384273,1.4567394416148494,17.65109452881917,23.361513139949377,5.710418611130209,4.076740289327887
RWA,2003,21.941,21.691389506446537,1.4466020305370273,18.856049526593964,24.52672948629911,5.670679959705147,2.4819166530473282
RWA,2004,23.243,22.720657471755448,1.444423263509431,19.889587875276963,25.551727068233934,5.662139192956969,2.442656731920408
RWA,2005,22.825,23.423856553772882,1.4439565548124078,20.593701706340564,26.2540114012052,5.6603096948646385,0.7104270162236617
RWA,2006,24.065,24.500887895623247,1.443856654095123,21.670928853596806,27.33084693764969,5.659918084052882,1.5685551469089312
RWA,2007,25.476,25.850019385711214,1.443835273276206,23.02010225008985,28.67993652133258,5.659834271242728,2.136589086177384
RWA,2008,27.21,27.432630014168556,1.4438306974945923,24.602721847079156,30.262538181257955,5.659816334178801,2.722402443277783
RWA,2009,29.751,29.154215962807218,1.4438297182445845,26.324309715047832,31.984122210566603,5.659812495518771,3.800417743070163
RWA,2010,30.496,30.503263406439206,1.44382950877944,27.673357569231506,33.33316924364691,5.659811674415405,2.5031252836495064
RWA,2011,32.383,31.856844983706615,1.443829464446265,29.026939233391936,34.686750734021295,5.659811500629359,3.044980600417528
RWA,2012,32.993,32.881977757125775,1.443829457270564,30.052072020875467,35.71188349337608,5.6598114725006115,2.018650561425588
RWA,2013,34.778,33.837805626584355,1.4438294665385745,31.00789987216875,36.66771138099996,5.659811508831212,2.7188559695659222
RWA,2014,33.799,34.20672335022949,1.4438295190038315,31.376817492981978,37.036629207477,5.659811714495019,0.2787807860174212
RWA,2015,34.37,34.83015969013202,1.4438297661153268,32.00025334854598,37.66006603171806,5.659812683172081,0.6999678896018651
RWA,2016,34.428,35.74084768614871,1.4438309211977662,32.91093908060109,38.570756291696334,5.659817211095244,0.3818149329465328
RWA,2017,37.629,37.47107220428809,1.4438363185617866,34.64115301990699,40.300991388669196,5.659838368762204,3.377632926670749
RWA,2018,39.961,39.10271133601154,1.4438615382623408,36.27274272101735,41.932679951005724,5.659937229988376,3.8945402193133702
RWA,2019,41.853,40.1985694216291,1.4439793750558398,37.368369846519656,43.02876899673855,5.660399150218892,3.693668760501481
RWA,2020,40.97,40.26166011419973,1.4445298567884994,37.43038159489427,43.092938633505184,5.662557038610918,0.8257428149893613
RWA,2021,41.39,39.88257429793824,1.44709928547539,37.04625969840648,42.71888889747,5.672629199063528,0.8020001720865579
RWA,2022,37.101,38.56248791454309,1.459045338230376,35.70275905161155,41.42221677747463,5.719457725863074,-3.9179835064995814
RWA,2023,36.922,38.154725736953274,1.513615936570681,35.18803850127474,41.12141297263181,5.9333744713570695,-1.9915139529484804
RWA,2024,39.096,38.51648448235603,1.7461468179497541,35.09403671917451,41.93893224553754,6.844895526363036,1.2526977992065014
SAU,2000,43.991,44.0494153129658,0.9351152560756744,42.21658941105748,45.88224121487412,3.6656518038166435,0.0
SAU,2001,43.916,44.23004362064594,0.8768221293936559,42.51147224703437,45.948614994257504,3.437142747223131,-0.07500000000000284
SAU,2002,46.315,45.311722558095745,0.8740373308255573,43.598609389677655,47.024835726513835,3.426226336836185,2.3833655122765265
SAU,2003,43.193,43.51480848670776,0.8739085647006329,41.80194769989452,45.227669273520995,3.425721573626481,-2.610628233840906
SAU,2004,42.396,42.64122391654265,0.8739026201417164,40.92837478106489,44.35407305202041,3.4256982709555284,-1.3578668847599857
SAU,2005,42.856,42.47123321012441,0.873902345728061,40.75838461249741,44.18408180775141,3.425697195253999,0.1682585101050762
SAU,2006,40.699,41.197273705936134,0.8739023330605781,39.4844251331374,42.91012227873487,3.425697145597466,-2.120849088715431
SAU,2007,41.058,41.35295584072766,0.8739023324758218,39.640107269075045,43.065804412380274,3.4256971433052215,-0.09667167493642381
SAU,2008,42.384,42.354922149339515,0.8739023324488282,40.642073577739815,44.067770720939215,3.4256971431994065,1.3052297601308425
SAU,2009,43.115,43.2734585968509,0.8739023324475823,41.56061002525364,44.986307168448164,3.4256971431945225,1.0114330764677888
SAU,2010,44.878,44.646642771933514,0.8739023324475247,42.933794200336365,46.359491343530664,3.425697143194297,1.9803098545119724
SAU,2011,45.479,45.356019238958616,0.8739023324475221,43.643170667361474,47.06886781055576,3.4256971431942866,1.026476342810291
SAU,2012,46.172,45.712540609109055,0.8739023324475219,43.99969203751191,47.4253891807062,3.4256971431942858,0.9135419517178747
SAU,2013,44.438,44.75078596185678,0.873902332447522,43.037937390259636,46.46363453345392,3.425697143194286,-1.5377223883246742
SAU,2014,44.532,44.68647348309836,0.873902332447526,42.97362491150121,46.39932205469551,3.4256971431943017,-0.23638491251822558
SAU,2015,44.774,45.065374685745745,0.8739023324476113,43.352526114148425,46.778223257343065,3.425697143194636,0.19121189335869815
SAU,2016,45.968,46.28028505027367,0.8739023324494577,44.56743647867273,47.993133621874605,3.425697143201874,1.2350825290308691
SAU,2017,49.009,48.39120037308722,0.8739023324894559,46.67835180140789,50.104048944766554,3.425697143358667,3.306361704040228
SAU,2018,48.58,48.7295315505638,0.8739023333559329,47.01668297718617,50.442380123941426,3.425697146755257,0.2813831163784073
SAU,2019,49.617,49.496897068966696,0.8739023521262876,47.78404845879917,51.20974567913422,3.4256972203350475,1.097456124587005
SAU,2020,49.808,49.919664529869955,0.8739027587454458,48.206815122728884,51.632513937011026,3.425698814282147,0.4267922005085012
SAU,2021,51.75,50.66281867704088,0.8739115672261869,48.94995200527755,52.37568534880421,3.4257333435266526,2.033697763457866
SAU,2022,47.303,48.28664368862479,0.8741023621767685,46.57340305875832,49.99988431849126,3.4264812597329324,-4.010053082422402
SAU,2023,47.057,48.73272875211263,0.8782253485477459,47.011407068959045,50.45405043526621,3.442643366307164,-1.1075736149051991
SAU,2024,55.818,53.98679700057498,0.9632185518152651,52.09888863901706,55.8747053621329,3.775816723115839,8.523034022105499
SDN,2000,24.977,24.934787170007656,0.5415404160967293,23.873367954458068,25.996206385557244,2.122838431099179,0.0
SDN,2001,24.759,24.71862349729177,0.5196959883025051,23.70001936021886,25.73722763436468,2.03720827414582,-0.21799999999999997
SDN,2002,24.76,24.308788502494284,0.519190813767809,23.29117450750938,25.32640249747919,2.035227989969811,-0.03137625469967986
SDN,2003,21.216,21.734656914407754,0.519179371441304,20.7170653463828,22.75224848243271,2.0351831360499117,-3.5487195684151587
SDN,2004,21.554,21.64833292684512,0.5191791123957775,20.630741866549396,22.665923987140847,2.0351821205914478,-0.19594587323635793
SDN,2005,22.061,22.01448950180029,0.5191791065312493,20.99689845299904,23.032080550601542,2.0351820976024975,0.4775174876273063
SDN,2006,22.219,22.157552220853585,0.5191791063984824,21.13996117231256,23.17514326939461,2.035182097082051,0.22984850117333266
SDN,2007,22.108,22.005872408284947,0.5191791063954766,20.988281359749813,23.02346345682008,2.035182097070268,-0.07641640717042364
SDN,2008,21.196,21.364323875500666,0.5191791063954087,20.346732826965667,22.381914924035666,2.035182097070002,-0.9234978078942824
SDN,2009,21.444,21.530163435283068,0.5191791063954071,20.51257238674807,22.547754483818068,2.035182097069996,0.10904815995474237
SDN,2010,21.955,22.109297493277733,0.519179106395407,21.091706444742734,23.126888541812733,2.0351820970699954,0.5274076648041124
SDN,2011,23.741,23.428540216277792,0.519179106395407,22.410949167742793,24.44613126481279,2.0351820970699954,1.8653551049629513
SDN,2012,22.711,23.249027590205134,0.519179106395407,22.231436541670135,24.266618638740134,2.0351820970699954,-0.749333904253195
SDN,2013,26.444,25.65023661465232,0.519179106395407,24.632645566117326,26.667827663187317,2.0351820970699954,3.6202533059480757
SDN,2014,24.016,24.244052874770013,0.519179106395407,23.226461826235017,25.26164392330501,2.0351820970699954,-1.8832874365360617
SDN,2015,23.892,23.931755400381764,0.5191791063954071,22.914164351846765,24.949346448916764,2.035182097069996,-0.4073642401788611
SDN,2016,23.435,23.8101500472864,0.5191791063954097,22.792558998751396,24.827741095821402,2.0351820970700056,-0.5182930645396517
SDN,2017,25.78,25.488002318392834,0.5191791063955261,24.470411269857603,26.505593366928064,2.035182097070462,2.2670163010839275
SDN,2018,25.639,25.7652484634493,0.5191791064006654,24.747657414903994,26.782839511994606,2.0351820970906087,0.20010106570417463
SDN,2019,26.769,26.64806233198301,0.5191791066276806,25.630471282992755,27.665653380973264,2.035182097980508,1.1601077176761372
SDN,2020,27.085,26.95078242113298,0.5191791166553065,25.93319135248858,27.96837348977738,2.0351821372888015,0.4905527716945741
SDN,2021,27.032,26.609709853608226,0.5191795595913931,25.592117916809094,27.62730179040736,2.035183873598261,0.02080982356816463
SDN,2022,23.835,24.243065840613692,0.5191991244101649,23.225435556769767,25.260696124457617,2.0352605676878466,-3.1938689007693384
SDN,2023,23.309,23.833764478593256,0.520062599462879,22.814441783646014,24.853087173540498,2.038645389894486,-1.0065576762950315
SDN,2024,26.381,25.941566469605355,0.5568695238376392,24.850102202883583,27.033030736327127,2.1829285334435458,2.920550759907286
SEN,2000,37.81,37.96117608492791,0.5558909359333728,36.87162985049849,39.05072231935732,2.1790924688588214,0.0
SEN,2001,37.979,38.36678205099749,0.5175648064537918,37.352355030348065,39.38120907164692,2.028854041298864,0.16899999999999693
SEN,2002,40.251,39.7356491336334,0.5153582886710762,38.72554688783809,40.74575137942871,2.020204491590619,2.3103231663536477
SEN,2003,39.829,39.824370707515705,0.5152357751288135,38.81450858826323,40.83423282676818,2.0197242385049488,0.120678073583953
SEN,2004,39.847,39.90159299349681,0.5152289872371548,38.89174417851199,40.911441808481634,2.019697629969647,0.0464006254146625
SEN,2005,40.278,40.11442575380794,0.5152286111969894,39.10457767586185,41.12427383175404,2.0196961558921984,0.44192117327663283
SEN,2006,39.789,39.92093565667079,0.5152285903650013,38.91108761955539,40.930783693786196,2.019696074230805,-0.3849857558277421
SEN,2007,40.223,40.055177303776865,0.5152285892109449,39.04532926892341,41.06502533863032,2.019696069706904,0.3433865199798447
SEN,2008,39.615,39.77254282850121,0.5152285891470123,38.762694793773065,40.78239086322935,2.019696069456288,-0.5271776639634354
SEN,2009,40.146,39.88124900578728,0.5152285891434705,38.87140097106608,40.891097040508484,2.0196960694424044,0.4069190362138855
SEN,2010,39.115,39.33230654347958,0.5152285891432743,38.322458508758764,40.3421545782004,2.0196960694416353,-0.9352241171230204
SEN,2011,39.167,39.32315942025696,0.5152285891432634,38.31331138553616,40.33300745497775,2.0196960694415926,-0.16812220499434716
SEN,2012,39.49,39.70191652605197,0.5152285891432629,38.69206849133117,40.711764560772764,2.0196960694415904,0.28342934544318865
SEN,2013,40.714,40.60708002166978,0.5152285891432636,39.597231986948984,41.61692805639058,2.0196960694415935,1.2907103118244976
SEN,2014,40.813,41.246651395515336,0.5152285891432793,40.23680336079451,42.25649943023616,2.019696069441655,0.40279242220763223
SEN,2015,43.441,42.96342457994015,0.5152285891435607,41.95357654521877,43.97327261466153,2.019696069442758,2.7228046083372206
SEN,2016,43.802,43.49388748726953,0.5152285891486417,42.4840394525382,44.503735522000866,2.0196960694626753,1.0018621668138792
SEN,2017,43.176,43.2589905686932,0.5152285892403567,42.2491425337821,44.2688386036043,2.0196960698221984,-0.3901933038062211
SEN,2018,43.396,43.230244470296,0.515228590895916,42.22039643214001,44.240092508451994,2.0196960763119907,0.12816082601452905
SEN,2019,42.465,42.78975714713348,0.5152286207805815,41.77990905040354,43.79960524386342,2.0196961934598794,-0.9008349913141629
SEN,2020,43.131,43.15597537250265,0.5152291602313865,42.14612621844913,44.16582452655617,2.019698308107035,0.45397190855794634
SEN,2021,43.413,43.58423309954985,0.5152388978150136,42.57436485983242,44.594101339267276,2.0197364794348536,0.3888506422018807
SEN,2022,44.842,44.437838483202654,0.515414640283617,43.427625788246765,45.44805117815854,2.020425389911779,1.52052315387062
SEN,2023,45.329,44.28749571365466,0.5185767445562631,43.27108529432438,45.303906132984935,2.0328208386605513,0.8448831033620436
SEN,2024,40.448,41.5500280908728,0.5726617782400734,40.42761100552226,42.67244517622334,2.2448341707010875,-4.68214121495641
SGP,2000,65.32,65.40179983072981,0.35960005564860575,64.69698372165854,66.10661593980109,1.4096322181425345,0.0
SGP,2001,65.411,65.73406436803675,0.34161498878918584,65.06449899000995,66.40362974606356,1.3391307560536085,0.09100000000000819
SGP,2002,67.608,67.28984825397953,0.3410277596988682,66.62143384496974,67.95826266298931,1.3368288180195633,2.2129101897153305
SGP,2003,67.578,67.64071802505453,0.3410090773717488,66.9723402334059,68.30909581670315,1.3367555832972553,0.3642899123195207
SGP,2004,68.317,68.22911543691748,0.3410084835159417,67.56073880922624,68.89749206460873,1.3367532553824915,0.8039467676410226
SGP,2005,68.597,68.48467371820315,0.3410084646395424,67.81629712750966,69.15305030889665,1.3367531813870062,0.42333290539593804
SGP,2006,68.27,68.31482643720436,0.3410084640395345,67.64644984768687,68.98320302672185,1.3367531790349751,-0.2515253862529079
SGP,2007,68.218,68.31474722311818,0.3410084640204626,67.64637063363807,68.98312381259828,1.3367531789602134,-0.09684362423955406
SGP,2008,68.928,68.68107207931433,0.3410084640198564,68.01269548983541,69.34944866879326,1.336753178957837,0.6927340724420219
SGP,2009,68.007,68.11222389085282,0.3410084640198371,67.44384730137394,68.7806004803317,1.3367531789577614,-0.79749474701228
SGP,2010,67.728,67.94188287041958,0.3410084640198365,67.2735062809407,68.61025945989846,1.336753178957759,-0.42118268510884604
SGP,2011,68.7,68.58156566007226,0.3410084640198364,67.91318907059338,69.24994224955114,1.3367531789577587,0.8969087403842195
SGP,2012,68.813,68.77271026111225,0.3410084640198364,68.10433367163337,69.44108685059113,1.3367531789577587,0.2729068752279318
SGP,2013,68.697,68.81126831916637,0.3410084640198364,68.14289172968749,69.47964490864526,1.3367531789577587,-0.06734434120106414
SGP,2014,69.517,69.28258688338762,0.3410084640198364,68.61421029390874,69.9509634728665,1.3367531789577587,0.8079934014678685
SGP,2015,68.809,68.86612885530879,0.3410084640198374,68.1977522658299,69.53450544478767,1.3367531789577627,-0.5639455447182229
SGP,2016,68.405,68.66603099180169,0.34100846401986806,67.99765440232275,69.33440758128063,1.3367531789578828,-0.5045439748708134
SGP,2017,69.56,69.45451775928878,0.341008464020833,68.78614116980795,70.1228943487696,1.3367531789616653,1.0650465333829828
SGP,2018,69.831,69.84351892818778,0.3410084640511895,69.17514233864745,70.5118955177281,1.3367531790806628,0.4608836029322845
SGP,2019,70.383,70.27993216841801,0.3410084650062132,69.61155557700583,70.9483087598302,1.3367531828243557,0.6341694041660446
SGP,2020,70.382,70.32600373485482,0.34100849505150066,69.65762708455388,70.99438038515576,1.3367533006018826,0.11206395313074324
SGP,2021,70.596,70.16000451715406,0.34100944028255453,69.49162601420026,70.82838302010786,1.3367570059076137,0.23397950935694212
SGP,2022,68.173,68.34278974627553,0.34103917615489143,67.67435296101195,69.01122653153911,1.3368735705271744,-2.3812845717474005
SGP,2023,66.659,67.16860794443198,0.3419733540438637,66.49834017050601,67.83887571835795,1.3405355478519456,-1.9385513035512076
SGP,2024,68.124,67.92442908293158,0.3701609843185374,67.19891355366725,68.64994461219591,1.4510310585286665,1.1193821378224982
SLB,2009,29.766,29.904777197289498,0.9555789545342653,28.031842446402337,31.77771194817666,3.74586950177432,0.0
SLB,2010,30.409,30.0971003486813,0.8620197590602784,28.40754162092315,31.786659076439445,3.3791174555162913,0.6430000000000007
SLB,2011,29.837,29.8923993969909,0.8504672390773852,28.225483608399223,31.559315185582577,3.33383157718335,-0.37052370052957073
SLB,2012,29.394,29.758217587622767,0.8491130420587768,28.093956025187563,31.42247915005797,3.328523124870405,-0.5681944947370923
SLB,2013,29.348,30.087656562828503,0.8489553579729893,28.423704061201445,31.75160906445556,3.3279050032541178,-0.2395902120649005
SLB,2014,31.252,31.358621064607476,0.8489370115645714,29.694704521940917,33.02253760727404,3.3278330853331197,1.822290266213031
SLB,2015,32.781,32.765305925054626,0.8489348776571841,31.101393564846546,34.429218285262706,3.3278247204161615,2.150542622222286
SLB,2016,33.924,34.152013443422206,0.8489346336382578,32.48810156149122,35.81592532535319,3.3278237638619705,1.8765117455892337
SLB,2017,35.613,35.8289644182433,0.8489346416503584,34.1650525206086,37.49287631587801,3.3278237952694045,2.329045669414583
SLB,2018,39.012,37.780821373523814,0.8489349554708554,36.11690886080094,39.44473388624669,3.3278250254457533,4.193397296430291
SLB,2019,38.378,38.16548327794735,0.8489376814649793,36.501565422275995,39.82940113361871,3.327835711342719,0.79629550138079
SLB,2020,38.773,38.27962785217771,0.8489611162049961,36.61566406441592,39.943591639939505,3.3279275755235846,0.666602663807268
SLB,2021,37.567,37.765747888237826,0.8491625275535394,36.10138933423289,39.43010644224276,3.3287171080098745,-0.9786333265384712
SLB,2022,36.687,37.50485859528293,0.8508918298720167,35.83711060873378,39.172606581832085,3.3354959730983054,-1.213794951748298
SLB,2023,38.469,38.28503996036633,0.8656139022173036,36.58843671202042,39.98164320871225,3.39320649669183,1.3679954731096657
SLB,2024,39.26,38.831054440588765,0.9831097914230089,36.90415924939967,40.75794963177786,3.853790382378195,1.2575996656332862
SLE,2000,17.596,17.17427402496125,1.1385666613712786,14.942683368673544,19.405864681248957,4.463181312575412,0.0
SLE,2001,16.646,16.754454585890308,1.0143443357135051,14.766339687891838,18.74256948388878,3.97622979599694,-0.9499999999999993
SLE,2002,15.887,16.433535873450303,0.9932697588314431,14.486727146140675,18.380344600759933,3.893617454619257,-1.0949312575314991
SLE,2003,16.147,16.611008211701126,0.9898946035479234,14.670814788747196,18.551201634655055,3.8803868459078594,-0.16799219145229927
SLE,2004,16.985,17.211613872745488,0.989359590637311,15.272469075096359,19.150758670394616,3.8782895952982592,0.7713635132964605
SLE,2005,17.939,18.018870792426792,0.9892749237441163,16.079891941888324,19.95784964296526,3.877957701076936,1.2606753072576993
SLE,2006,18.998,18.898962616623685,0.9892615285652748,16.960010020635746,20.837915212611623,3.877905191975877,1.5603954160747442
SLE,2007,19.89,19.688741347103623,0.9892594093977545,17.749792904684025,21.62768978952322,3.8778968848391973,1.5126355835342302
SLE,2008,20.278,20.294990475319008,0.9892590741397438,18.35604269000511,22.233938260632904,3.8778955706277958,0.989644923469875
SLE,2009,20.857,20.91673337303303,0.9892590211012318,18.977785691674615,22.855681054391443,3.877895362716828,0.9726279860453424
SLE,2010,21.569,21.592947678743194,0.9892590127113992,19.654000013828853,23.531895343657535,3.8778953298286845,1.098859643417704
SLE,2011,22.131,22.291000091246016,0.9892590113903852,20.35205242892086,24.22994775357117,3.87789532465031,0.9990678935628061
SLE,2012,23.465,23.134958047118413,0.9892590112210842,21.19601038512509,25.073905709111738,3.87789532398665,1.7313760478524785
SLE,2013,23.235,23.677947734192138,0.9892590114451617,21.73900007175962,25.616895396624656,3.8778953248650336,0.45864926627434954
SLE,2014,24.786,24.62486550242084,0.989259013066308,22.685917836810876,26.5638131680308,3.8778953312199276,1.7334262736762298
SLE,2015,25.351,25.42484325179217,0.989259023345986,23.485895566034035,27.363790937550302,3.8778953715162654,1.2544647371291724
SLE,2016,26.257,26.292159336366982,0.9892590883290787,24.35321152324199,28.231107149491976,3.8778956262499884,1.4049593231394688
SLE,2017,27.572,27.19153754063928,0.9892594990887151,25.2525889224254,29.130486158853163,3.877897236427763,1.8738180617311073
SLE,2018,27.673,27.743968556116574,0.98926209550159,25.805014848933457,29.68292226329969,3.877907414366233,0.8463051202603857
SLE,2019,28.199,28.36111644557628,0.9892785073015232,26.422130571265292,30.300102319887266,3.877971748621971,0.8626151454693236
SLE,2020,29.263,29.126099801233195,0.9893822401908613,27.18691061045911,31.065288992007282,3.8783783815481763,1.4071024056511163
SLE,2021,30.85,29.766242616282167,0.9900376855717834,27.825768752561473,31.70671648000286,3.880947727441391,2.1466704659222096
SLE,2022,30.376,29.418097182738816,0.9941707652893661,27.46952248277166,31.366671882705973,3.897149399934315,0.37983128834051527
SLE,2023,30.229,28.196431428304923,1.0199085485794097,26.19741067308928,30.195452183520565,3.998041510431286,0.004076675914713945
SLE,2024,21.749,25.121247844102484,1.1695647402413554,22.82890095322943,27.41359473497554,4.584693781746113,-8.478378515238521
SLV,2000,42.696,42.52354255876884,0.49089421557583146,41.56138989624021,43.48569522129747,1.9243053250572593,0.0
SLV,2001,41.321,41.58972983939195,0.47216496662498814,40.664286504806974,42.515173173976926,1.8508866691699535,-1.375
SLV,2002,42.297,42.02051718344708,0.4717675031033657,41.095852877364486,42.94518148952968,1.8493286121651935,0.7800128371712987
SLV,2003,40.695,41.047335136311276,0.47175923227794875,40.1226870410465,41.971983231576054,1.849296190529559,-1.4895321015024336
SLV,2004,41.997,41.86329772025765,0.4717590602426357,40.93864996218208,42.787945478333214,1.849295516151132,1.087177333752905
SLV,2005,42.074,42.00032513336391,0.47175905666428763,41.075677382301905,42.92497288442591,1.8492955021240074,0.2337952042080076
SLV,2006,41.421,41.763234332012004,0.47175905658985795,40.83858658109588,42.68788208292813,1.8492955018322432,-0.6192815168930821
SLV,2007,43.489,43.2639966556755,0.47175905658830963,42.33934890476241,44.18864440658859,1.8492955018261736,1.9786857923743355
SLV,2008,43.626,43.62220042077939,0.4717590565882776,42.69755266986637,44.54684817169242,1.8492955018260482,0.4223706252700268
SLV,2009,43.982,43.96111006485386,0.4717590565882767,43.03646231394084,44.88575781576689,1.8492955018260446,0.41691526501763576
SLV,2010,44.475,44.19394140035638,0.47175905658827694,43.269293649443355,45.118589151269404,1.8492955018260455,0.5531284803890202
SLV,2011,42.82,42.999567689446465,0.471759056588277,42.07491993853344,43.92421544035949,1.8492955018260457,-1.575226535758361
SLV,2012,42.778,42.71703198269502,0.471759056588277,41.792384231781995,43.64167973360804,1.8492955018260457,-0.2691828014251385
SLV,2013,41.998,42.12490296665588,0.471759056588277,41.20025521574286,43.049550717568906,1.8492955018260457,-0.8188221640094397
SLV,2014,42.146,42.17718246416385,0.471759056588277,41.252534713250824,43.10183021507687,1.8492955018260457,0.02990758036011698
SLV,2015,42.343,42.387805347252794,0.471759056588277,41.46315759633977,43.31245309816582,1.8492955018260457,0.20131334016779334
SLV,2016,42.815,42.82594810622004,0.47175905658827816,41.901300355307015,43.750595857133064,1.8492955018260504,0.5010338738875717
SLV,2017,43.529,43.319684938685526,0.4717590565883343,42.39503718777239,44.244332689598664,1.8492955018262704,0.786260260029124
SLV,2018,43.03,42.750527726361284,0.4717590565910319,41.82587997544286,43.67517547727971,1.849295501836845,-0.3856037331978541
SLV,2019,40.408,40.76222077168691,0.47175905672072543,39.83757302051429,41.686868522859534,1.8492955023452438,-2.6776126591060176
SLV,2020,40.563,40.57263363393568,0.47175906295597014,39.64798587054198,41.49728139732938,1.849295526787403,-0.23117146881306638
SLV,2021,40.19,40.43196572863537,0.47175936272619867,39.50731737769202,41.35661407957872,1.8492967018866988,-0.40634008201508465
SLV,2022,42.084,41.51999073436907,0.4717737744810042,40.5953141363863,42.444667332351834,1.8493531959655365,1.8353966968763302
SLV,2023,40.055,39.74399780522186,0.47246612625717754,38.81796419775779,40.67003141268593,1.8520672149281359,-1.7642948583220388
SLV,2024,35.728,36.38874737463007,0.504632771756792,35.39966714198676,37.37782760727338,1.9781604652866247,-4.58145067065265
SMR,2010,32.522,32.69726979177304,3.2409900294180556,26.34492933411365,39.049610249432426,12.704680915318777,0.0
SMR,2011,33.517,33.60716477655801,3.11201159148382,27.50762205724972,39.7067074958663,12.199085438616574,0.9950000000000045
SMR,2012,34.553,34.955635288299796,3.109090766462606,28.86181738603309,41.0494531905665,12.187635804533414,1.1822994183483928
SMR,2013,36.222,38.262586600178565,3.1090259641022278,32.1688957105382,44.35627748981893,12.187381779280733,1.8450128140753748
SMR,2014,51.27,51.49526919691883,3.1090245270509684,45.40158112389893,57.588957269938724,12.187376146039796,15.322748351245252
SMR,2015,68.671,65.8236962796697,3.1090244951833834,59.73000826911027,71.91738429022914,12.187376021118864,19.68278653768234
SMR,2016,68.669,66.3023942639781,3.10902449447671,60.20870625480375,72.39608227315246,12.187376018348703,2.929061867090226
SMR,2017,53.376,55.269553070821644,3.1090244944616354,49.17586506167684,61.36324107996645,12.18737601828961,-14.856818793941223
SMR,2018,53.114,53.4472491579528,3.109024494488208,47.35356114875591,59.540937167149686,12.187376018393774,-2.474402958427312
SMR,2019,53.186,53.245921092154795,3.1090244957020854,47.15223308057871,59.33960910373088,12.187376023152174,-0.29647568120076784
SMR,2020,53.145,53.3360585583621,3.109024550441559,47.24237043949664,59.429746677227556,12.187376237730911,-0.08514967183006661
SMR,2021,54.518,54.355534632305634,3.109027018887579,48.26184167528598,60.44922758932529,12.187385914039309,1.3603199378360102
SMR,2022,55.033,54.584753834676356,3.1091383300913824,48.49084270769725,60.678664961655464,12.187822253958219,0.7175720241070636
SMR,2023,54.767,52.63363382180242,3.114153713693809,46.52989254296256,58.73737510064228,12.20748255767973,-0.1591427722825145
SMR,2024,37.771,40.30548819524062,3.3324841363443367,33.77381928800572,46.83715710247552,13.063337814469799,-17.019698743660676
SOM,2013,8.267,8.263326326863957,1.0282586764814865,6.247939320960244,10.278713332767671,4.030774011807427,0.0
SOM,2014,8.234,8.240456230742632,0.9943463640969801,6.291537357112551,10.189375104372713,3.8978377472601617,-0.032999999999999474
SOM,2015,8.132,8.255394313514884,0.993768475547207,6.307608101442359,10.20318052558741,3.8955724241450516,-0.10623253258765608
SOM,2016,8.09,8.992938893142304,0.9937587930021244,7.0451716588581395,10.940706127426468,3.8955344685683277,-0.05574677020346641
SOM,2017,15.712,15.018162392991094,0.9937586308178722,13.070395476588065,16.965929309394124,3.895533832806059,7.614785152613463
SOM,2018,17.791,16.98022002801583,0.9937586281026675,15.032453116934601,18.927986939097057,3.8955338221624563,3.064521650763689
SOM,2019,13.893,14.194288403347963,0.9937586281405342,12.246521492192516,16.14205531450341,3.895533822310894,-3.501383089479308
SOM,2020,13.021,13.17272461285988,0.9937586331170469,11.224957691950468,15.120491533769293,3.895533841818824,-1.3251564474732245
SOM,2021,13.496,13.039671709643432,0.9937589302661901,11.0919042063217,14.987439212965164,3.895535006643465,0.3034954337345859
SOM,2022,10.253,10.234325587090819,0.9937766702611751,8.286523313378915,12.182127860802723,3.8956045474238064,-3.203720975379591
SOM,2023,6.899,7.319620680419666,0.9948351957388226,5.3697436967715735,9.269497664067758,3.8997539672961845,-3.768632383493796
SOM,2024,6.791,6.868102510033796,1.0561097652895983,4.798127370066183,8.938077650001409,4.139950279935225,-0.5957444195947161
SRB,2002,27.912,28.19460873160237,2.3530840605668915,23.58256397289126,32.80665349031348,9.224089517422215,0.0
SRB,2003,27.758,28.664015964694382,2.1398892661501914,24.46983300304001,32.858198926348756,8.38836592330875,-0.15399999999999991
SRB,2004,28.995,30.518179926514037,2.11816064574836,26.36658506084725,34.669774792180824,8.303189731333571,1.192343983855082
SRB,2005,31.466,34.700375329826755,2.1160500604977095,30.552917211251245,38.84783344840227,8.294916237151021,2.8391860411204384
SRB,2006,45.742,43.825996871021154,2.1158460874301017,39.678938539658155,47.97305520238415,8.294116662726,15.157841511466486
SRB,2007,52.89,50.02319515202315,2.1158263846165952,45.87617543817462,54.17021486587168,8.294039427697053,11.858614530753329
SRB,2008,53.69,51.83876280190921,2.115824481510816,47.69174681814801,55.98577878567041,8.294031967522399,4.4855106506133495
SRB,2009,49.917,50.824895578214594,2.115824297689612,46.677879954742956,54.97191120168623,8.294031246943279,-2.378951506448203
SRB,2010,50.948,51.198657888552326,2.1158242799343108,47.051642299881074,55.34567347722358,8.294031177342498,0.2916470707196268
SRB,2011,52.142,51.95552624923275,2.115824278219344,47.80851066392283,56.10254183454266,8.294031170619828,1.2846408247448124
SRB,2012,52.473,52.42738773236534,2.115824278053889,48.280372147379715,56.57440331735096,8.294031169971245,0.7302527821970202
SRB,2013,52.611,52.82953532856778,2.115824278039917,48.68251974360954,56.97655091352602,8.294031169916474,0.3649548417861439
SRB,2014,53.555,53.56569278606556,2.115824278059367,49.4186772010692,57.71270837106192,8.294031169992719,1.0574241051860298
SRB,2015,54.904,54.31819312054358,2.1158242782765844,50.17117753512148,58.465208705965686,8.29403117084421,1.6776362289273337
SRB,2016,54.227,54.17534497367795,2.115824280526973,50.02832938384508,58.32236056351082,8.294031179665735,-0.15560840217012384
SRB,2017,54.134,53.95354717464345,2.1158243038254705,49.806531539145524,58.10056281014137,8.294031270995845,-0.14136144573195963
SRB,2018,53.241,53.45594489327327,2.1158245450355477,49.308928785003594,57.602961001542944,8.294032216539346,-0.9369336423420336
SRB,2019,52.892,53.286864844252726,2.1158270422894674,49.13984384136537,57.43388584714008,8.294042005774712,-0.6401890673424759
SRB,2020,53.685,53.7212970635854,2.1158528962647747,49.57422538690645,57.86836874026436,8.294143353357917,0.5940360082958165
SRB,2021,54.529,54.21120579215365,2.116120544722201,50.06360952449813,58.358802059809165,8.295192535311028,1.0286201090518219
SRB,2022,54.224,54.21539717708288,2.11888953076217,50.062373696789024,58.36842065737673,8.306046960587706,0.014684251550413308
SRB,2023,54.76,54.20643998915605,2.1473471005567926,49.997639672064736,58.41524030624737,8.417600634182627,0.5405637100861256
SRB,2024,52.792,53.35142050250441,2.422401130619035,48.603514286491105,58.099326718517716,9.495812432026616,-1.7999985157265712
SSD,2013,18.383,18.080376589066095,0.8346292037060269,16.444503349802282,19.716249828329907,3.2717464785276253,0.0
SSD,2014,16.917,17.293297275162228,0.7758741416796998,15.772583957470017,18.81401059285444,3.0414266353844233,-1.4659999999999975
SSD,2015,18.029,17.411912724330318,0.7723540682792631,15.898098750502962,18.925726698157675,3.0276279476547114,0.7736093546932992
SSD,2016,15.106,16.045285651634735,0.7721508432685135,14.53186999882845,17.558701304441023,3.0268313056125726,-2.737750222805774
SSD,2017,16.114,16.939387401244495,0.7721391372128796,15.42599469230725,18.452780110181738,3.026785417874488,0.35105526721352476
SSD,2018,20.561,19.820080859471958,0.7721384661813252,18.30668946575656,21.333472253187356,3.0267827874307947,4.5312485084919985
SSD,2019,21.122,20.917485865380097,0.7721384826841082,19.404094439319245,22.43087729144095,3.026782852121704,1.6484457160612997
SSD,2020,21.38,21.522654033751788,0.7721394412006366,20.00926072899854,23.036047338505035,3.0267866095064955,0.6536075101049015
SSD,2021,22.464,22.471170453168835,0.7721561222609182,20.957744453537437,23.984596452800233,3.0268519992627994,1.240858089423945
SSD,2022,23.426,23.43694514765861,0.7724456972844234,21.922951580981138,24.95093871433608,3.0279871333549395,1.2597912989051423
SSD,2023,24.954,24.42906327743152,0.7774563422118964,22.905248846696203,25.952877708166838,3.047628861470634,1.8303350457849952
SSD,2024,24.045,24.15773234191565,0.8598128661979555,22.47249912416766,25.842965559663643,3.3704664354959855,-0.46974118756605776
STP,2013,31.344,31.990186620614892,1.4349517195447783,29.177681250307128,34.80269199092266,5.625010740615531,0.0
STP,2014,33.223,33.60895919084922,1.3314270914618942,30.999362091583908,36.218556290114535,5.219194198530625,1.8789999999999978
STP,2015,36.74,36.12200000621602,1.324923015925145,33.52515089500274,38.7188491174293,5.193698222426568,3.959960825951967
STP,2016,37.498,37.203133555125234,1.324529619631348,34.60705550064779,39.79921160960268,5.192156108954884,1.7282791750183577
STP,2017,37.518,37.60106094012263,1.3245058837094272,35.00502940805215,40.197092472193106,5.192063064140955,0.4444321733984893
STP,2018,38.096,38.19144069553536,1.324504459107429,35.5954119556848,40.78746943538592,5.192057479701122,0.6871589749801927
STP,2019,38.931,39.00295674031288,1.3245044948538491,36.40692793039934,41.59898555022642,5.1920576198270885,1.0037775871305996
STP,2020,40.033,39.98119670153212,1.3245065141505914,37.38516393379696,42.57722946926728,5.192065535470318,1.3485444677098855
STP,2021,39.922,40.83940831283433,1.3245400719976799,38.24330977171888,43.43550685394978,5.192197082230905,0.22022495685001076
STP,2022,43.982,43.82325688638421,1.32509621428055,41.22606830639433,46.42044546637408,5.194377159979756,4.1140909133580905
STP,2023,45.803,46.43929733667704,1.334281161401806,43.8241062603295,49.054488413024586,5.230382152695079,2.831489175927956
STP,2024,52.295,50.52964003483358,1.4782421867111302,47.63228534887976,53.42699472078739,5.79470937190763,7.187460850114249
SUR,2000,34.772,34.92837368506364,0.5144782467531822,33.919996321427405,35.936751048699875,2.0167547272724744,0.0
SUR,2001,35.382,35.200481966896184,0.468885420666477,34.28146654238989,36.119497391402476,1.8380308490125898,0.6099999999999994
SUR,2002,35.169,35.18179229147816,0.4644715052069588,34.27142814127252,36.0921564416838,1.8207283004112784,-0.039836442815662565
SUR,2003,35.178,35.18359629465942,0.4640638111011151,34.27403122490123,36.093161364417604,1.8191301395163713,-0.003005586790543191
SUR,2004,35.612,35.19436574897137,0.46402633073765565,34.28487414072556,36.10385735721718,1.81898321649161,0.4330893986505089
SUR,2005,33.37,34.53607117146046,0.46402288657194557,33.62658631377945,35.44555602914148,1.8189697153620266,-2.110723547799921
SUR,2006,36.457,35.74586159284076,0.4640225700914919,34.83637735546144,36.655345830220085,1.818968474758648,2.4471768523940725
SUR,2007,36.174,35.816384512319175,0.4640225410105715,34.90690033193845,36.7258686926999,1.8189683607614402,0.4588151924818291
SUR,2008,35.072,35.313995465308466,0.46402253833836965,34.40451129016526,36.22347964045167,1.818968350286409,-0.9629188347811279
SUR,2009,35.115,35.19929124372418,0.464022538092825,34.28980706906225,36.10877541838612,1.818968349323874,-0.24889067922758557
SUR,2010,35.172,35.21962441247501,0.46402253807026256,34.31014023785729,36.12910858709272,1.8189683492354292,-0.018446514305651363
SUR,2011,34.606,35.316253482113375,0.4640225380681915,34.40676930749972,36.22573765672703,1.8189683492273105,-0.5715917128362307
SUR,2012,37.237,36.55073237414674,0.46402253806802407,35.641248199533415,37.460216548760066,1.8189683492266544,2.4577327547699284
SUR,2013,36.755,36.68578758737027,0.46402253806825844,35.776303412756484,37.59527176198406,1.818968349227573,0.26301532189595633
SUR,2014,36.806,36.70996220176317,0.46402253807099775,35.80047802714401,37.61944637638233,1.818968349238311,0.13072813330725808
SUR,2015,36.167,36.58028105279983,0.4640225381008259,35.67079687812222,37.48976522747745,1.8189683493552375,-0.5993722324456243
SUR,2016,37.208,37.11268996656772,0.4640225384254401,36.20320579125386,38.022174141881585,1.8189683506277252,0.8593116143020652
SUR,2017,37.4,37.492409020525734,0.46402254195813775,36.58292483828779,38.40189320276368,1.8189683644758998,0.45248410580681053
SUR,2018,37.891,38.020170414635366,0.4640225804036234,37.11068615704426,38.92965467222647,1.8189685151822037,0.6281620210074905
SUR,2019,38.791,38.75486713120792,0.46402299879627074,37.84538205356723,39.664352208848605,1.8189701552813813,1.0904154670094002
SUR,2020,39.516,39.43167778403974,0.46402755203711704,38.522183782046994,40.34117178603249,1.8189880039854989,1.0555388792080436
SUR,2021,39.867,39.973401427978835,0.4640771009593094,39.06381031009859,40.88299254585908,1.8191822357604928,0.6709666995285986
SUR,2022,41.384,40.685583716581036,0.4646159881420534,39.77493637982261,41.59623105333946,1.8212946735168494,1.7203908978349034
SUR,2023,40.867,40.27887977081882,0.470440654505634,39.356816087987774,41.20094345364986,1.8441273656620851,0.0045040471955815065
SUR,2024,38.088,38.92998755682099,0.5297038579513019,37.891767995236435,39.968207118405545,2.0764391231691035,-2.77763468305708
SVK,2000,53.616,53.76691132906087,0.7426424952237125,52.31133203842239,55.22249061969934,2.911158581276953,0.0
SVK,2001,54.073,54.06992231388356,0.6815139408782831,52.734154989762125,55.40568963800499,2.67153464824287,0.45700000000000074
SVK,2002,54.288,54.3672345336533,0.676488644989361,53.04131678947415,55.69315227783245,2.6518354883582953,0.33609718691938184
SVK,2003,54.474,54.811260542382485,0.6760931334895232,53.48611800074302,56.13640308402195,2.6502850832789306,0.27970765831734923
SVK,2004,56.254,55.879771479059265,0.6760621195810245,54.55468972468046,57.20485323343807,2.650163508757616,1.858287462401286
SVK,2005,56.126,56.25534612000251,0.6760596883420089,54.93026913085217,57.58042310915285,2.6501539783006747,0.3922737885143661
SVK,2006,56.904,56.87042314049913,0.6760594977569233,55.54534652489556,58.1954997561027,2.650153231207139,0.8878294027070126
SVK,2007,57.355,57.423327923063646,0.6760594828169647,56.09825133674239,58.7484045093849,2.6501531726425016,0.699576266952846
SVK,2008,58.222,58.10275138406527,0.676059481645822,56.77767480003946,59.42782796809108,2.650153168051622,1.062868802786781
SVK,2009,58.558,58.5613694024741,0.6760594815540163,57.23629281862823,59.88644598631997,2.650153167691744,0.6335841979349084
SVK,2010,59.284,59.026226339454304,0.6760594815468197,57.70114975562254,60.35130292328607,2.6501531676635333,0.9033922096884339
SVK,2011,58.99,59.013779395300084,0.6760594815462558,57.68870281146942,60.33885597913075,2.650153167661323,-0.04106638703188281
SVK,2012,58.91,59.045363317774104,0.6760594815462163,57.72028673394352,60.37043990160469,2.650153167661168,-0.09149785168854407
SVK,2013,59.266,59.327591300622785,0.6760594815462728,58.00251471679209,60.65266788445348,2.650153167661389,0.330382242885932
SVK,2014,59.675,59.7238641659825,0.6760594815470368,58.398787582150305,61.04894074981469,2.650153167664384,0.5015011013576967
SVK,2015,60.446,60.21061584916429,0.6760594815567862,58.88553926531299,61.53569243301559,2.650153167702602,0.9114113120683172
SVK,2016,60.439,60.26152095083898,0.6760594816811561,58.93644436674391,61.58659753493404,2.650153168190132,0.2481788177831703
SVK,2017,60.167,59.983798842094764,0.6760594832677115,58.65872225489005,61.308875429299476,2.650153174409429,-0.20251438304291014
SVK,2018,58.966,59.3668542405971,0.6760595035069789,58.04177761372342,60.69193086747078,2.650153253747357,-1.2577003943935097
SVK,2019,58.841,59.492147167949945,0.6760597616939285,58.167070035029845,60.817224300870045,2.6501542658401993,-0.47713354883476455
SVK,2020,61.139,60.82312988453209,0.676063055308177,59.49804629612806,62.14821347293611,2.6501671768080537,2.164411165514238
SVK,2021,60.872,61.569235031668,0.6761050696696285,60.24406909511553,62.894400968220474,2.6503318731049434,0.33899629947451615
SVK,2022,64.687,63.60636807503475,0.6766408069017436,62.28015209350733,64.93258405656216,2.6524319630548345,3.9099128826769416
SVK,2023,65.348,63.64256040641495,0.6834382173167511,62.30302150047412,64.98209931235579,2.6790778118816645,1.7557054681299675
SVK,2024,58.835,60.520893492846504,0.7648686304747031,59.021750977116085,62.02003600857692,2.9982850314608362,-6.021433964116447
SVN,2000,57.574,58.01386206058891,0.7013353776600435,56.63924472037523,59.388479400802595,2.7492346804273704,0.0
SVN,2001,59.998,59.47827401755878,0.6600037579945538,58.18466665188946,60.771881383228106,2.587214731338651,2.4239999999999995
SVN,2002,59.358,59.33516388188841,0.658217611076697,58.045057364178085,60.62527039959874,2.580213035420652,-0.15732967733094227
SVN,2003,58.861,59.12142120981475,0.6581427618189579,57.831461396649594,60.4113810229799,2.579919626330315,-0.5291481375475939
SVN,2004,59.828,59.713166164514995,0.6581396294710108,58.423212490751816,61.003119838278174,2.5799073475263623,0.858760581956254
SVN,2005,59.798,59.94972793853665,0.6581394983936021,58.659774521685186,61.23968135538811,2.5799068337029203,0.145670825427743
SVN,2006,60.825,60.65558703751163,0.6581394929085007,59.365633631410965,61.945540443612295,2.579906812201323,1.056798947955265
SVN,2007,60.736,60.837448704800586,0.6581394926789698,59.54749529914981,62.127402110451364,2.5799068113015613,0.12718261045393575
SVN,2008,61.042,61.333093095575244,0.6581394926693647,60.04313968994329,62.6230465012072,2.5799068112639096,0.3320169343235122
SVN,2009,62.855,62.729093824038216,0.6581394926689627,61.43914041840705,64.01904722966938,2.5799068112623336,1.8809185837194065
SVN,2010,63.923,63.73566441759103,0.6581394926689457,62.4457110119599,65.02561782322216,2.579906811262267,1.452767501569653
SVN,2011,64.383,64.16280258399152,0.6581394926689452,62.87284917836039,65.45275598962266,2.579906811262265,0.7571833692212806
SVN,2012,63.98,63.90886606308607,0.6581394926689453,62.61891265745494,65.1988194687172,2.5799068112622656,-0.24810783415764348
SVN,2013,63.247,63.43491095740928,0.6581394926689453,62.14495755177815,64.72486436304041,2.5799068112622656,-0.7837538350117939
SVN,2014,63.679,63.54216792442074,0.6581394926689463,62.2522145187896,64.83212133005188,2.5799068112622696,0.2716724836718569
SVN,2015,63.117,63.22620074658126,0.6581394926689718,61.936247340950075,64.51615415221245,2.579906811262369,-0.5064256951404289
SVN,2016,63.184,63.247993501076984,0.6581394926695783,61.95804009544461,64.53794690670935,2.5799068112647467,-0.036596270001538755
SVN,2017,63.492,63.46771934000972,0.6581394926840709,62.17776593434894,64.7576727456705,2.5799068113215577,0.3005137347798339
SVN,2018,63.616,63.61234464774538,0.6581394930304025,62.32239124140579,64.90229805408497,2.579906812679178,0.18547417539465272
SVN,2019,63.467,63.74566388323491,0.6581395013066867,62.45571046067381,65.03561730579602,2.579906845122212,-0.1110587325309993
SVN,2020,64.942,64.74089567236841,0.6581396990849472,63.45094186216191,66.03084948257491,2.579907620412993,1.4522814243990467
SVN,2021,64.548,65.11410805028287,0.6581444253726656,63.82414497655244,66.40407112401329,2.5799261474608493,-0.09691606448100742
SVN,2022,68.097,67.23830311599116,0.6582573593348725,65.9481186916948,68.52848754028751,2.5803688485927,3.529174499675264
SVN,2023,67.964,66.70653281040566,0.6609504009121263,65.4110700246179,68.00199559619342,2.5909255715755353,0.5889406871713305
SVN,2024,60.856,62.28539319034346,0.7223252925299315,60.869635616984795,63.70115076370213,2.8315151467173316,-6.9875241650876845
SWE,2000,70.84,71.29267969025432,0.4761381698579022,70.35944887733282,72.22591050317581,1.8664616258429765,0.0
SWE,2001,74.488,74.30544935616594,0.46154118887636475,73.40082862596826,75.21007008636361,1.8092414603953497,3.647999999999996
SWE,2002,76.515,76.17361949132486,0.46131775200296654,75.26943669739904,77.07780228525067,1.8083655878516287,2.4712206801251426
SWE,2003,75.842,75.90132075805914,0.46131438507082606,74.99714456332032,76.80549695279797,1.808352389477638,-0.36971826028248245
SWE,2004,75.949,76.00096545053182,0.46131433434738084,75.09678935521096,76.90514154585269,1.8083521906417328,0.06162083415519248
SWE,2005,76.31,76.42643550874877,0.4613143335832258,75.52225941492564,77.33061160257189,1.8083521876462452,0.36856334562713755
SWE,2006,77.865,77.5819606677187,0.46131433357171364,76.67778457391815,78.48613676151926,1.8083521876011175,1.600237492818664
SWE,2007,76.822,76.96281836943109,0.46131433357154006,76.05864227563087,77.86699446323131,1.808352187600437,-0.8465867294525253
SWE,2008,77.237,77.22661264253514,0.46131433357153756,76.32243654873493,78.13078873633536,1.8083521876004272,0.311089880982621
SWE,2009,77.377,77.42527778637233,0.46131433357153745,76.52110169257212,78.32945388017255,1.8083521876004267,0.17818319545230565
SWE,2010,78.044,77.92664650039134,0.4613143335715376,77.02247040659113,78.83082259419156,1.8083521876004274,0.688870218847299
SWE,2011,77.603,77.69220427579566,0.46131433357153745,76.78802818199544,78.59638036959588,1.8083521876004267,-0.3564480173883169
SWE,2012,78.074,78.01707627804913,0.4613143335715376,77.11290018424891,78.92125237184935,1.8083521876004274,0.42724954346464017
SWE,2013,78.013,77.9850343627988,0.46131433357153745,77.08085826899858,78.88921045659902,1.8083521876004267,-0.00855935881459402
SWE,2014,77.85,77.77764683087241,0.4613143335715376,76.8734707370722,78.68182292467263,1.8083521876004274,-0.16405057634641196
SWE,2015,77.06,77.11660215650845,0.46131433357153745,76.21242606270823,78.02077825030867,1.8083521876004267,-0.8101355801124441
SWE,2016,76.765,76.81045517200447,0.46131433357153767,75.90627907820425,77.71463126580468,1.8083521876004276,-0.39443610219846903
SWE,2017,76.666,76.78931385745527,0.46131433357154245,75.88513776365505,77.69348995125549,1.8083521876004462,-0.14741311692979764
SWE,2018,77.743,77.54135515357333,0.4613143335718686,76.63717905977248,78.44553124737419,1.8083521876017248,1.058906502911043
SWE,2019,76.953,77.02907553714255,0.46131433359350676,76.12489944329927,77.93325163098582,1.8083521876865465,-0.6600297359764511
SWE,2020,76.981,76.99379245321516,0.4613143350298294,76.0896163565567,77.89796854987362,1.808352193316931,-0.05301209956915898
SWE,2021,76.799,77.03871854105358,0.4613144303707018,76.134542257527,77.94289482458016,1.808352567053151,-0.1885067090989594
SWE,2022,78.871,78.58668906543785,0.46132075890775187,77.68250037797866,79.49087775289705,1.8083773749183873,2.0488626723091556
SWE,2023,78.904,78.3520191375458,0.4617406435387996,77.44700747620975,79.25703079888184,1.8100233226720945,0.2844775589119024
SWE,2024,74.067,74.65640805447569,0.4888060372333956,73.69834822149824,75.61446788745315,1.9161196659549107,-4.802083202965605
SWZ,2003,31.692,31.519291551859265,0.4831442593508004,30.572328803531697,32.46625430018683,1.8939254966551375,0.0
SWZ,2005,30.538,30.425043336975808,0.4675102171253428,29.508723311410137,31.34136336254148,1.8326400511313437,-1.154
SWZ,2007,28.229,28.657314927106448,0.4672511847892005,27.741502604919614,29.573127249293282,1.8316246443736661,-2.455014327046161
SWZ,2008,29.319,29.443323613394437,0.46724696357798023,28.527519564781596,30.35912766200728,1.8316080972256825,0.7766909532967752
SWZ,2009,31.042,30.97058553033342,0.4672468948078492,30.054781616510034,31.886389444156805,1.8316078276467689,1.8221351419446847
SWZ,2010,32.315,32.07205378740159,0.46724689368748135,31.15624987577413,32.98785769902906,1.8316078232549269,1.505573889239642
SWZ,2011,31.81,31.72500667360743,0.46724689366922867,30.809202762015744,32.64081058519912,1.8316078231833763,-0.31283138427033563
SWZ,2012,30.679,30.871204840801198,0.4672468936689315,29.955400929210093,31.787008752392303,1.8316078231822115,-1.1709292087474914
SWZ,2013,31.164,31.16338368938515,0.46724689366892674,30.24757977779405,32.07918760097625,1.8316078231821928,0.3355448009504407
SWZ,2014,31.098,31.451887916375732,0.4672468936689265,30.536084004784637,32.36769182796683,1.831607823182192,-0.023171693522154868
SWZ,2015,34.176,33.85037394118944,0.46724689366892647,32.93457002959834,34.76617785278054,1.8316078231821917,3.0750424086769783
SWZ,2016,34.566,34.30738351203546,0.4672468936689266,33.39157960044436,35.223187423626555,1.8316078231821922,0.7824926219633141
SWZ,2017,33.25,33.222447011903576,0.4672468936689355,32.30664310031246,34.13825092349469,1.8316078231822273,-1.2161241153635132
SWZ,2018,31.544,31.97323165208502,0.467246893669484,31.05742774049283,32.889035563677204,1.8316078231843773,-1.861223791816652
SWZ,2019,33.316,33.28321916707542,0.4672468937031481,32.36741525541725,34.199023078733596,1.8316078233163404,1.5344369003662237
SWZ,2020,34.626,34.39775790411177,0.4672468957695098,33.48195398840353,35.31356181982001,1.8316078314164783,1.505852636231154
SWZ,2021,34.427,34.151451453911385,0.46724702260637774,33.23564728960289,35.06725561821988,1.8316083286170006,-0.006795805411663025
SWZ,2022,31.966,32.262245119991015,0.46725480800863545,31.34642569629409,33.17806454368794,1.831638847393851,-2.4618674038045256
SWZ,2023,32.002,32.13933761106727,0.46773244147545534,31.222582025775377,33.056093196359164,1.833511170583785,-0.27822811910453993
SWZ,2024,32.952,32.835276539388836,0.4961709079028712,31.862781559899208,33.80777151887846,1.9449899589792552,0.9144874868511934
SYC,2000,33.963,34.96249409447994,0.9941703257245941,33.01392025605974,36.911067932900146,3.8971476768404085,0.0
SYC,2001,37.87,37.196510222016634,0.9171933480892859,35.39881125976164,38.99420918427163,3.5953979245100007,3.9069999999999965
SYC,2002,38.203,38.040406034975064,0.9116247475835848,36.25362152971124,39.82719054023889,3.5735690105276525,1.3128095429292657
SYC,2003,38.942,38.548698871915384,0.9112380468627495,36.762672300064395,40.334725443766374,3.572053143701978,1.0832737326983164
SYC,2004,38.033,38.24519633234076,0.9112112745498679,36.45922223422302,40.0311704304585,3.5719481962354824,-0.6240639547116018
SYC,2005,38.164,38.37967881036972,0.9112094214232122,36.593708344380225,40.16564927635921,3.5719409319789914,-0.03318314838654146
SYC,2006,39.163,38.95933433410811,0.911209293155318,37.17336411952368,40.74530454869253,3.5719404291688464,0.9902698175662508
SYC,2007,39.678,39.11861260967774,0.9112092842770063,37.332642412494806,40.904582806860674,3.5719403943658645,0.7755311791454389
SYC,2008,37.15,38.1232842372678,0.9112092836624767,36.33731404128934,39.909254433246254,3.5719403919569084,-2.3239646321513234
SYC,2009,39.241,39.13686859718768,0.9112092836199408,37.350898401292596,40.92283879308276,3.571940391790168,1.4795855351766534
SYC,2010,40.36,39.935519957131845,0.9112092836169967,38.14954976124253,41.72149015302116,3.571940391778627,1.5082658201135217
SYC,2011,39.651,39.858020928437696,0.9112092836167929,38.07205073254878,41.64399112432661,3.571940391777828,-0.3121886515036678
SYC,2012,39.844,40.20782459619395,0.9112092836167802,38.421854400305065,41.99379479208284,3.5719403917777783,0.11086593706718162
SYC,2013,41.71,41.308582441201196,0.9112092836167986,39.522612245312274,43.09455263709012,3.5719403917778507,1.8951678438928639
SYC,2014,41.2,41.58079214582609,0.9112092836170802,39.79482194993661,43.366762341715564,3.5719403917789543,-0.011398163550055074
SYC,2015,42.774,42.63897799270173,0.9112092836211488,40.853007796804285,44.42494818859918,3.5719403917949033,1.571001244350711
SYC,2016,43.835,43.418470915948355,0.9112092836799305,41.63250071993569,45.20444111196102,3.5719403920253274,1.4743164817156398
SYC,2017,43.564,43.338224671235146,0.9112092845291687,41.55225447355797,45.12419486891232,3.5719403953543414,0.11687957893052214
SYC,2018,42.65,42.7919656059764,0.911209296798394,41.00599538425155,44.57793582770125,3.5719404434497046,-0.8832500203155931
SYC,2019,41.007,42.53873143774006,0.9112094740559292,40.75276086859044,44.32470200688968,3.5719411382992425,-1.875375239793641
SYC,2020,45.89,45.44707604573456,0.9112120349502898,43.661100457231996,47.23305163423713,3.5719511770051358,4.389605421990943
SYC,2021,47.769,47.44120100739478,0.9112490322346206,45.65515290421492,49.22724911057464,3.5720962063597126,3.0338662202919053
SYC,2022,49.712,48.75873063885824,0.9117833767148524,46.97163522049713,50.54582605721935,3.5741908367222215,2.7411832711311632
SYC,2023,49.617,48.10865935415613,0.9194685776338442,46.3065009419938,49.910817766318466,3.604316824324669,0.6261809853339386
SYC,2024,42.522,44.345289187071536,1.0240837556299838,42.338085026036765,46.35249334810631,4.014408322069536,-6.930257341325387
SYR,2000,28.203,28.20140897833207,0.6283336905083695,26.969874944935665,29.432943011728472,2.4630680667928084,0.0
SYR,2001,28.18,28.19167811708562,0.6072132319520386,27.001540182459625,29.381816051711613,2.380275869251991,-0.022999999999999687
SYR,2002,28.271,28.24910798245497,0.6068430270504304,27.059695649436126,29.438520315473813,2.378824666037687,0.08800960489617538
SYR,2003,27.954,28.18063708876953,0.6068366488922159,26.991237256940785,29.370036920598274,2.378799663657486,-0.3054516563920835
SYR,2004,29.283,29.4155536717003,0.6068365390381842,28.22615405518546,30.604953288215142,2.378799233029682,1.2889132837774255
SYR,2005,31.43,31.412785004664606,0.6068365371461263,30.223385391858198,32.60218461747101,2.378799225612815,2.3161542345482182
SYR,2006,33.568,33.311013083342594,0.6068365371135388,32.12161347060006,34.50041269608513,2.378799225485072,2.4419671635532154
SYR,2007,33.864,33.73131214941269,0.6068365371129776,32.54191253667125,34.92071176215413,2.3787992254828723,0.616478585458772
SYR,2008,33.473,33.38852480410337,0.6068365371129679,32.19912519136195,34.57792441684479,2.378799225482834,-0.31009465942665315
SYR,2009,32.572,32.559921509541645,0.6068365371129675,31.37052189680023,33.749321122283064,2.3787992254828323,-0.9416961646724857
SYR,2010,31.583,31.661854945374188,0.6068365371129677,30.47245533263277,32.851254558115606,2.378799225482833,-1.11258620512789
SYR,2011,31.209,31.217282329739113,0.6068365371129677,30.027882716997695,32.40668194248053,2.378799225482833,-0.5200134511827486
SYR,2012,31.031,30.8203413039633,0.6068365371129677,29.630941691221885,32.009740916704715,2.378799225482833,-0.24624546117747315
SYR,2013,29.129,29.211904367499407,0.6068365371129677,28.02250475475799,30.401303980240826,2.378799225482833,-1.934316731466641
SYR,2014,28.003,28.080249562954787,0.6068365371129677,26.890849950213372,29.269649175696202,2.378799225482833,-1.3798556206613384
SYR,2015,27.16,27.39285616979696,0.6068365371129677,26.203456557055546,28.582255782538375,2.378799225482833,-1.0240893217784581
SYR,2016,27.664,28.044616121812986,0.606836537112968,26.855216509071568,29.234015734554404,2.3787992254828345,0.36960069188069156
SYR,2017,31.338,30.88529532470131,0.6068365371129857,29.69589571195986,32.074694937442764,2.378799225482904,3.7225056100213187
SYR,2018,31.263,31.122474775658226,0.6068365371140072,29.933075162914772,32.31187438840168,2.378799225486908,0.41353373218292333
SYR,2019,30.258,30.551495162491207,0.6068365371733199,29.3620955496315,31.740894775350913,2.3787992257194137,-0.9507287110533902
SYR,2020,31.888,31.668403093747656,0.6068365406170515,30.479003474138235,32.857802713357074,2.378799239218842,1.5052283826640895
SYR,2021,31.976,31.522411562842226,0.6068367405621833,30.33301155134035,32.711811574344104,2.3788000230037585,0.2855429768570126
SYR,2022,28.704,28.767837774993996,0.606848349385954,27.578415010197528,29.957260539790465,2.37884552959294,-3.2345259460168307
SYR,2023,25.346,26.38039434923241,0.6075219844661641,25.18965125967873,27.571137438786092,2.3814861791073634,-3.782492317216697
SYR,2024,30.561,29.94174177668871,0.6454293201771172,28.67670030914156,31.206783244235858,2.5300829350942995,4.7185937397358195
TCD,2000,15.264,15.423209484359624,0.5978295894420735,14.25146348905316,16.594955479666087,2.3434919906129283,0.0
TCD,2001,15.969,15.935431957803983,0.5616579385680707,14.834582398210564,17.036281517397402,2.201699119186837,0.7050000000000001
TCD,2002,16.194,16.34737759604797,0.5600200738012413,15.249738251397536,17.4450169406984,2.195278689300866,0.36841577235692213
TCD,2003,17.185,17.217503661750914,0.5599482195687385,16.120005151396185,18.315002172105643,2.194997020709455,1.0680124929523842
TCD,2004,18.621,18.184726969937408,0.5599450718691659,17.087234629073844,19.282219310800972,2.19498468172713,1.6595161561712395
TCD,2005,18.155,17.848684556444656,0.5599449339875436,16.75119248582907,18.946176627060243,2.194984141231171,-0.11867473111169602
TCD,2006,16.836,16.597594936047138,0.5599449279478033,15.500102877269443,17.69508699482483,2.194984117555389,-1.3438378573975633
TCD,2007,14.133,14.634324808686038,0.5599449276832397,13.536832750426889,15.731816866945188,2.1949841165182993,-2.984256641953209
TCD,2008,14.012,14.168647687461917,0.5599449276716506,13.071155629225482,15.266139745698352,2.1949841164728703,-0.7455857718961756
TCD,2009,14.433,14.17091964257687,0.5599449276711431,13.07342758434143,15.26841170081231,2.194984116470881,0.26495368066003344
TCD,2010,13.115,13.390286575793013,0.5599449276711208,12.292794517557617,14.487778634028409,2.1949841164707937,-1.2625468942389162
TCD,2011,13.459,13.432009082577432,0.5599449276711198,12.334517024342038,14.529501140812826,2.1949841164707897,0.07975703390806288
TCD,2012,13.258,13.393102407520239,0.5599449276711199,12.295610349284843,14.490594465755635,2.19498411647079,-0.18430736442129003
TCD,2013,13.748,13.757783221270707,0.55994492767112,12.66029116303531,14.855275279506102,2.1949841164707906,0.4514256509049286
TCD,2014,14.013,14.151689167108499,0.5599449276711215,13.054197108873101,15.249181225343897,2.194984116470796,0.3594804929697375
TCD,2015,14.357,14.959897224252185,0.5599449276711547,13.862405166016721,16.057389282487648,2.194984116470926,0.4192369612154305
TCD,2016,17.725,17.569122607520097,0.5599449276719142,16.471630549283145,18.66661466575705,2.1949841164739037,3.4557436066988387
TCD,2017,20.478,19.712699994223424,0.5599449276892523,18.61520793595249,20.810192052494358,2.194984116541869,3.4762649692887884
TCD,2018,19.8,19.570118953516157,0.5599449280850646,18.472626894469432,20.667611012562883,2.194984118093453,0.04955995884027331
TCD,2019,18.644,18.7408209550745,0.5599449371210895,17.643328878317163,19.838313031831838,2.194984153514671,-1.1456274185275
TCD,2020,17.994,18.200753377020607,0.5599451434050697,17.103260895946672,19.298245858094543,2.194984962147873,-0.8897724698300777
TCD,2021,18.466,18.278314143019347,0.5599498526552256,17.180812431815106,19.37581585422359,2.195003422408484,0.2857763296969793
TCD,2022,17.49,17.79520641247639,0.5600573496725149,16.69749400711826,18.89291881783452,2.195424810716258,-0.9161888473667226
TCD,2023,18.595,18.22383291258278,0.5625058186475362,17.121321508033606,19.32634431713195,2.205022809098342,0.9132475513319598
TCD,2024,17.316,17.543682778073467,0.615759597218703,16.33679396752481,18.750571588622126,2.413777621097316,-1.0878631457244765
TGO,2000,25.251,24.879373984761237,1.1547378375563988,22.616087823150696,27.142660146371778,4.5265723232210835,0.0
TGO,2001,25.005,24.61029599090444,1.020063384954913,22.61097175639281,26.60962022541607,3.998648469023259,-0.24600000000000222
TGO,2002,23.349,24.079936207067593,0.9902149909016215,22.139114824900414,26.020757589234773,3.881642764334356,-1.7514887350569524
TGO,2003,23.833,24.033433481033295,0.9839882946097366,22.104816423598212,25.96205053846838,3.857234114870167,-0.2862903347585686
TGO,2004,23.718,24.119611491676373,0.9827077795627978,22.19350424373329,26.045718739619456,3.8522144958861673,-0.24383326333544986
TGO,2005,23.813,24.47164383114223,0.9824452380716729,22.546051164521753,26.39723649776271,3.851185333240958,-0.01523403909144605
TGO,2006,23.942,25.259677921779797,0.9823914432780927,23.334190692954735,27.18516515060486,3.8509744576501235,0.12210639890636088
TGO,2007,27.768,26.919973854420753,0.9823804221273603,24.994508227051128,28.84543948179038,3.8509312547392525,3.8812653703768625
TGO,2008,28.015,28.018902828123167,0.9823781642416923,26.09344162620945,29.944364030036883,3.850922403827434,2.003730406154567
TGO,2009,29.323,29.120415352776433,0.9823777016823485,27.19495505747903,31.045875648073835,3.850920590594806,2.2149316884652954
TGO,2010,30.572,30.087823135574308,0.982377606957947,28.16236302593673,32.01328324521188,3.850920219275152,2.2515276120789913
TGO,2011,30.858,30.73472087821841,0.9823775877416713,28.809260806244737,32.660180950192085,3.8509201439473513,1.3050920908528632
TGO,2012,30.168,31.300011672708955,0.9823775847305903,29.374551606637,33.22547173878091,3.850920132143914,-0.09928589423640943
TGO,2013,32.95,32.614659021244776,0.9823775886322716,30.689198947525522,34.54011909496403,3.850920147438505,2.737060965065883
TGO,2014,33.483,33.70732106138812,0.9823776114876106,31.781860942872406,35.63278117990384,3.8509202370314335,1.7718555255541553
TGO,2015,35.828,34.948476674181045,0.9823777238299713,33.0230163354743,36.87393701288779,3.8509206774134874,3.146981774481276
TGO,2016,35.779,35.60741517338102,0.9823782723565241,33.681953759562234,37.53287658719981,3.850922827637574,1.3753949304377144
TGO,2017,37.437,36.15276984875526,0.9823809498589523,34.227303187031715,38.07823651047881,3.850933323447093,2.280534767185685
TGO,2018,35.038,35.84800406694829,0.9823940192162932,33.92251178928436,37.77349634461223,3.8509845553278694,-1.3667785275068027
TGO,2019,35.774,36.079435809428766,0.9824578110181936,34.15381849983311,38.005053119024424,3.851234619191319,0.11736521111771481
TGO,2020,36.985,36.51305656740575,0.9827691328540441,34.58682906701182,38.439284067799676,3.852455000787853,1.2641221416935693
TGO,2021,37.135,36.634265436990425,0.9842873471602259,34.70506223655638,38.56346863742447,3.8584064008680854,0.7221701932753959
TGO,2022,36.825,36.424003584431155,0.9916647096519826,34.48034075351327,38.36766641534904,3.8873256618357717,0.016870517836629517
TGO,2023,36.988,35.94829456432096,1.0269147240712337,33.93554170514134,37.96104742350058,4.025505718359236,0.17063597688298415
TGO,2024,33.026,34.78433285098707,1.1840085404270924,32.46367611174997,37.10498959022417,4.641313478474202,-3.8847663082128463
THA,2000,52.56,52.695619268041156,0.649958524883452,51.42170055926959,53.969537976812724,2.5478374175431315,0.0
THA,2001,53.256,53.25306308623736,0.6177869964908217,52.04220057311535,54.46392559935937,2.421725026244021,0.695999999999998
THA,2002,54.238,53.7992489672686,0.6167544542392834,52.590410236959606,55.0080876975776,2.417677460617991,1.1027109843456202
THA,2003,52.81,52.66359058702747,0.616722154998083,51.45481516323123,53.87236601082371,2.4175508475924854,-1.2331685048094698
THA,2004,51.011,50.96670770214832,0.6167211454807567,49.757934257006035,52.175481147290604,2.4175468902845663,-2.0170064016544558
THA,2005,49.352,49.100041178250294,0.6167211139289761,47.8912677949495,50.30881456155109,2.4175467666015864,-2.0155840309217723
THA,2006,45.391,46.26755242984684,0.6167211129428474,45.058779048478854,47.47632581121482,2.4175467627359617,-4.317332771575579
THA,2007,46.745,46.795112009226486,0.6167211129120266,45.58633862791891,48.00388539053406,2.417546762615144,0.5907437151380464
THA,2008,47.69,47.514763660991065,0.6167211129110632,46.30599027968538,48.72353704229675,2.417546762611368,1.049436900610793
THA,2009,47.453,47.562689871350294,0.6167211129110333,46.35391649004467,48.77146325265592,2.4175467626112503,-0.051471259736288744
THA,2010,47.964,48.031085247335675,0.6167211129110323,46.82231186603005,49.2398586286413,2.4175467626112463,0.5019004553078759
THA,2011,48.831,48.75663543283834,0.6167211129110323,47.54786205153271,49.96540881414396,2.4175467626112463,0.9557304030922822
THA,2012,49.393,49.197127325157645,0.6167211129110323,47.98835394385202,50.40590070646327,2.4175467626112463,0.730962476557032
THA,2013,49.246,48.88678945401664,0.6167211129110323,47.67801607271102,50.09556283532227,2.4175467626112463,-0.017773986147417986
THA,2014,46.824,47.19950623054307,0.6167211129110324,45.990732849237446,48.4082796118487,2.417546762611247,-2.425142242527855
THA,2015,46.627,46.95163386151074,0.6167211129110337,45.74286048020512,48.16040724281637,2.417546762611252,-0.6257381022669151
THA,2016,47.967,47.94816562207683,0.616721112911082,46.73939224077111,49.15693900338255,2.4175467626114413,1.2293764820151765
THA,2017,49.088,48.87250042340727,0.6167211129126203,47.66372704209853,50.081273804716005,2.4175467626174716,1.3383400514937946
THA,2018,48.486,48.97077055671219,0.6167211129618451,47.76199717530697,50.179543938117405,2.417546762810433,-0.3653964046302107
THA,2019,51.452,50.927289487209876,0.6167211145368143,49.71851610271772,52.13606287170203,2.417546768984312,2.9014019907166286
THA,2020,50.806,50.872459614101224,0.6167211649289048,49.663686130840574,52.081233097361874,2.4175469665213067,-0.13306448570345708
THA,2021,51.547,51.07238633925439,0.6167227772519421,49.86360969584059,52.2811629826682,2.417553286827613,0.7174756829190514
THA,2022,48.852,49.45299823185392,0.6167743622714885,48.2441204818018,50.661875981906036,2.417755500104235,-2.5681583008521827
THA,2023,49.698,50.137389151446996,0.6184225846521132,48.925280885528856,51.349497417365136,2.424216531836284,0.3919782535969176
THA,2024,53.124,52.506070403591536,0.6690184400769312,51.19479426104075,53.817346546142325,2.6225522851015706,3.495297383728662
TJK,2000,26.953,27.03749931946089,0.6075712478341534,25.846659673705947,28.22833896521583,2.3816792915098812,0.0
TJK,2001,27.466,27.563318763626814,0.5875241930905392,26.411771345169356,28.714866182084272,2.3030948369149136,0.5130000000000017
TJK,2002,28.868,28.658797425308943,0.5871823467599633,27.507920025659416,29.80967482495847,2.301754799299056,1.4678181329229858
TJK,2003,28.397,28.529700572880785,0.587176615282544,27.378834406926998,29.68056673883457,2.3017323319075724,-0.2809970573507279
TJK,2004,29.149,29.177371752577464,0.5871765192151781,28.026505774915716,30.328237730239213,2.3017319553234983,0.715620707743053
TJK,2005,30.174,29.99111810391133,0.587176517604966,28.840252129405595,31.141984078417064,2.301731949011467,1.1176480861190399
TJK,2006,29.647,29.734358070441026,0.5871765175779767,28.58349209598819,30.88522404489386,2.301731948905669,-0.3823032921961875
TJK,2007,29.995,29.98895194444526,0.5871765175775242,28.838085969993315,31.139817918897208,2.3017319489038948,0.2985049679867906
TJK,2008,30.351,30.208143286949827,0.5871765175775169,29.057277312497895,31.35900926140176,2.301731948903866,0.3946460520962489
TJK,2009,29.453,29.591117230668225,0.5871765175775165,28.440251256216293,30.741983205120157,2.301731948903865,-0.8469070081755916
TJK,2010,29.864,29.782565826301425,0.5871765175775167,28.631699851849493,30.933431800753358,2.3017319489038655,0.3013548822675247
TJK,2011,29.612,29.497336277459844,0.5871765175775165,28.346470303007912,30.648202251911776,2.301731948903865,-0.2129849827354029
TJK,2012,28.384,28.540918110663775,0.5871765175775167,27.390052136211843,29.691784085115707,2.3017319489038655,-1.2555741767181487
TJK,2013,28.531,28.50302628764278,0.5871765175775165,27.352160313190847,29.65389226209471,2.301731948903865,-0.015553358396083183
TJK,2014,28.352,28.301389237097677,0.5871765175775167,27.150523262645745,29.45225521154961,2.3017319489038655,-0.18101362108945906
TJK,2015,27.555,27.803500091700727,0.5871765175775165,26.652634117248795,28.95436606615266,2.301731948903865,-0.8204349929849926
TJK,2016,28.361,28.76021602466032,0.587176517577517,27.609350050208388,29.911081999112252,2.3017319489038663,0.699782091151345
TJK,2017,32.445,32.05375868817724,0.5871765175775306,30.90289271372528,33.2046246626292,2.30173194890392,4.174597537900478
TJK,2018,33.108,33.057154916957046,0.5871765175783595,31.906288942503462,34.208020891410634,2.3017319489071695,1.2034657584719177
TJK,2019,33.874,33.76292744870899,0.5871765176278003,32.6120614741585,34.913793423259484,2.301731949100977,0.9218071234513943
TJK,2020,33.948,33.81853242491534,0.5871765205775138,32.66766644458341,34.96939840524727,2.301731960663854,0.19334208785825524
TJK,2021,33.747,33.11629384898548,0.5871766965612726,31.965427523725385,34.267160174245575,2.3017326505201883,-0.17596889766973334
TJK,2022,28.002,28.722191966536986,0.5871871958891722,27.57130506259421,29.873078870479763,2.301773807885555,-5.767781876069034
TJK,2023,27.928,28.543762137754833,0.5878132602913279,27.39164814758383,29.695876127925835,2.304227980342005,-0.8207279367768763
TJK,2024,32.555,31.96972024504051,0.6240295221930842,30.746622381542064,33.19281810853895,2.4461957269968897,4.5207441650788915
TKM,2000,20.021,19.96352524543398,0.5873817022519258,18.81225710902021,21.114793381847754,2.302536272827549,0.0
TKM,2001,19.839,19.825134324985896,0.5439232183517178,18.75904481701653,20.891223832955262,2.1321790159387337,-0.18200000000000216
TKM,2002,19.749,19.655881208846115,0.5410541566621053,18.595415061788387,20.716347355903842,2.1209322941154527,-0.13385342995880833
TKM,2003,19.283,19.27936444688725,0.5408719898438796,18.219255346793247,20.339473546981253,2.1202182001880083,-0.4995906208056837
TKM,2004,19.44,18.89475567703846,0.5408604538941539,17.834669187405918,19.954842166671003,2.1201729792650834,0.03131200361378461
TKM,2005,17.118,17.29654302725517,0.5408597234877027,16.23645796921927,18.356628085291067,2.1201701160717947,-2.3141212130448174
TKM,2006,15.693,16.095731141656273,0.540859677242016,15.035646174261922,17.155816109050626,2.1201699347887026,-2.0072895132261888
TKM,2007,15.801,15.791317541196394,0.5408596743139721,14.731232579541008,16.85140250285178,2.1201699233107707,-0.39708347230433283
TKM,2008,15.134,15.46535274051945,0.5408596741285833,14.405267779227426,16.525437701811473,2.1201699225840462,-0.7669159840911295
TKM,2009,15.98,15.87691230201674,0.5408596741168454,14.816827340747722,16.936997263285757,2.120169922538034,0.6530250443400423
TKM,2010,15.907,16.05901944195287,0.5408596741161021,14.99893448068531,17.11910440322043,2.1201699225351205,0.09131718938035327
TKM,2011,16.86,16.579491195347785,0.5408596741160552,15.519406234080318,17.639576156615252,2.120169922534936,0.9759776545804772
TKM,2012,16.729,16.475606931915856,0.5408596741160524,15.415521970648392,17.53569189318332,2.1201699225349255,0.11458002252809507
TKM,2013,15.151,15.807720811655575,0.5408596741160565,14.747635850388104,16.867805772923045,2.1201699225349415,-1.5491688434856457
TKM,2014,16.594,16.60156274888331,0.5408596741161225,15.54147778761571,17.66164771015091,2.1201699225352,1.0531909529408452
TKM,2015,17.612,17.412237839619007,0.5408596741171646,16.352152878349365,18.472322800888648,2.120169922539285,1.2830087906580054
TKM,2016,16.967,17.77828265601149,0.5408596741336255,16.718197694709584,18.8383676173134,2.1201699226038118,-0.3221633794741017
TKM,2017,20.862,19.950079018263832,0.5408596743936088,18.88999405645236,21.010163980075305,2.1201699236229468,3.8139357567587027
TKM,2018,19.982,20.09212322167204,0.5408596784998011,19.03203825181243,21.15220819153165,2.1201699397192204,0.07968019828093631
TKM,2019,20.759,20.47927950321463,0.5408597433532276,19.419194406242305,21.539364600186957,2.1201701939446522,0.7970495009256027
TKM,2020,19.873,20.24383438222987,0.5408607676508598,19.183747277634186,21.303921486825555,2.1201742091913705,-0.6854427090879831
TKM,2021,21.331,20.833791793898403,0.5408769452079708,19.77367298129078,21.893910606506026,2.1202376252152457,1.285525727510727
TKM,2022,19.909,20.317064032243756,0.5411323903123402,19.25644454723157,21.377683517255942,2.1212389700243732,-1.0985300561535425
TKM,2023,20.088,20.708604494461433,0.5451510304678193,19.64010847474451,21.777100514178358,2.1369920394338515,-0.0974172260213777
TKM,2024,23.278,22.48148537723093,0.6050923379447699,21.29550439485918,23.667466359602678,2.371961964743498,3.1654874259173056
TLS,2009,29.094,28.792038839889475,1.1644139457021527,26.509787506313256,31.074290173465695,4.564502667152438,0.0
TLS,2010,27.243,28.40518078868674,1.0469924495226184,26.353075587622406,30.45728598975107,4.104210402128664,-1.8510000000000026
TLS,2011,29.134,29.384967943421742,1.031297995776902,27.363623871699016,31.40631201514447,4.042688143445456,1.2927071109547867
TLS,2012,30.847,30.65987625319575,1.0293096431205355,28.6424293526795,32.677323153712,4.034893801032499,2.166151372469475
TLS,2013,31.084,31.71473982124235,1.0290596076201761,29.697782990306806,33.731696652177895,4.0339136618710905,1.0036741717526105
TLS,2014,34.108,33.511310326183796,1.0290281956473089,31.49441506271507,35.52820558965252,4.033790526937451,3.379660851781889
TLS,2015,34.881,34.60621454125744,1.0290242510339505,32.58932700923089,36.62310207328398,4.033775064053086,1.9707932481088477
TLS,2016,35.142,35.377989830515446,1.0290237652637089,33.361103250598575,37.39487641043232,4.033773159833738,0.9594865092652185
TLS,2017,35.925,36.42727303735693,1.0290237816840864,34.41038642525612,38.444159649457745,4.033773224201618,1.123061026699105
TLS,2018,38.405,38.06719502024574,1.0290244002383213,36.05030719577863,40.08408284471285,4.03377564893422,2.878035194985003
TLS,2019,39.562,39.309881426176915,1.0290293857691901,37.2929838300693,41.326779022284526,4.0337951922152255,2.1770330309172934
TLS,2020,40.69,40.256093614329515,1.0290690820597104,38.23911821349248,42.27306901516655,4.033950801674065,1.8995838969807295
TLS,2021,40.93,40.692061537928055,1.0293850477564097,38.674466844325494,42.709656231530616,4.035189387205126,0.9132503944250914
TLS,2022,41.021,40.84823008636546,1.0318969773327469,38.825712010793275,42.87074816193765,4.045036151144368,0.41467414215214404
TLS,2023,42.306,40.80123302021228,1.0516802889255352,38.73993965391823,42.86252638650633,4.122586732588098,1.431968781020359
TLS,2024,37.44,38.98473279327797,1.1975731161729664,36.63748948557895,41.33197610097699,4.694486615398028,-4.3584817228444095
TON,2009,33.087,33.42488201889427,1.9385170760083885,29.625388549917833,37.22437548787072,7.5989869379528825,0.0
TON,2010,34.607,34.78316969366515,1.84068502540644,31.175427043868527,38.39091234346177,7.215485299593245,1.519999999999996
TON,2011,36.959,36.80163836746795,1.8374424846118558,33.200251097628716,40.40302563730719,7.202774539678474,2.619624161547968
TON,2012,38.443,38.230407657608495,1.8373377930188344,34.62922558329158,41.83158973192541,7.202364148633831,1.954195858476396
TON,2013,39.076,38.8625051589377,1.8373344158285145,35.261329703913816,42.463680613961586,7.202350910047777,0.98397378311126
TON,2014,38.294,38.694548834161225,1.8373343068886319,35.0933735926595,42.295724075662946,7.202350483003436,-0.6052747037693607
TON,2015,39.971,40.02761532435455,1.837334303374508,36.42644008974052,43.62879055896858,7.2023504692280715,1.568290376320661
TON,2016,40.931,41.572842945190146,1.837334303261338,37.971667710797924,45.17401817958237,7.202350468784445,1.2416708827942173
TON,2017,46.567,45.52332261569228,1.8373343032634843,41.92214738129585,49.12449785008871,7.202350468792859,5.85900878664421
TON,2018,45.356,45.56270972592167,1.8373343034432612,41.96153449117288,49.163884960670465,7.202350469497584,-0.15869986267622238
TON,2019,44.649,46.37672401821317,1.8373343090200982,42.775548772533774,49.97789926389256,7.202350491358785,-0.7355030955523176
TON,2020,57.687,53.66523766771761,1.8373344819050812,50.06406208318365,57.266413252251574,7.202351169067918,12.905900862306844
TON,2021,43.493,45.88253776648652,1.837339841422199,42.281351677299014,49.48372385567403,7.20237217837502,-11.876051393972936
TON,2022,46.722,47.054428164436075,1.8375059815110915,43.452916440674336,50.655939888197814,7.203023447523479,1.0960162534593607
TON,2023,48.347,49.472064939857866,1.8426489812218017,45.860472936663136,53.083656943052596,7.223184006389462,1.8218486643430651
TON,2024,57.876,56.10578724349153,1.995520812237667,52.1945664515057,60.01700803547735,7.822441583971655,9.856210910494426
TTO,2000,61.204,60.58056050258422,0.5562489229229546,59.49031261365523,61.67080839151321,2.180495777857982,0.0
TTO,2001,56.934,57.36693281647775,0.5339565005527895,56.32037807539428,58.41348755756122,2.093109482166935,-4.270000000000003
TTO,2002,56.03,56.24394963395286,0.5334461437282559,55.19839519224548,57.28950407566024,2.0911088834147633,-1.5351104192126286
TTO,2003,56.17,56.15413513082241,0.5334346985414901,55.10860312168109,57.19966713996373,2.091064018282641,-0.08976476142941436
TTO,2004,55.783,55.98770873715422,0.5334344419960811,54.9421772308419,57.033240243466544,2.091063012624638,-0.400439137293759
TTO,2005,57.008,56.8098264775355,0.5334344362456427,55.76429498249404,57.85535797257696,2.091062990082919,1.1650478510977749
TTO,2006,56.759,56.67495881573231,0.5334344361167473,55.629427320943485,57.720490310521136,2.0910629895776496,-0.07457366257393971
TTO,2007,56.231,56.13425395869598,0.5334344361138581,55.088722463912816,57.17978545347914,2.0910629895663235,-0.5391648726359222
TTO,2008,55.021,55.126359801617475,0.5334344361137934,54.08082830683444,56.17189129640051,2.09106298956607,-1.2907216237663306
TTO,2009,54.706,54.62725103055356,0.5334344361137919,53.581719535770524,55.67278252533659,2.091062989566064,-0.5082417161962525
TTO,2010,53.674,53.74786131549616,0.5334344361137918,52.702329820713125,54.793392810279194,2.0910629895660637,-1.10809193157678
TTO,2011,53.161,53.225149928789236,0.5334344361137918,52.1796184340062,54.27068142357227,2.0910629895660637,-0.678899123884122
TTO,2012,53.11,53.012220316352725,0.5334344361137918,51.96668882156969,54.05775181113576,2.0910629895660637,-0.1526420809939566
TTO,2013,52.042,52.32710991650845,0.5334344361137918,51.28157842172541,53.37264141129148,2.0910629895660637,-1.0908529662414495
TTO,2014,52.997,53.01880316189121,0.5334344361137918,51.97327166710818,54.06433465667425,2.0910629895660637,0.7916818255518407
TTO,2015,53.846,53.815784477001316,0.5334344361137918,52.77025298221828,54.86131597178435,2.0910629895660637,0.9675274592398964
TTO,2016,54.604,54.46685419872848,0.5334344361137944,53.42132270394544,55.51238569351151,2.091062989566074,0.9028543692519548
TTO,2017,54.549,54.45564306600272,0.5334344361139054,53.41011157121947,55.50117456078598,2.091062989566509,0.08017177102870221
TTO,2018,53.987,53.99360872583214,0.5334344361188564,52.94807723103918,55.0391402206251,2.091062989585917,-0.5499970007948889
TTO,2019,53.229,53.56348810485947,0.5334344363397366,52.517956609633586,54.60901960008536,2.0910629904517677,-0.8403433669812301
TTO,2020,54.899,54.74861976165861,0.5334344461939129,53.703088247118544,55.794151276198676,2.0910630290801384,1.5441871280069321
TTO,2021,55.126,55.20756110261723,0.5334348858200888,54.16202872640985,56.2530934788246,2.091064752414748,0.45818956500743724
TTO,2022,56.019,56.06036325616111,0.5334544985830958,55.014792438938244,57.10593407338398,2.0911416344457354,0.9615983222523923
TTO,2023,58.067,57.112909713791254,0.5343287542771475,56.065625355408045,58.16019407217446,2.0945687167664184,2.1919666824061323
TTO,2024,52.822,53.558127881986096,0.5719740708349778,52.43705870314954,54.67919706082265,2.2421383576731126,-4.916827452369489
TUN,2000,44.793,45.26074143947535,0.8495278559722211,43.5956668417698,46.92581603718091,3.330149195411107,0.0
TUN,2001,45.689,45.71265151800952,0.7561181159777102,44.230660010693214,47.19464302532583,2.963983014632624,0.8960000000000008
TUN,2002,46.985,46.18548989785089,0.739842592704827,44.73539841614943,47.635581379552356,2.900182963402922,1.6159177183641447
TUN,2003,45.997,45.95087312368469,0.7371665986792217,44.506026590273414,47.39571965709596,2.889693066822549,-0.3487439412597908
TUN,2004,45.627,45.67544048452838,0.7367312731509902,44.23144718915244,47.11943377990432,2.8879865907518814,-0.5100993638043079
TUN,2005,45.077,45.44287093159214,0.7366605801443088,43.999016194509295,46.886725668674984,2.8877094741656903,-0.7554255279070077
TUN,2006,45.932,45.53404622635782,0.7366491035279535,44.090213983443036,46.97787846927261,2.887664485829578,0.5506560567420635
TUN,2007,44.865,45.27308782392174,0.7366472404501777,43.829259232639394,46.71691641520409,2.8876571825646966,-0.8451386950457973
TUN,2008,45.043,45.37323034259364,0.736646938006317,43.929402344101256,46.81705834108602,2.8876559969847624,-0.16251299961597
TUN,2009,44.93,45.765580748632516,0.7366468889091387,44.32175284637061,47.209408650894424,2.8876558045238236,-0.17847787217883138
TUN,2010,45.668,46.897303810026955,0.7366468809399974,45.45347592338456,48.34113169666935,2.8876557732847896,0.6660897247137356
TUN,2011,50.534,49.116789632525986,0.7366468796529047,47.672961748406294,50.56061751664568,2.887655768239386,5.134373311714697
TUN,2012,50.123,50.08224154590066,0.7366468794845022,48.638413662111034,51.52606942969028,2.8876557675792487,1.6576834343526698
TUN,2013,50.7,51.01162790069833,0.7366468797068843,49.56780001647284,52.45545578492382,2.887655768450986,1.2448950002111587
TUN,2014,52.956,52.21676157111964,0.7366468812812799,50.77293368380833,53.66058945843095,2.887655774622617,2.757578968190394
TUN,2015,53.089,52.767772128967266,0.7366468910128906,51.323944222582,54.21160003535253,2.887655812770531,1.2440524288209645
TUN,2016,53.308,53.0345407336962,0.7366469509658415,51.59071270980315,54.478368757589244,2.887656047786099,0.7202394889043617
TUN,2017,52.801,53.059335951425105,0.7366473202819709,51.61550720367244,54.503164699177766,2.887657495505326,-0.21680927737136813
TUN,2018,53.525,53.31272252754945,0.7366495952973292,51.868889320766684,54.75655573433221,2.8876664135655306,0.63664566600103
TUN,2019,53.362,53.37827308814233,0.7366636094337848,51.93441241365211,54.82213376263255,2.8877213489804365,0.09351004800680585
TUN,2020,53.967,53.45822306663746,0.7367499318476718,52.01419320021602,54.9022529330589,2.888059732842873,0.642676007525516
TUN,2021,52.987,53.08797627741198,0.7372814624942515,51.64290461092325,54.53304794390071,2.8901433329774657,-0.7210602752097799
TUN,2022,53.185,52.80707943848181,0.7405473237554554,51.35560668392112,54.2585521930425,2.902945509121385,-0.09252142453375001
TUN,2023,51.83,52.19177550659206,0.7603560220513488,50.70147770337142,53.6820733098127,2.980595606441287,-1.392277682573237
TUN,2024,51.563,51.89659254133461,0.8725173073807735,50.18645861886829,53.60672646380093,3.420267844932632,-0.8279607262999562
TUR,2000,53.908,53.97334659324738,0.6123258131567803,52.77318799946009,55.173505187034664,2.4003171875745783,0.0
TUR,2001,54.535,54.17338143809117,0.5738687846015511,53.04859862027213,55.29816425591021,2.2495656356380804,0.6269999999999953
TUR,2002,53.085,53.34643567753395,0.5720066150403957,52.22530271205477,54.467568643013124,2.2422659309583515,-1.3184900719210475
TUR,2003,53.037,53.2619555939873,0.571919361381071,52.1409936456804,54.3829175422942,2.241923896613798,-0.33275811229609076
TUR,2004,53.889,53.816339375398115,0.5719152796604109,52.69538542726371,54.93729332353252,2.2419078962688106,0.7800364689752541
TUR,2005,54.001,54.16437022003331,0.5719150887323093,53.04341664611798,55.28532379394864,2.2419071478306525,0.2807042577095231
TUR,2006,54.98,54.97636521127835,0.5719150798014163,53.855411654867574,56.097318767689124,2.241907112821552,1.0397101650663885
TUR,2007,55.835,55.77803756448689,0.571915079383663,54.657084008894905,56.89899112007887,2.2419071111839592,1.0798665016556228
TUR,2008,56.364,56.41793913856401,0.5719150793641222,55.296985583010326,57.53889269411769,2.241907111107359,0.7625514378955529
TUR,2009,57.101,57.211025463127605,0.5719150793632081,56.09007190757572,58.33197901867949,2.2419071111037754,0.9019231498249312
TUR,2010,58.627,58.31657920124393,0.5719150793631654,57.195625645692125,59.43753275679574,2.2419071111036084,1.7210661940678378
TUR,2011,58.825,58.540551700408415,0.5719150793631633,57.419598144856614,59.661505255960215,2.2419071111036004,0.5702288670393045
TUR,2012,57.849,57.95670370115082,0.5719150793631632,56.83575014559902,59.07765725670262,2.2419071111036,-0.8526720037481752
TUR,2013,57.469,57.678729414868414,0.5719150793631634,56.557775859316614,58.799682970420214,2.2419071111036004,-0.564414251471149
TUR,2014,58.127,57.996377323185264,0.5719150793631663,56.87542376763346,59.11733087873707,2.241907111103612,0.5359295775548389
TUR,2015,58.467,57.94306264870163,0.5719150793632296,56.8221090931497,59.064016204253555,2.24190711110386,0.4559098122743279
TUR,2016,56.015,56.40178923839326,0.5719150793645807,55.280835682838685,57.52274279394784,2.2419071111091564,-2.3533967077617888
TUR,2017,55.842,55.958980033326284,0.5719150793934665,54.83802647771509,57.07993358893748,2.241907111222389,-0.6819880872935755
TUR,2018,55.813,55.84838891134419,0.5719150800109972,54.72743535452263,56.96934246816574,2.241907113643109,-0.17649906420948724
TUR,2019,55.678,55.83830072097295,0.571915093212813,54.71734713827584,56.959254303670065,2.2419071653942266,-0.17317287616864974
TUR,2020,56.381,56.28345943662899,0.5719153754463364,55.16250530075417,57.404413572503806,2.241908271749639,0.665546505346299
TUR,2021,57.388,56.4516072978279,0.5719214091120789,55.330641335968224,57.57257325968757,2.241931923719349,1.15094311067228
TUR,2022,53.657,53.96044160196372,0.5720503839637557,52.83922284939476,55.08166035453269,2.2424375051379224,-3.482076250530689
TUR,2023,52.587,52.33103653709043,0.574800736453902,51.20442709364078,53.45764598054007,2.2532188868992957,-1.8230967153657573
TUR,2024,49.145,49.97470664094784,0.6307365304944809,48.73846304117866,51.210950240717025,2.472487199538365,-3.8362958308069253
TUV,2013,24.538,24.728588922652733,2.673531838439704,19.48846651931091,29.968711325994555,10.48024480668364,0.0
TUV,2014,26.596,26.412486318097585,2.6147940785321944,21.287489924174483,31.537482712020687,10.249992787846201,2.058
TUV,2015,26.7,26.55866348882163,2.6142321849658696,21.434768406288526,31.682558571354733,10.247790165066208,0.303269527730361
TUV,2016,25.325,25.5205365276825,2.6142268695106763,20.396651863441573,30.644421191923424,10.247769328481851,-1.3455062319378825
TUV,2017,26.194,26.120873086930594,2.6142268192324227,20.996988521235046,31.24475765262614,10.247769131391097,0.7381405209793712
TUV,2018,26.156,26.108455697631012,2.614226818756937,20.984571132867416,31.232340262394608,10.247769129527192,0.03378913004467776
TUV,2019,25.515,25.697649291419257,2.6142268187619733,20.57376472664579,30.821533856192723,10.247769129546935,-0.63771377984148
TUV,2020,26.96,26.8173201037708,2.6142268197699363,21.693435537021728,31.941204670519873,10.24776913349815,1.3829780457211172
TUV,2021,26.562,26.741430128402055,2.6142269263370697,21.6175453527814,31.86531490402271,10.247769551241312,-0.26349608330281526
TUV,2022,28.027,28.169042968233768,2.614238192682296,23.04513611057647,33.29294982589107,10.247813715314601,1.439373233654539
TUV,2023,28.069,30.786879571046732,2.6154290066693755,25.660638717974756,35.91312042411871,10.252481706143952,0.18198872803123578
TUV,2024,59.209,56.17870414809935,2.7384031864713325,50.81143390261554,61.54597439358316,10.734540490967623,31.157699627836234
TWN,2013,75.228,75.41820210801623,0.9216649201064188,73.61173886460764,77.22466535142482,3.6129264868171616,0.0
TWN,2014,75.566,75.85003623036143,0.8509662004326953,74.18214247751334,77.51792998320951,3.3357875056961657,0.33800000000000807
TWN,2015,76.4,76.87750691020199,0.8459482511082305,75.21944833802985,78.53556548237412,3.3161171443442634,0.9180651479381368
TWN,2016,78.831,78.90633073365748,0.8456062271944125,77.24894252835644,80.56371893895853,3.314776410602097,2.669561907834037
TWN,2017,82.081,81.09312644264406,0.845582984108212,79.43578379379197,82.75046909149616,3.314685297704191,3.9457072616848023
TWN,2018,81.213,81.20830754036977,0.8455814148973396,79.55096796717099,82.86564711356856,3.3146791463975713,0.16048221936299
TWN,2019,81.149,81.31364834238119,0.845581456330439,79.65630868797352,82.97098799678885,3.314679308815321,-0.022168383299828065
TWN,2020,81.416,81.76426401206865,0.8455836381602201,80.10692008127462,83.42160794286268,3.314687861588063,0.2612215395678277
TWN,2021,82.85,82.94520474269692,0.845615856109486,81.28779766472232,84.60261182067151,3.314814155949185,1.5020905956507846
TWN,2022,84.369,84.32579403620416,0.8460898996705591,82.66745783284986,85.98413023955845,3.3166724067085918,1.9105383240487015
TWN,2023,86.793,85.61577850966478,0.8530363217158575,83.9438273191017,87.28772970022786,3.3439023811261612,2.9220052307149302
TWN,2024,83.875,84.4370773685452,0.9494120501205832,82.57622975030885,86.29792498678155,3.721695236472686,-2.1563435229831924
TZA,2000,34.212,33.95514531968003,0.3916772772778143,33.18745785621551,34.72283278314455,1.535374926929032,0.0
TZA,2001,32.285,33.03640373086564,0.3698739146291455,32.311450858192515,33.76135660353877,1.4499057453462503,-1.9270000000000067
TZA,2002,35.341,34.617759449528556,0.36902081473641185,33.89447865264519,35.34104024641192,1.4465615937667344,2.6894717027230968
TZA,2003,33.583,33.79272339953605,0.36898838969397124,33.069506155735866,34.515940643336236,1.4464344876003672,-1.234453859484404
TZA,2004,33.802,33.66548652854286,0.36898715868778703,32.9422716975148,34.388701359570916,1.4464296620561252,-0.021513759461043946
TZA,2005,32.621,33.08403716377993,0.36898711195508815,32.36082242434796,33.807251903211906,1.4464294788639456,-1.1851917529800033
TZA,2006,33.912,34.043221574011035,0.36898711018097735,33.32000683805632,34.76643630996575,1.4464294719094313,1.0600762841830473
TZA,2007,35.719,35.439011087985755,0.36898711011362684,34.715796352163046,36.16222582380846,1.4464294716454171,2.0135461269034636
TZA,2008,35.912,35.90321150239093,0.36898711011107005,35.17999676657323,36.62642623820863,1.4464294716353945,0.5853209686022893
TZA,2009,36.239,36.33817051393019,0.36898711011097296,35.61495577811268,37.061385249747694,1.446429471635014,0.4410444146239314
TZA,2010,37.391,37.1030931983572,0.36898711011096924,36.3798784625397,37.8263079341747,1.4464294716349995,1.2379334532456312
TZA,2011,36.888,36.910082098289514,0.36898711011096913,36.186867362472015,37.633296834107014,1.446429471634999,-0.26180003691600007
TZA,2012,36.655,36.79054334365917,0.36898711011096913,36.06732860784167,37.513758079476666,1.446429471634999,-0.2840093325888944
TZA,2013,37.158,37.12198923896977,0.36898711011096913,36.39877450315227,37.84520397478727,1.446429471634999,0.447663390139148
TZA,2014,37.576,37.33361884512222,0.36898711011096935,36.61040410930472,38.05683358093972,1.446429471635,0.505223099830225
TZA,2015,36.814,36.73878922329737,0.36898711011097496,36.01557448747985,37.46200395911488,1.446429471635022,-0.6635619194159901
TZA,2016,35.794,35.893715621301006,0.3689871101111242,35.1705008854832,36.61693035711881,1.4464294716356068,-1.1492889452558757
TZA,2017,35.284,35.38041939288898,0.368987110115054,34.657204657063474,36.10363412871449,1.4464294716510115,-0.733928394892132
TZA,2018,35.238,35.18793320926157,0.3689871102185711,34.46471847323318,35.91114794528997,1.4464294720567987,-0.18899920669415593
TZA,2019,34.507,34.8288630128359,0.368987112945365,34.10564827146299,35.55207775420882,1.4464294827458308,-0.767824759487695
TZA,2020,35.658,35.540706918527576,0.3689871847731369,34.81749203637223,36.26392180068292,1.4464297643106967,1.0013963979987395
TZA,2021,35.936,35.86228909789391,0.3689890768177104,35.1390705073312,36.585507688456616,1.4464371811254249,0.47311289043565097
TZA,2022,35.795,35.93861773336999,0.36903891257333044,35.21530146472626,36.661934002013716,1.4466325372874553,-0.048818298787821846
TZA,2023,36.55,36.49279641637063,0.37034924507693906,35.76691189601983,37.218680936721434,1.451769040701601,0.7454882028718259
TZA,2024,36.966,36.85664529458699,0.40333528759228204,36.066108130906116,37.647182458267864,1.5810743273617456,0.5612515291034512
UGA,2000,31.588,31.576871531177844,0.3392512923600086,30.911938998152227,32.241804064203464,1.3298650660512337,0.0
UGA,2001,31.22,31.50289586017511,0.3288369954126159,30.85837534916638,32.14741637118384,1.2890410220174544,-0.3680000000000021
UGA,2002,33.525,33.20051119822502,0.3286772734164189,32.55630374232884,33.8447186541212,1.288414911792362,2.26014609459223
UGA,2003,32.762,32.86606624593709,0.328674861968262,32.221863516479296,33.51026897539489,1.288405458915587,-0.4853563874239768
UGA,2004,33.35,33.183319856978756,0.3286748255695812,32.53911719886238,33.82752251509513,1.2884053162327584,0.5283702464155837
UGA,2005,32.369,32.45676518259244,0.32867482502017725,31.812562525552895,33.10096783963199,1.2884053140790948,-0.9160855487758681
UGA,2006,32.196,32.279826215881656,0.32867482501188455,31.635623558858363,32.92402887290495,1.2884053140465874,-0.28554833645598876
UGA,2007,32.669,32.6278357948545,0.32867482501175943,31.98363313783145,33.27203845187755,1.288405314046097,0.4379181342268268
UGA,2008,32.691,32.718060987426554,0.32867482501175754,32.07385833040351,33.3622636444496,1.2884053140460896,0.07580169744762344
UGA,2009,32.963,32.97775137468648,0.3286748250117576,32.33354871766343,33.62195403170952,1.2884053140460898,0.28131283651747907
UGA,2010,33.421,33.3298199351355,0.3286748250117576,32.68561727811245,33.97402259215854,1.2884053140460898,0.4925615011928386
UGA,2011,33.17,33.110887622617376,0.3286748250117576,32.46668496559433,33.75509027964042,1.2884053140460898,-0.19048493384884324
UGA,2012,32.666,32.52177330662289,0.3286748250117576,31.877570649599846,33.165975963645934,1.2884053140460898,-0.5274025768249189
UGA,2013,30.817,31.029461916291172,0.3286748250117576,30.38525925926813,31.673664573314216,1.2884053140460898,-1.9137955671475666
UGA,2014,30.889,30.867659994830955,0.3286748250117576,30.22345733780791,31.511862651854,1.2884053140460898,-0.16312488301511507
UGA,2015,30.555,30.572219633885595,0.3286748250117576,29.92801697686255,31.21642229090864,1.2884053140460898,-0.3540411787414399
UGA,2016,29.886,30.384614532713968,0.3286748250117576,29.740411875690924,31.028817189737012,1.2884053140460898,-0.7124967517759409
UGA,2017,33.765,33.31950483530071,0.3286748250117612,32.67530217827766,33.96370749232376,1.2884053140461038,3.791464153284849
UGA,2018,33.55,33.464551455236325,0.3286748250119963,32.82034879821281,34.10875411225984,1.2884053140470255,0.25081128141381726
UGA,2019,33.035,33.074489949000544,0.3286748250275762,32.43028729194649,33.718692606054596,1.2884053141080987,-0.48418585547295834
UGA,2020,32.796,32.931728062328006,0.32867482605976384,32.28752540325087,33.57593072140514,1.2884053181542743,-0.2984860520004915
UGA,2021,33.752,33.638941904347966,0.3286748944434475,32.99473911123881,34.283144697457125,1.2884055862183141,0.9193286338086466
UGA,2022,33.571,33.63814713276084,0.3286794249144706,32.99393545992848,34.282358805593205,1.2884233456647247,-0.06805322491739929
UGA,2023,34.037,34.05785076157147,0.32897943517370803,33.413051068631006,34.70265045451194,1.2895993858809354,0.45763912445917754
UGA,2024,34.696,34.608129018476916,0.3482802420832787,33.92549974399369,35.29075829296014,1.3652585489664524,0.7152245766730374
UKR,2000,44.537,44.494876557428015,0.5844686177241896,43.3493180666886,45.640435048167426,2.2911169814788233,0.0
UKR,2001,44.573,44.389894170840236,0.5421620256496194,43.32725660056698,45.45253174111349,2.125275140546508,0.036000000000001364
UKR,2002,43.67,43.862864288111105,0.5394867849246974,42.8054701896587,44.92025838656351,2.1147881969048137,-0.8944889139239223
UKR,2003,43.31,43.78037453971792,0.53932394404917,42.72329960938155,44.83744947005429,2.1141498606727462,-0.5798561765785308
UKR,2004,44.774,44.78206871735024,0.539314056412242,43.72501316678225,45.83912426791824,2.1141111011359883,1.3211482970430666
UKR,2005,46.376,45.802360784358186,0.5393134561289228,44.7453064103455,46.85941515837087,2.114108748025377,1.9275198047404771
UKR,2006,45.315,45.50045029909849,0.539313419685759,44.443395996514404,46.557504601682574,2.114108605168175,-0.5860713363637728
UKR,2007,45.58,45.6259911667113,0.5393134174732979,44.56893686846364,46.683045464958965,2.1141085964953277,0.12059566273104849
UKR,2008,46.133,45.857538800161095,0.5393134173389795,44.800484502176694,46.914593098145495,2.1141085959687995,0.5827140232227066
UKR,2009,45.734,45.454165578225854,0.5393134173308252,44.397111280257434,46.511219876194275,2.1141085959368344,-0.2554228790737909
UKR,2010,44.151,44.405791497574675,0.53931341733033,43.34873719960723,45.46284579554212,2.1141085959348938,-1.645934613101474
UKR,2011,43.717,43.94469589998953,0.5393134173302999,42.88764160202214,45.00175019795692,2.1141085959347756,-0.839548079491621
UKR,2012,43.87,44.008425125913355,0.5393134173302983,42.95137082794597,45.06547942388074,2.114108595934769,-0.053859439353594496
UKR,2013,44.132,44.39121561855311,0.5393134173303008,43.33416132058572,45.4482699165205,2.114108595934779,0.2487293682151801
UKR,2014,45.813,45.37148191670435,0.5393134173303432,44.31442761873687,46.42853621467182,2.1141085959349453,1.7422853735439787
UKR,2015,44.951,45.33407661799191,0.5393134173310424,44.27702232002307,46.39113091596075,2.114108595937686,-0.43271169076638927
UKR,2016,45.87,46.179638989919376,0.5393134173425589,45.12258469192796,47.23669328791079,2.114108595982831,0.8123825233596023
UKR,2017,48.062,47.738899888010025,0.5393134175322546,46.681845589646805,48.795954186373244,2.114108596726438,2.3921660148214414
UKR,2018,48.379,48.5534352145877,0.5393134206568801,47.496380910100214,49.61048951907519,2.1141086089749703,0.906414868254295
UKR,2019,50.08,49.77003281244013,0.5393134721250148,48.7129784070751,50.82708721780516,2.114108810730058,1.924335001352624
UKR,2020,50.404,50.272175409073135,0.5393143198959525,49.21511934207707,51.329231476069204,2.114112133992134,0.7981442083333263
UKR,2021,51.505,50.47047055974636,0.5393282839981678,49.41338712310995,51.52755399638277,2.1141668732728176,1.297657782314424
UKR,2022,47.69,48.284239985885684,0.5395582455743589,47.22670582455994,49.341774147211424,2.115068322651487,-3.4952651713705976
UKR,2023,46.979,47.4676954526114,0.5433321162846906,46.40276450469341,48.532626400529395,2.129861895835987,-1.5722116582765722
UKR,2024,47.912,47.77756340492955,0.6021003290790594,46.5974467599346,48.957680049924505,2.360233289989913,0.5456167992984717
URY,2000,54.98,54.89595803228758,0.7250474006283318,53.47486512705605,56.31705093751911,2.842185810463061,0.0
URY,2001,54.523,54.777009570350494,0.6546484007147216,53.493898704949636,56.06012043575135,2.5662217308017086,-0.45699999999999363
URY,2002,54.409,54.988344628728875,0.646141905053829,53.72190649482337,56.25478276263438,2.5328762678110093,-0.25597039973249025
URY,2003,56.428,55.95298982100655,0.6451657104371492,54.688465028549736,57.21751461346336,2.5290495849136247,1.9333803607535387
URY,2004,56.556,56.2999888596879,0.6450544065182263,55.03568222291218,57.56429549646362,2.5286132735514473,0.7798940074988892
URY,2005,55.744,56.31410177700942,0.6450417253186952,55.04981999538478,57.57838355863406,2.528563563249285,-0.5487980764579206
URY,2006,57.847,57.069506534590964,0.645040280633456,55.80522758454939,58.333785484632536,2.5285579000831473,1.9177701867379966
URY,2007,56.417,56.813952223097935,0.6450401160516129,55.549673595636776,58.078230850559095,2.5285572549223225,-0.7827083892246876
URY,2008,56.463,57.074546879775404,0.6450400973020941,55.8102682890633,58.33882547048751,2.5285571814242087,-0.21818246370556693
URY,2009,58.463,58.13032360778764,0.6450400951661094,56.86604502126206,59.394602194313215,2.5285571730511487,1.9263582831238182
URY,2010,58.705,58.75352793392488,0.6450400949227793,57.48924934787623,60.017806519973526,2.528557172097295,0.8921912726852668
URY,2011,59.404,59.43983215361428,0.6450400948951105,58.175553567619865,60.7041107396087,2.528557171988833,1.000135559930328
URY,2012,60.612,60.172728199823766,0.6450400948924133,58.908449613834634,61.4370067858129,2.5285571719782602,1.5455692983493847
URY,2013,60.022,60.33444798548005,0.6450400948960996,59.07016939948369,61.598726571476405,2.5285571719927105,-0.0683339734026589
URY,2014,61.118,60.902437583795084,0.6450400949315737,59.6381589977292,62.16671616986097,2.5285571721317686,1.0729356751426522
URY,2015,61.243,61.190135720754434,0.6450400952433187,59.92585713407753,62.454414307431335,2.5285571733538093,0.4871410512267431
URY,2016,61.513,61.409095501816104,0.6450400979798332,60.14481690977563,62.67337409385658,2.528557184080946,0.4344215738874553
URY,2017,61.316,61.49295035990406,0.6450401220007549,60.22867172078258,62.757228999025536,2.528557278242959,-0.05037249092563201
URY,2018,62.042,61.806890201441874,0.6450403328545621,60.542611149046934,63.071169253836814,2.5285581047898833,0.7089980983582294
URY,2019,61.581,61.81512151466996,0.6450421837104665,60.55083883459745,63.07940419474247,2.528565360145029,-0.22169644937186916
URY,2020,61.866,62.127776310604176,0.6450584301565,60.863461787497435,63.39209083371092,2.5286290462134797,0.21017222878426622
URY,2021,62.99,62.780813562531044,0.6452010226818147,61.51621955807469,64.04540756698741,2.5291880089127137,1.1949380754447247
URY,2022,64.003,63.16184990963309,0.6464513393569891,61.894805284493394,64.4288945347728,2.534089250279397,1.4163197337155395
URY,2023,63.92,62.4491557623419,0.6573244699163433,61.16079980130587,63.737511723377935,2.576711922072066,0.39504125552331715
URY,2024,57.805,59.823952523447936,0.7459975967491004,58.3617972338197,61.28610781307617,2.9243105792564736,-5.981664275531585
USA,2000,77.093,77.11296290132354,0.17841201362953057,76.76327535460966,77.46265044803742,0.6993750934277598,0.0
USA,2001,77.095,77.24129140301513,0.17272928325436696,76.90274200783657,77.57984079819369,0.6770987903571185,0.001999999999995339
USA,2002,78.469,78.25488035882663,0.1726372930613202,77.91651126442643,78.59324945322682,0.6767381888003752,1.3742502282260176
USA,2003,77.941,77.97275646429695,0.17263582804676006,77.6343902413253,78.3111226872686,0.6767324459432994,-0.35462006525790457
USA,2004,77.845,77.88280204401767,0.17263580472148954,77.54443586676355,78.22116822127178,0.676732354508239,-0.14074595827231917
USA,2005,77.955,78.02160101569451,0.17263580435011716,77.68323483916828,78.35996719222075,0.6767323530524593,0.09224063817754313
USA,2006,78.568,78.56342603116757,0.17263580434420442,78.22505985465293,78.9017922076822,0.6767323530292814,0.6246389482383989
USA,2007,79.178,79.07757236120679,0.17263580434411027,78.73920618469234,79.41593853772125,0.6767323530289122,0.688817108530003
USA,2008,79.008,78.98399591812391,0.17263580434410875,78.64562974160945,79.32236209463836,0.6767323530289062,-0.08308487414385013
USA,2009,78.798,78.74516237869506,0.17263580434410872,78.4067962021806,79.08352855520951,0.6767323530289061,-0.22048367150514991
USA,2010,78.094,78.18658990952062,0.17263580434410872,77.84822373300617,78.52495608603508,0.6767323530289061,-0.7318206882796545
USA,2011,78.284,78.18831137190874,0.17263580434410872,77.84994519539428,78.5266775484232,0.6767323530289061,0.09765867101978642
USA,2012,77.541,77.61098747269465,0.17263580434410872,77.27262129618019,77.9493536492091,0.6767323530289061,-0.7306774029310361
USA,2013,77.481,77.45718225320753,0.17263580434410872,77.11881607669308,77.79554842972199,0.6767323530289061,-0.1521970689310308
USA,2014,77.088,77.15924751614764,0.17263580434410872,76.82088133963319,77.4976136926621,0.6767323530289061,-0.4122042666148502
USA,2015,77.299,77.29245642252704,0.17263580434410872,76.95409024601258,77.6308225990415,0.6767323530289061,0.15898795606611316
USA,2016,77.377,77.38606785259614,0.17263580434410877,77.04770167608169,77.7244340291106,0.6767323530289063,0.09806114255870568
USA,2017,77.556,77.53455203076734,0.17263580434411155,77.19618585425289,77.8729182072818,0.6767323530289172,0.19137338103473667
USA,2018,77.449,77.55324704435664,0.17263580434428613,77.21488086784184,77.89161322087143,0.6767323530296017,-0.08285245591002877
USA,2019,78.36,78.20277739020591,0.17263580435525183,77.86441121366961,78.5411435667422,0.6767323530725872,0.900545655089374
USA,2020,77.918,77.90089872584942,0.1726358050439891,77.5625325479632,78.23926490373563,0.6767323557724373,-0.32836890985713296
USA,2021,77.26,77.49553426937833,0.1726358483024086,77.1571680067056,77.83390053205105,0.6767325253454417,-0.6994336763330296
USA,2022,78.72,78.51547006960857,0.1726385652690122,78.1770984816813,78.85384165753584,0.6767431758545278,1.371745272796332
USA,2023,78.221,78.29772371403415,0.17280912775754292,77.95901782362937,78.63642960443893,0.6774117808095682,-0.3259128168402583
USA,2024,78.585,78.54425939094943,0.18320394827685166,78.18517965232681,78.90333912957206,0.7181594772452585,0.3228762341367144
UZB,2000,29.138,29.29173196021824,1.0662349508632887,27.201911456526194,31.381552463910285,4.179641007384092,0.0
UZB,2001,29.48,29.540036425942652,0.9683816664721009,27.642008359657336,31.43806449222797,3.7960561325706355,0.34199999999999875
UZB,2002,30.033,29.877544027651467,0.9580999594893548,27.999668107052333,31.7554199482506,3.7557518411982707,0.6534191170940389
UZB,2003,29.98,29.98407251920739,0.9570710086065912,28.108213342338473,31.85993169607631,3.7517183537378376,0.15169281289165681
UZB,2004,30.485,30.096652028607096,0.9569685795017098,28.220993612783744,31.97231044443045,3.7513168316467023,0.552814119156718
UZB,2005,28.906,29.632217560950302,0.9569583884024534,27.756579119681493,31.50785600221911,3.751276882537617,-1.4046444208366253
UZB,2006,30.61,30.246809414840197,0.9569573745011677,28.37117296081791,32.122445868862485,3.7512729080445775,1.2609532748381582
UZB,2007,30.511,30.321766561174194,0.9569572736297728,28.44613030485984,32.19740281748855,3.7512725126287094,0.29872670612749275
UZB,2008,30.592,30.115557466991167,0.9569572635942466,28.239921230346443,31.99119370363589,3.7512724732894465,0.17522368198840965
UZB,2009,29.276,29.20144200774009,0.956957262595829,27.325805773052267,31.077078242427916,3.7512724693756496,-1.2607313509690101
UZB,2010,28.233,28.17654702392775,0.9569572624964994,26.30091078943461,30.05218325842089,3.7512724689862775,-1.4406569729814436
UZB,2011,26.711,27.067773254491033,0.9569572624866298,25.19213702001724,28.94340948896483,3.751272468947589,-1.9764086976814106
UZB,2012,26.035,26.4890992142814,0.9569572624857744,24.61346297980928,28.364735448753517,3.7512724689442356,-1.2993942703195742
UZB,2013,26.328,26.58513345868295,0.956957262486961,24.709497224208505,28.460769693157395,3.751272468948887,-0.11685194203928617
UZB,2014,27.08,27.063220940279948,0.9569572624998623,25.187584705780218,28.938857174779677,3.7512724689994603,0.7151428301095137
UZB,2015,27.009,27.516377811461727,0.9569572626296352,25.64074157670764,29.392014046215813,3.75127246950817,0.15456870108712906
UZB,2016,27.668,28.72340520709013,0.9569572639340469,26.8477689697794,30.599041444400864,3.7512724746214636,0.7077537029877057
UZB,2017,32.254,31.498571490543668,0.9569572770452528,29.622935227534974,33.37420775355236,3.7512725260173907,4.809238039662784
UZB,2018,32.87,33.15130933163964,0.9569574088316268,31.27567281032965,35.02694585294962,3.751273042619977,2.1329187638494886
UZB,2019,35.314,35.222021330422834,0.9569587334722773,33.34638221281717,37.0976604480285,3.751278235211327,3.116760314204953
UZB,2020,37.782,37.15606986796346,0.9569720479046773,35.280404654070296,39.031735081856624,3.7513304277863346,3.451081345536892
UZB,2021,39.545,38.16010084019925,0.9571058667173425,36.28417334143326,40.03602833896524,3.7518549975319826,2.851532113703179
UZB,2022,36.037,37.106425242853504,0.9584498995712142,35.22786343969393,38.98498704601308,3.7571236063191593,-2.608576321379381
UZB,2023,36.402,37.641719739339415,0.9718561219624892,35.73688174029294,39.54655773838589,3.8096759980929575,-0.4577911232922247
UZB,2024,41.619,40.019010769670885,1.0975501718682648,37.86781243280909,42.17020910653268,4.302396673723598,5.072604580368328
VCT,2009,50.715,50.876939783540855,0.7636126482182172,49.38025899303315,52.37362057404856,2.993361581015411,0.0
VCT,2010,53.681,53.431596749542834,0.7560158666517707,51.94980565090536,54.91338784818031,2.963582197274941,2.965999999999994
VCT,2011,52.068,52.20215585077613,0.7559897990187733,50.72041584469933,53.68389585685293,2.963480012153591,-1.4398979420052171
VCT,2012,53.047,53.00820914680283,0.7559897100173292,51.52646931516886,54.48994897843679,2.9634796632679303,0.8948655359563773
VCT,2013,53.24,53.22570401591686,0.7559897097134608,51.74396418487848,54.70744384695524,2.9634796620767663,0.24528796598439584
VCT,2014,53.223,53.22629151616286,0.7559897097124239,51.74455168512651,54.70803134719921,2.9634796620727015,-0.0026675573231074168
VCT,2015,53.136,53.27681990234717,0.7559897097124202,51.79508007131083,54.758559733383514,2.963479662072687,-0.08715586827616306
VCT,2016,55.782,55.4639535284875,0.75598970971242,53.98221369745116,56.945693359523844,2.9634796620726864,2.640907387808163
VCT,2017,52.74,52.82549257419815,0.75598970971242,51.34375274316181,54.307232405234494,2.9634796620726864,-2.887688908542131
VCT,2018,51.304,51.48417697340269,0.75598970971242,50.00243714236635,52.96591680443903,2.9634796620726864,-1.6047308041641486
VCT,2019,52.938,52.87661604133672,0.7559897097124302,51.39487621030035,54.35835587237308,2.9634796620727264,1.54023383348094
VCT,2020,53.286,53.33770033950323,0.7559897097154211,51.855960508461,54.819440170545455,2.963479662084451,0.43799753836200495
VCT,2021,54.502,54.583213645564996,0.7559897105914297,53.10147381280579,56.0649534783242,2.9634796655184044,1.241592672621735
VCT,2022,57.179,57.06094979639415,0.7559899671699938,55.57920946074096,58.54269013204733,2.9634806713063755,2.7495476104701098
VCT,2023,58.462,57.74755643074116,0.7560651140180226,56.26566880726584,59.229444054216486,2.9637752469506484,1.4436590578472135
VCT,2024,46.925,47.59419053075105,0.7777628187768977,46.06977540594833,49.11860565555377,3.0488302496054387,-11.452645430832654
VEN,2000,42.349,41.43386230525762,1.5966283368348122,38.30447076506139,44.56325384545385,6.258783080392464,0.0
VEN,2001,39.903,40.739272673891584,1.411846473683084,37.972053585472736,43.50649176231043,5.534438176837689,-2.445999999999998
VEN,2002,41.06,40.62513620236613,1.3723914604560388,37.935248939872295,43.31502346485996,5.379774524987672,0.21932593466581807
VEN,2003,41.357,40.209162694527826,1.3644598723862706,37.53482134465074,42.883504044404916,5.348682699754181,0.3919156566558968
VEN,2004,38.551,38.9964803957114,1.3628870713438797,36.3252217358774,41.667739055545404,5.3425173196680085,-2.6326883553041753
VEN,2005,37.603,38.09300406692197,1.362576059675604,35.42235498995779,40.76365314388615,5.341298153928368,-2.1171074405571133
VEN,2006,37.387,37.529637391191045,1.3625145931227183,34.85910878867052,40.20016599371157,5.341057205041055,-1.156927458961789
VEN,2007,38.028,37.065274697071736,1.362502446559938,34.39476990181426,39.735779492329215,5.341009590514957,0.12673126979023408
VEN,2008,36.474,35.93268863324369,1.3625000462998293,33.26218854249603,38.60318872399136,5.341000181495331,-1.4976645518842489
VEN,2009,34.042,34.4243807467365,1.3624995719969784,31.753881585622427,37.09487990785058,5.340998322228155,-3.097756291899209
VEN,2010,32.063,33.18148164331502,1.3624994783036137,30.510982665839933,35.8519806207901,5.340997954950166,-3.3560462359719807
VEN,2011,32.232,32.71491569575847,1.3624994599527083,30.044416754251163,35.38541463726578,5.340997883014617,-1.3228642879551202
VEN,2012,32.699,32.58353939422395,1.3624994571542453,29.91304045820163,35.25403833024627,5.340997872044642,-0.12105330650876311
VEN,2013,32.576,32.372022397492564,1.362499460790411,29.70152345434336,35.04252134064177,5.340997886298411,-0.17681186754737865
VEN,2014,32.202,32.01892545009608,1.362499482708382,29.34842646398765,34.689424436204504,5.340997972216858,-0.45259823981601954
VEN,2015,32.048,31.538757268285565,1.3624995943202107,28.86825806341795,34.209256473153175,5.340998409735226,-0.3551936500659565
VEN,2016,31.35,30.705125961375014,1.3625001592739427,28.034625649198087,33.375626273551944,5.341000624353855,-0.8558943545414976
VEN,2017,30.253,29.423890439828188,1.3625030182705542,26.753384524017903,32.09439635563847,5.341011831620572,-1.4774710096673935
VEN,2018,27.379,27.567173643954632,1.3625174862612857,24.89663937088251,30.237707917026754,5.34106854614424,-3.530780692408271
VEN,2019,27.281,25.84106734109635,1.362590699806315,23.170389569475972,28.511745112716724,5.341355543240755,-1.6675391467782816
VEN,2020,21.237,23.11551015587358,1.3629611398440336,20.444106321779273,25.786913989967886,5.342807668188612,-6.785271746297241
VEN,2021,21.387,21.69381855159262,1.3648342260300093,19.018743468573803,24.36889363461144,5.350150166037636,-2.866259166207122
VEN,2022,18.834,20.485088345345734,1.3742739121053555,17.79151147761924,23.17866521307223,5.387153735452993,-3.827139165835959
VEN,2023,18.487,20.42237124840213,1.4210826254150957,17.63704930258854,23.207693194215718,5.570643891627175,-2.0482794801626767
VEN,2024,23.548,21.702986764937222,1.6375692381023395,18.493351058256636,24.91262247161781,6.41927141336117,4.150477623299889
VNM,2000,29.472,29.87684955465281,1.068358363033289,27.782867163107564,31.970831946198057,4.187964783090492,0.0
VNM,2001,29.903,30.13727063681071,0.9417236621272816,28.291492259041238,31.983049014580185,3.691556755538944,0.4309999999999974
VNM,2002,30.467,30.535382500705232,0.9110072203848965,28.749808348750836,32.32095665265963,3.571148303908794,0.7363004590333198
VNM,2003,30.906,30.973685658341854,0.9039971511648749,29.201851242058698,32.745520074625006,3.5436688325663095,0.7755216785869052
VNM,2004,30.926,31.45177054593116,0.9024224502454605,29.683022543450058,33.220518548412265,3.5374960049622053,0.383975338638578
VNM,2005,31.909,32.2388730657295,0.9020700157728821,30.47081583481465,34.00693029664435,3.536114461829698,1.1642561537028797
VNM,2006,33.708,33.219855966409064,0.9019912025806204,31.451953209351046,34.98775872346708,3.535805514116032,2.3492959775048625
VNM,2007,34.087,33.913935930808535,0.9019735812444424,32.14606771156943,35.68180415004764,3.535736438478214,1.4897343735611912
VNM,2008,34.868,34.50629880721995,0.9019696415722394,32.738438309738356,36.27415930470154,3.535720994963178,1.48538351426933
VNM,2009,35.085,34.886074563593816,0.9019687607982746,33.1182157924292,36.653933334758435,3.535717542329236,0.9193363946053523
VNM,2010,35.354,35.14893341045249,0.9019685640046793,33.38107502500332,36.916791795901666,3.535716770898343,0.7036927735415901
VNM,2011,34.995,35.291265931830296,0.901968520555632,33.523407631541254,37.05912423211934,3.5357166005780774,-0.026270452279916867
VNM,2012,35.361,35.60772649721304,0.901968513294686,33.839868211155455,37.37558478327062,3.535716572115169,0.3535784469652583
VNM,2013,36.133,36.06919868137517,0.9019685226433496,34.301340376994204,37.837056985756135,3.5357166087619305,0.9391837828115115
VNM,2014,35.925,36.493172126656184,0.9019685738094578,34.72531372198964,38.261030531322724,3.5357168093330746,0.23607768678049013
VNM,2015,36.649,37.25108441013421,0.9019688047578124,35.4832255528089,39.01894326745953,3.5357177146506245,0.8356254721945291
VNM,2016,37.599,38.362867218025386,0.9019698382192947,36.59500633511557,40.1307281009352,3.535721765819635,1.3451118346715063
VNM,2017,40.442,39.92360716294723,0.9019744608160966,38.15573721974768,41.69147710614678,3.5357398863990985,3.479014126624527
VNM,2018,41.544,41.17966566783811,0.9019951366806435,39.41175519994405,42.94757613573217,3.5358209357881223,2.746994917351344
VNM,2019,43.025,42.22158944508325,0.9020876106984324,40.45349772811432,43.98968116205217,3.536183433937855,2.7798716091927673
VNM,2020,43.091,42.79131479034427,0.9025011161173502,41.022412602754265,44.56021697793428,3.537804375180013,1.3804168151088376
VNM,2021,43.513,43.18490243711201,0.9043483451188634,41.41237968067904,44.95742519354498,3.5450455128659444,1.0747075090943952
VNM,2022,43.454,43.38565324126499,0.9125649380685892,41.597025962650555,45.174280519879424,3.5772545572288696,0.4491578647756356
VNM,2023,43.448,43.546233758746524,0.9484455965469221,41.687280389514555,45.40518712797849,3.7179067384639346,0.20637694868615597
VNM,2024,44.136,43.764550419429234,1.0946322062718454,41.619071295136415,45.910029543722054,4.290958248585634,0.7855819641119268
VUT,2000,34.227,34.33833226208581,0.8477588364854034,32.67672494257442,35.9999395815972,3.3232146390227815,0.0
VUT,2001,33.943,34.55212267178728,0.7762861562852484,33.030601805468194,36.07364353810637,3.043041732638174,-0.2839999999999989
VUT,2002,36.687,35.84400867706424,0.7700979273160439,34.33461673952479,37.353400614603686,3.018783875078892,2.6670687203262204
VUT,2003,35.272,35.643871360177315,0.7695855405321482,34.135483700734305,37.152259019620324,3.016775318886021,-0.6527692515744405
VUT,2004,36.323,36.10191488944323,0.7695432834004526,34.593610053978345,37.61021972490811,3.0166096709297743,0.8636445457752231
VUT,2005,36.788,36.16865647744466,0.769539799557717,34.66035847031153,37.676954484577784,3.0165960142662507,0.7129671493332097
VUT,2008,34.8,35.13921242872379,0.7695395123439674,33.63091498452961,36.647509872917965,3.016594888388352,-1.7832889900417754
VUT,2009,34.623,34.710145680520306,0.7695394886656447,33.20184828273564,36.21844307830497,3.0165947955693273,-0.6890288660740893
VUT,2010,34.016,34.43531941406856,0.7695394867135696,32.92702202010996,35.94361680802716,3.016594787917193,-0.8048382305614723
VUT,2011,35.133,34.9026530349186,0.7695394865526385,33.39435564127543,36.41095042856177,3.016594787286343,0.8859098645296797
VUT,2012,34.815,34.962292015574455,0.769539486539381,33.45399462195727,36.47058940919164,3.0165947872343732,-0.0636320747344783
VUT,2013,34.826,35.28262540247909,0.7695394865384084,33.77432800886381,36.79092279609437,3.016594787230561,-0.007270435267052733
VUT,2014,36.641,36.41114711998079,0.7695394865397883,34.9028497263628,37.919444513598776,3.01659478723597,1.8129124676121933
VUT,2015,36.861,37.13284868604738,0.7695394865576137,35.62455129239446,38.641146079700306,3.016594787305846,0.7405346521055876
VUT,2016,37.254,38.33569942725585,0.769539486773921,36.82740203317896,39.84399682133273,3.0165947881537702,0.6056268942337013
VUT,2017,42.589,41.453066639899,0.7695394893976977,39.94476924067951,42.961364039118486,3.016594798438975,5.508891343530209
VUT,2018,43.865,42.55992790831451,0.7695395212236363,41.05163044671619,44.06822536991284,3.0165949231966542,2.857746990117569
VUT,2019,41.198,41.356921987209326,0.7695399072664604,39.848623768967066,42.865220205451585,3.016596436484525,-1.846465990839583
VUT,2020,39.986,40.43519453821839,0.7695445898812584,38.92688714205112,41.94350193438566,3.016614792334533,-1.7421687474368213
VUT,2021,39.527,40.30850341875507,0.7696013868901515,38.80008470045038,41.81692213705977,3.0168374366093937,-0.9592222771685996
VUT,2022,41.61,41.56500723310511,0.7702899909339548,40.05523885087456,43.07477561533567,3.019536764461103,1.807582160883051
VUT,2023,43.575,42.7418776565656,0.7785941394079331,41.21583314332605,44.267922169805146,3.0520890264790976,2.4840041814356795
VUT,2024,42.276,42.44419201663624,0.8730547370356673,40.733004732046325,44.15537930122615,3.4223745691798158,-0.5857773400468815
WSM,2000,49.212,49.233106352932026,0.8797121625019486,47.50887051442821,50.95734219143584,3.4484716770076385,0.0
WSM,2001,49.51,49.357830262378975,0.8490428047766141,47.69370636501681,51.02195415974114,3.328247794724327,0.2979999999999947
WSM,2002,48.734,48.637662392879804,0.8484751153700442,46.97465116675452,50.30067361900509,3.326022452250573,-0.7362236220055607
WSM,2003,47.476,47.382599388962326,0.8484647938008157,45.71960839311273,49.04559038481192,3.3259819916991975,-1.357237286793513
WSM,2009,45.28,45.60894832904908,0.8484646061996836,43.9459577008977,47.271938957200454,3.3259812563027595,-2.3789775783808906
WSM,2010,45.595,45.66171652474236,0.8484646027899334,43.99872590327409,47.32470714621063,3.325981242936539,-0.0057257584456920085
WSM,2011,46.349,46.08491476885343,0.8484646027279594,44.42192414750663,47.74790539020023,3.325981242693601,0.7532280724524867
WSM,2012,44.754,45.04183302704177,0.848464602726833,43.37884240569718,46.70482364838636,3.3259812426891853,-1.4934523177465167
WSM,2013,45.244,45.59688611846764,0.8484646027268127,43.93389549712308,47.25987673981219,3.3259812426891058,0.28865776784926567
WSM,2014,48.479,48.111268213535865,0.8484646027268121,46.44827759219131,49.77425883488042,3.3259812426891036,3.273915872047482
WSM,2015,48.481,48.5838937274467,0.8484646027268123,46.920903106102145,50.246884348791255,3.3259812426891044,0.4433783565227216
WSM,2016,50.249,49.62781591166752,0.8484646027268128,47.96482529032296,51.29080653301207,3.325981242689106,1.8277747828496729
WSM,2017,46.604,47.22273872420412,0.8484646027268498,45.559748102859494,48.88572934554875,3.325981242689251,-3.398585534486166
WSM,2018,48.527,48.253083517276856,0.848464602728874,46.590092895928265,49.91607413862545,3.325981242697186,1.4648140977534467
WSM,2019,47.489,47.76256228278899,0.8484646028402565,46.099571661222086,49.4255529043559,3.325981243133805,-0.8405186766105359
WSM,2020,48.948,48.79094045216151,0.8484646089684043,47.12794981858343,50.45393108573958,3.325981267156145,1.3456840912814982
WSM,2021,47.92,48.9472771575195,0.8484649461331215,47.28428586309858,50.61026845194042,3.3259825888418364,-0.846579384498007
WSM,2022,55.637,54.80736310143476,0.8484834964038193,53.144335448483275,56.470390754386244,3.3260553059029716,7.602867006972886
WSM,2023,57.073,56.06105748506586,0.8495034901428407,54.39603064438589,57.72608432574583,3.3300536813599355,2.4609930283944124
WSM,2024,50.91,51.69614514044429,0.9038504474806102,49.92459826338229,53.46769201750628,3.543093754123992,-5.831217174558226
XKX,2013,36.542,36.96246714471598,1.3719525123409033,34.27344022052781,39.65149406890415,5.378053848376341,0.0
XKX,2014,38.039,38.568821439713716,1.2996309651046793,36.021544748108546,41.116098131318886,5.094553383210343,1.4969999999999999
XKX,2015,42.256,42.060268234450504,1.2970524214132166,39.5180454884806,44.602490980420406,5.084445491939809,4.489713056115235
XKX,2016,43.934,44.85530590803619,1.296962971900283,42.31325848311164,47.39735333296075,5.08409484984911,2.513170533205198
XKX,2017,52.791,50.928328817822866,1.2969598719870885,48.38628746872817,53.47037016691756,5.084082698189387,9.32483135396491
XKX,2018,50.109,50.37401049185382,1.2969597647632516,47.831969352917845,52.91605163078979,5.084082277871946,-0.9461223252572992
XKX,2019,51.174,50.76259340222529,1.2969597668647816,48.22055225917032,53.304634545280265,5.084082286109944,0.888873057806272
XKX,2020,49.384,49.68740109763507,1.2969599348041503,47.14535962541893,52.2294425698512,5.084082944432269,-1.6245303834915887
XKX,2021,50.272,49.69170292199799,1.2969647846477375,47.14965194408842,52.233753899907555,5.084101955819131,0.5855828916410672
XKX,2022,47.16,47.63132108623355,1.297104726254028,45.08899582277565,50.173646349691445,5.08465052691579,-3.0029898598385927
XKX,2023,47.553,47.24788883768816,1.3011364611267946,44.69766137387964,49.79811630149668,5.100454927617035,-0.16602648488806437
XKX,2024,45.366,45.77887808939107,1.4125294883601642,43.01032029220515,48.54743588657699,5.537115594371843,-2.217906931617236
YEM,2000,24.143,24.237435241224155,0.9222257367182181,22.429872797256447,26.044997685191863,3.6151248879354148,0.0
YEM,2001,24.129,24.4022876852795,0.840624894787517,22.75466289149597,26.049912479063032,3.2952495875670667,-0.013999999999999346
YEM,2002,24.416,25.00636829926388,0.8327529764946123,23.37417246533444,26.63856413319332,3.2643916678588805,0.2830316121667664
YEM,2003,26.922,26.559289280513948,0.83202840401753,24.92851360863959,28.190064952388305,3.2615513437487174,2.5911544440529966
YEM,2004,27.322,27.529261325112998,0.8319620216612088,25.89861576265703,29.159906887568965,3.2612911249119385,1.183693801939981
YEM,2005,29.377,28.832343924742528,0.8319559426069363,27.201710277232934,30.46297757225212,3.26126729501919,2.413179413924201
YEM,2006,29.35,29.260054877342288,0.8319553859313225,27.629422320916895,30.89068743376768,3.261265112850784,0.7032472215441778
YEM,2007,29.492,29.543205962275177,0.8319553349551999,27.912573505762985,31.17383841878737,3.2612649130243834,0.35480903928209884
YEM,2008,29.853,29.90865530765321,0.8319553302871955,28.278022860290307,31.53928775501611,3.261264894725806,0.468368498932314
YEM,2009,30.742,30.363553904659078,0.8319553298597352,28.732921458133998,31.994186351184158,3.261264893050162,1.0307326471540073
YEM,2010,30.518,30.210213657300702,0.8319553298205921,28.579581210852343,31.84084610374906,3.2612648928967207,0.08790924960341684
YEM,2011,29.295,29.56219897228992,0.8319553298170111,27.931566525848577,31.192831418731263,3.2612648928826835,-1.196397846511939
YEM,2012,29.366,29.343626673187565,0.8319553298167227,27.712994226746787,30.974259119628343,3.261264892881553,-0.29104107406330826
YEM,2013,29.189,29.089095946682964,0.8319553298171268,27.458463500241393,30.719728393124534,3.261264892883137,-0.26507172577071003
YEM,2014,29.075,28.673999351789313,0.8319553298218652,27.043366905338456,30.30463179824017,3.2612648929017114,-0.19421316034785718
YEM,2015,27.123,27.614414218475783,0.8319553298736403,25.983781771923447,29.24504666502812,3.26126489310467,-2.010770701882109
YEM,2016,27.241,27.344630380590083,0.8319553304390434,25.71399793292956,28.975262828250607,3.26126489532105,-0.49047784600142563
YEM,2017,27.799,27.24140136704299,0.8319553366134279,25.610768907280672,28.872033826805307,3.2612649195246375,0.4095768590784523
YEM,2018,26.442,26.241999418157967,0.83195540403971,24.611366826240136,27.872632010075797,3.2612651838356634,-1.2330582473422673
YEM,2019,23.704,24.92115638619825,0.831956140356256,23.290522351099987,26.55179042129651,3.2612680701965235,-3.1111348510473285
YEM,2020,27.487,25.55652799845321,0.8319641811296847,23.925878203439026,27.18717779346739,3.261299590028364,2.841541766590634
YEM,2021,22.904,23.08924358187379,0.8320519839297038,21.458421693371573,24.72006547037601,3.261643777004439,-3.7231231319713523
YEM,2022,20.875,20.91968278710453,0.8330102166597864,19.28698276245135,22.552382811757713,3.2654000493063626,-3.155651557842731
YEM,2023,17.934,18.821936200821025,0.8434035724431744,17.168865198832403,20.475007202809646,3.306142003977244,-3.8959294013732624
YEM,2024,17.734,18.15128133329347,0.9495265002047986,16.290209392892063,20.012353273694874,3.7221438808028102,-1.3789443361703633
ZAF,2000,53.059,52.966901211303785,0.31282043167012613,52.353773165230336,53.580029257377234,1.2262560921468943,0.0
ZAF,2001,51.906,52.10597473077377,0.3064171028601453,51.50539720916788,52.70655225237965,1.2011550432117695,-1.1529999999999987
ZAF,2002,53.179,53.02034143886292,0.3063614701683173,52.41987295733302,53.62080992039282,1.2009369630598037,1.1665097240976294
ZAF,2003,52.537,52.52620287324617,0.30636099182422744,51.92573532927069,53.12667041722165,1.2009350879509715,-0.5338419070228895
ZAF,2004,51.971,51.936211869131064,0.30636098771167625,51.33574433321618,52.53667940504595,1.2009350718297709,-0.6154991591922965
ZAF,2005,50.999,51.037386186067074,0.3063609876763187,50.43691865022149,51.637853721912656,1.2009350716911693,-1.0290706405933108
ZAF,2006,50.433,50.479337232134135,0.3063609876760147,49.878869696289144,51.07980476797913,1.2009350716899776,-0.6614180358206312
ZAF,2007,50.276,50.332651115240125,0.30636098767601205,49.73218357939514,50.93311865108511,1.2009350716899672,-0.21832835526168992
ZAF,2008,50.645,50.688890236071565,0.3063609876760121,50.08842270022658,51.28935777191655,1.2009350716899674,0.34875604200363597
ZAF,2009,51.562,51.43476877205931,0.3063609876760121,50.83430123621432,52.03523630790429,1.2009350716899674,0.9493375434072107
ZAF,2010,51.01,51.05114093757325,0.3063609876760121,50.45067340172827,51.651608473418236,1.2009350716899674,-0.46397501886516324
ZAF,2011,51.03,51.032745380008386,0.3063609876760121,50.4322778441634,51.63321291585337,1.2009350716899674,-0.0230209387232847
ZAF,2012,51.075,51.03872217394111,0.3063609876760121,50.438254638096126,51.639189709786095,1.2009350716899674,0.042865440263163634
ZAF,2013,50.615,50.72263938939075,0.3063609876760121,50.122171853545765,51.323106925235734,1.2009350716899674,-0.45602540782601153
ZAF,2014,51.467,51.362134712499895,0.3063609876760121,50.76166717665491,51.96260224834488,1.2009350716899674,0.8097161693439148
ZAF,2015,51.024,51.0706792604727,0.3063609876760121,50.47021172462772,51.671146796317686,1.2009350716899674,-0.36792106624661614
ZAF,2016,51.049,51.19362303201903,0.3063609876760121,50.59315549617405,51.79409056786402,1.2009350716899674,-0.00911457298868612
ZAF,2017,52.68,52.60047043812664,0.30636098767601216,52.00000290228166,53.20093797397163,1.2009350716899676,1.6301548737106728
ZAF,2018,53.59,53.30128719255473,0.3063609876760179,52.70081965670974,53.90175472839972,1.20093507168999,1.0611520881079173
ZAF,2019,51.196,51.439030709971874,0.3063609876766793,50.83856317412558,52.039498245818166,1.2009350716925828,-2.2956072911204615
ZAF,2020,51.644,51.73430064269619,0.3063609877536138,51.13383310669911,52.334768178693274,1.200935071994166,0.23514547855273094
ZAF,2021,53.036,52.83122244056461,0.3063609967021186,52.23075488702845,53.431689994100765,1.2009351070723049,1.413803284255735
ZAF,2022,52.044,52.11021351768119,0.30636203753058283,51.509743924121246,52.71068311124113,1.2009391871198847,-0.8609085791568774
ZAF,2023,52.279,51.977020897783184,0.3064830756233047,51.37631406956151,52.57772772600486,1.2014136564433544,0.15517437636869147
ZAF,2024,48.846,49.162982347019366,0.3202494630322564,48.535293399476146,49.790671294562586,1.255377895086445,-3.418611838858247
ZMB,2000,37.463,37.60206460901934,0.410546289213328,36.79739388216122,38.40673533587746,1.6093414537162456,0.0
ZMB,2001,38.332,38.48781815103653,0.39733752943959166,37.70903659333493,39.26659970873813,1.5575631154031992,0.8689999999999998
ZMB,2002,40.928,40.307635894801855,0.39712052459771513,39.529279666590334,41.085992123013376,1.5567124564230432,2.7055046423754874
ZMB,2003,38.13,38.40863205802319,0.39711701772963176,37.63028270327311,39.186981412773264,1.5566987095001565,-2.4541629635109175
ZMB,2004,38.077,38.17991007947204,0.39711696107299077,37.401560835768976,38.9582593231751,1.5566984874061238,-0.3649371825444163
ZMB,2005,38.35,38.56809069278489,0.3971169601576553,37.78974145087589,39.3464399346939,1.5566984838180087,0.22661443814156002
ZMB,2006,40.611,40.26363317318257,0.3971169601428673,39.48528393130255,41.04198241506259,1.5566984837600397,2.289803966590142
ZMB,2007,39.632,39.87685780006557,0.3971169601426284,39.09850855818602,40.655207041945125,1.5566984837591031,-0.687953067904381
ZMB,2008,41.379,40.95790183077684,0.3971169601426245,40.179552588897295,41.73625107265639,1.556698483759088,1.6595573050083559
ZMB,2009,39.278,39.514639657900695,0.3971169601426245,38.73629041602115,40.29298889978024,1.556698483759088,-1.8900609548626974
ZMB,2010,39.565,39.48993258716507,0.3971169601426245,38.711583345285526,40.26828182904462,1.556698483759088,0.04676264762485971
ZMB,2011,38.917,39.01522798674165,0.3971169601426245,38.2368787448621,39.793577228621196,1.556698483759088,-0.6420562051046304
ZMB,2012,39.077,39.12935880385344,0.3971169601426245,38.351009561973896,39.90770804573299,1.556698483759088,0.07839105379456868
ZMB,2013,39.423,39.55735860221371,0.3971169601426245,38.779009360334165,40.33570784409326,1.556698483759088,0.3559639427845198
ZMB,2014,40.904,40.79078164356527,0.3971169601426245,40.01243240168572,41.569130885444814,1.556698483759088,1.5262450144190112
ZMB,2015,41.496,41.34550831339039,0.3971169601426245,40.567159071510844,42.123857555269936,1.556698483759088,0.785994304996585
ZMB,2016,40.746,40.99810069277729,0.3971169601426246,40.219751450897746,41.77644993465684,1.5566984837590885,-0.6500957136707584
ZMB,2017,42.33,42.16193056787784,0.39711696014263176,41.38358132599828,42.9402798097574,1.5566984837591165,1.5013691871466435
ZMB,2018,42.437,42.31825497003354,0.39711696014307324,41.53990572815312,43.09660421191396,1.556698483760847,0.29783244777357964
ZMB,2019,41.73,41.76275292007598,0.39711696017040243,40.984403678141994,42.54110216200997,1.5566984838679776,-0.6691438247690158
ZMB,2020,41.395,41.403590833994144,0.3971169618620008,40.62524158874462,42.18194007924367,1.556698490499043,-0.42005193465168134
ZMB,2021,41.103,41.09592718017906,0.3971170665670804,40.31757772970758,41.87427663065054,1.556698900942955,-0.34539095777898154
ZMB,2022,40.628,40.74586494984255,0.3971235474579024,39.96750279682506,41.52422710286004,1.5567243060349774,-0.5189011287004561
ZMB,2023,41.511,41.10235346187079,0.39752449036628085,40.32320546075288,41.8815014629887,1.558296002235821,0.8170447550208664
ZMB,2024,38.66,39.009178055442426,0.4216001350098755,38.18284179082307,39.83551432006178,1.6526725292387119,-2.747149027250579
ZWE,2000,30.955,29.62158535498091,0.7612705210353213,28.12949513375168,31.113675576210138,2.9841804424584595,0.0
ZWE,2001,26.561,27.094272319391436,0.6966481354404908,25.728841973928073,28.4597026648548,2.7308606909267237,-4.393999999999998
ZWE,2002,24.983,25.498412175685782,0.6909682860895402,24.144114334950284,26.85271001642128,2.7085956814709977,-2.7758554768760852
ZWE,2003,25.034,24.8028090753281,0.6904910227032948,23.44944667082964,26.156171479826558,2.7067248089969156,-0.7480229252093977
ZWE,2004,23.409,23.703390799248044,0.6904510824594726,22.35010667762748,25.05667492086861,2.7065682432411324,-1.8412649430670776
ZWE,2005,22.953,23.11817727622269,0.690447741168545,21.76489970353234,24.471454848913037,2.706555145380696,-0.9885332572569965
ZWE,2006,22.619,22.821474605938935,0.6904474616533656,21.468197581098337,24.174751630779532,2.706554049681193,-0.6199137574599369
ZWE,2007,23.039,22.878429064249584,0.6904474382706223,21.525152085239164,24.231706043260004,2.706553958020839,0.24070170623465614
ZWE,2008,22.921,22.654918444928047,0.6904474363145475,21.301641469751534,24.00819542010456,2.706553950353026,-0.048381582960416836
ZWE,2009,21.745,21.96665009313777,0.6904474361509129,20.61337311828198,23.319927067993557,2.7065539497115783,-1.189993458263043
ZWE,2010,21.214,21.66553219475016,0.6904474361372241,20.3122552199212,23.018809169579118,2.7065539496579185,-0.875183112613982
ZWE,2011,21.851,22.153093838287102,0.69044743613608,20.799816863460386,23.50637081311382,2.706553949653433,0.38386982877688425
ZWE,2012,23.32,23.168314932841334,0.6904474361359948,21.815037958014784,24.521591907667883,2.7065539496530997,1.580027091458014
ZWE,2013,23.991,23.918591665344728,0.6904474361361153,22.56531469051794,25.271868640171515,2.7065539496535718,1.127992968029183
ZWE,2014,24.305,24.54239464277283,0.6904474361376504,23.189117667943037,25.895671617602623,2.706553949659589,0.6402506428925001
ZWE,2015,25.584,25.58084866899495,0.6904474361560078,24.227571694129175,26.934125643860725,2.7065539497315503,1.4641803954247798
ZWE,2016,26.518,26.613798347304755,0.6904474363754521,25.260521372008867,27.967075322600643,2.7065539505917724,1.3574865011193715
ZWE,2017,27.769,27.814076507498886,0.6904474389986713,26.46079952706149,29.167353487936282,2.7065539608747917,1.643627309088533
ZWE,2018,29.748,29.093088631071755,0.6904474703563999,27.73981158917321,30.4463656729703,2.7065540837970876,2.454388128706789
ZWE,2019,29.294,29.228184098306738,0.6904478452037978,27.874906321707293,30.581461874906182,2.706555553198887,0.25588536949602414
ZWE,2020,29.192,29.248320641676912,0.6904523260806192,27.895034082558897,30.601607200794927,2.7065731182360273,-0.027989994023879916
ZWE,2021,29.875,29.366830985177156,0.6905058878337552,28.013439445022996,30.720222525331316,2.7067830803083206,0.6749044233398003
ZWE,2022,28.24,28.59773572604149,0.6911458389031657,27.243089881791285,29.952381570291692,2.7092916885004095,-1.4397966536614923
ZWE,2023,28.078,28.45348815622853,0.6987503800126099,27.083937411403816,29.823038901053245,2.739101489649431,-0.5784339647544527
ZWE,2024,29.258,28.965095983872384,0.7839637964518046,27.428526942826846,30.501665024917923,3.073138082091074,1.012698910169874
