iso3,year,raw_score,kalman_score,kalman_std,ci_lower_95,ci_upper_95,ci_width,innovation
AFG,2013,24.386,24.386,0.6152535406092244,23.18010306040592,25.59189693959408,2.41179387918816,0.0
AFG,2014,24.408,24.402903978662096,0.560647091001153,23.30403568029984,25.501772277024354,2.1977365967245195,0.022000000000002
AFG,2015,23.555,23.75881676133229,0.5574493958270044,22.666215945511365,24.851417577153224,2.185201631641857,-0.8479039786620959
AFG,2016,24.655,24.43912448285115,0.5572636782338609,23.346887673512786,25.53136129218952,2.184473618676735,0.8961832386677067
AFG,2017,24.949,24.826164562435014,0.5572528988062244,23.73394888077482,25.918380244095214,2.1844313633204,0.5098755171488527
AFG,2018,26.633,26.197707493523414,0.5572522731694689,25.105493038111256,27.28992194893557,2.1844289108243182,1.806835437564981
AFG,2019,27.465,27.15969097924623,0.5572522368576609,26.06747659500521,28.251905363487243,2.1844287684820305,1.2672925064765863
AFG,2020,25.499,25.89908438946891,0.5572522347501324,24.80687000935865,26.99129876957917,2.184428760220519,-1.6606909792462297
AFG,2021,24.252,24.648806366453,0.557252234627812,23.55659198658249,25.741020746323517,2.184428759741023,-1.6470843894689118
AFG,2022,22.189,22.78160280333497,0.5572522346207126,21.689388423478373,23.87381718319157,2.1844287597131933,-2.4598063664530017
AFG,2023,19.324,20.156986344790752,0.5572522346203005,19.064771964934963,21.249200724646546,2.1844287597115777,-3.457602803334968
AFG,2024,22.88,22.223986767571773,0.5572522346202766,21.13177238771603,23.31620114742752,2.1844287597114844,2.7230136552092468
AGO,2000,17.036,17.036,0.8981585567388767,15.275609228791804,18.7963907712082,3.5207815424163966,0.0
AGO,2001,17.769,17.435788578651824,0.694797915959796,16.073984663370624,18.797592493933024,2.7236078305624005,0.732999999999997
AGO,2002,20.064,18.63079908398722,0.6343822391143359,17.38740989532312,19.87418827265132,2.486778377328197,2.628211421348176
AGO,2003,17.784,18.269807052972936,0.6142623836049557,17.065852781107225,19.473761324838648,2.407908543731426,-0.8467990839872215
AGO,2004,18.836,18.50579923080032,0.6073819471795775,17.31533061432835,19.69626784727229,2.3809372329439435,0.5661929470270621
AGO,2005,18.958,18.692810147782627,0.6050108100725339,17.50698896004046,19.878631335524798,2.3716423754843325,0.4522007691996776
AGO,2006,19.899,19.190288825512575,0.6041916284503394,18.006073233749913,20.374504417275244,2.36843118352533,1.2061898522173742
AGO,2007,18.703,18.98950073170787,0.6039083789051031,17.80584030905387,20.17316115436187,2.367320845308004,-0.4872888255125787
AGO,2008,19.367,19.144999410038288,0.6038104110538618,17.96153100437272,20.328467815703856,2.366936811331138,0.3774992682921301
AGO,2009,20.853,19.848476332693995,0.6037765234257941,18.66507434677944,21.031878318608552,2.366803971829113,1.7080005899617134
AGO,2010,21.656,20.59291507628348,0.6037648011023851,19.409536066122804,21.776294086444157,2.3667580203213494,1.807523667306004
AGO,2011,21.899,21.130826240014347,0.6037607460974069,19.94745517766343,22.314197302365265,2.366742124701835,1.3060849237165222
AGO,2012,22.309,21.616054927679222,0.6037593433777886,20.43268661465876,22.79942324069969,2.366736626040931,1.178173759985654
AGO,2013,22.049,21.794362269715812,0.6037588581440743,20.61099490775343,22.9777296316782,2.366734723924771,0.4329450723207735
AGO,2014,22.811,22.2130617359916,0.6037586902902349,21.029694703022734,23.396428768960455,2.3667340659377207,1.0166377302841845
AGO,2015,22.747,22.43296270612549,0.6037586322256046,21.249595786963308,23.61632962528768,2.36673383832437,0.5339382640084018
AGO,2016,23.152,22.729096170653605,0.6037586121396685,21.545729290859853,23.91246305044736,2.3667337595875004,0.7190372938745071
AGO,2017,24.752,23.56222334042189,0.6037586051914656,22.378856474246614,24.745590206597164,2.366733732350545,2.0229038293463937
AGO,2018,26.091,24.60369278352287,0.603758602787917,23.420325922058552,25.78705964498719,2.3667337229286347,2.52877665957811
AGO,2019,25.884,25.130983651626885,0.6037586019564724,23.9476167917922,26.31435051146157,2.366733719669372,1.28030721647713
AGO,2020,25.235,25.173822487394236,0.6037586016688559,23.990455628123275,26.35718934666519,2.366733718541915,0.1040163483731149
AGO,2021,25.408,25.27026782657912,0.6037586015693625,24.08690096750317,26.453634685655068,2.3667337181519006,0.2341775126057683
AGO,2022,25.566,25.392064276856665,0.6037586015349454,24.20869741784817,26.57543113586516,2.366733718016986,0.2957321734208804
AGO,2023,26.202,25.72563398923136,0.6037586015230397,24.5422671302462,26.909000848216515,2.366733717970316,0.8099357231433366
AGO,2024,26.459,26.027668684435,0.6037586015189212,24.84430182545791,27.21103554341208,2.366733717954171,0.7333660107686413
ALB,2000,34.469,34.469,1.2676415133622891,31.984422633809917,36.95357736619009,4.969154732380173,0.0
ALB,2001,38.857,37.048906340504026,1.0171728161289544,35.05524762089127,39.04256506011678,3.987317439225501,4.387999999999998
ALB,2002,37.726,37.40382975790507,0.9604373448514364,35.52137256199626,39.286286953813885,3.764914391817631,0.6770936594959736
ALB,2003,37.658,37.53327865636702,0.9467011681190926,35.677744366853595,39.38881294588044,3.711068579026843,0.2541702420949292
ALB,2004,38.027,37.78294816033387,0.9433392023476956,35.93400332373239,39.63189299693536,3.6978896732029662,0.4937213436329841
ALB,2005,38.708,38.249919170802656,0.9425144328065272,36.40259088250186,40.09724745910345,3.694656576601586,0.9250518396661248
ALB,2006,38.825,38.54009828539283,0.9423119857553872,36.69316679331227,40.38702977747339,3.6938629841611177,0.575080829197347
ALB,2007,40.692,39.62580839183105,0.9422622866514444,37.77897430999422,41.47264247366788,3.693668163673662,2.1519017146071704
ALB,2008,41.626,40.63494927853928,0.9422500855248538,38.78813911091057,42.48175944616799,3.693620335257427,2.0001916081689477
ALB,2009,43.282,41.97043639768293,0.9422470901249662,40.123632101038,43.817240694327865,3.693608593289868,2.6470507214607157
ALB,2010,44.972,43.48477960188904,0.9422463547471158,41.63797674658469,45.331582457193385,3.693605710608694,3.00156360231707
ALB,2011,44.621,44.05802315324244,0.9422461742100036,42.21122065179083,45.90482565469405,3.6936050029032135,1.1362203981109644
ALB,2012,45.311,44.6901723656844,0.9422461298876832,42.84336995110455,46.53697478026426,3.693604829159717,1.2529768467575622
ALB,2013,44.537,44.61289417147877,0.9422461190064404,42.76609177822614,46.45969656473139,3.693604786505246,-0.153172365684405
ALB,2014,46.085,45.35559785013744,0.9422461163350676,43.5087954621207,47.20240023815417,3.6936047760334647,1.4721058285212365
ALB,2015,44.188,44.766523885152885,0.9422461156792384,42.91972149842158,46.61332627188419,3.693604773462615,-1.1675978501374331
ALB,2016,45.161,44.9655441291161,0.9422461155182308,43.118741742700365,46.81234651553183,3.693604772831465,0.3944761148471158
ALB,2017,47.796,46.393559658323696,0.9422461154787032,44.54675727198544,48.24036204466196,3.693604772676516,2.8304558708839025
ALB,2018,48.05,47.22926338909138,0.942246115468999,45.38246100277214,49.07606577541062,3.693604772638476,1.6564403416763014
ALB,2019,47.693,47.46322679005259,0.9422461154666164,45.616424403738016,49.31002917636716,3.693604772629137,0.4637366109086187
ALB,2020,47.534,47.49893313823971,0.9422461154660317,45.652130751926286,49.34573552455313,3.693604772626844,0.0707732099474114
ALB,2021,47.291,47.394027157019664,0.942246115465888,45.54722477070652,49.24082954333281,3.693604772626281,-0.20793313823971
ALB,2022,49.305,48.358147079773765,0.9422461154658528,46.51134469346069,50.20494946608684,3.6936047726261423,1.9109728429803357
ALB,2023,50.007,49.190022820928775,0.942246115465844,47.34322043461572,51.03682520724183,3.693604772626109,1.6488529202262328
ALB,2024,44.922,47.03672909540991,0.942246115465842,45.18992670909686,48.88353148172296,3.693604772626101,-4.268022820928778
ARE,2000,49.485,49.485,1.09469716776701,47.33939355117666,51.630606448823336,4.29121289764668,0.0
ARE,2001,52.123,51.20528396336465,0.923464156020675,49.39529421756413,53.01527370916517,3.619979491601046,2.637999999999998
ARE,2002,50.566,50.81091112234151,0.898181204589491,49.05047596134611,52.57134628333691,3.5208703219908046,-0.6392839633646474
ARE,2003,49.038,49.726495743701975,0.8943586669405793,47.97355275649844,51.47943873090551,3.5058859744070707,-1.7729111223415115
ARE,2004,47.409,48.31081579988725,0.8937795947752967,46.55900779412767,50.06262380564682,3.503616011519163,-2.317495743701976
ARE,2005,43.748,45.52409285140558,0.8936918489833781,43.77245682739816,47.275728875413,3.503272048014842,-4.562815799887247
ARE,2006,43.918,44.54320674458242,0.893678552506481,42.79159678166972,46.29481670749512,3.5032199258254053,-1.6060928514055774
ARE,2007,43.062,43.63859617710697,0.8936765376255497,41.88699016336089,45.390202190853046,3.5032120274921548,-1.4812067445824226
ARE,2008,43.004,43.25103244386537,0.893676232300405,41.499427028556575,45.002637859174165,3.503210830617588,-0.634596177106971
ARE,2009,43.36,43.31758164477203,0.8936761860329284,41.565976320147485,45.06918696939657,3.5032106492490795,0.1089675561346297
ARE,2010,45.727,44.78907342968678,0.8936761790217815,43.037468118804085,46.54067874056948,3.503210621765384,2.40941835522797
ARE,2011,45.646,45.31241982271018,0.8936761779593466,43.56081451390986,47.064025131510505,3.503210617600639,0.8569265703132203
ARE,2012,46.387,45.96869269261418,0.8936761777983505,44.21708738412941,47.72029800109895,3.503210616969534,1.0745801772898176
ARE,2013,47.63,46.98329442954628,0.893676177773954,45.231689121109326,48.73489973798323,3.5032106168739,1.661307307385826
ARE,2014,47.337,47.19931122821229,0.8936761777702571,45.447705919782585,48.95091653664199,3.503210616859408,0.3537055704537266
ARE,2015,49.041,48.32407641669911,0.8936761777696968,46.5724711082705,50.07568172512772,3.5032106168572112,1.8416887717877088
ARE,2016,49.886,49.27798203880256,0.8936761777696118,47.526376730374125,51.029587347231,3.503210616856878,1.5619235833008958
ARE,2017,52.162,51.03932361584662,0.893676177769599,49.2877183074182,52.79092892427504,3.503210616856828,2.8840179611974364
ARE,2018,52.505,51.93444867700577,0.8936761777695971,50.18284336857736,53.68605398543418,3.5032106168568204,1.465676384153383
ARE,2019,53.759,53.0487475988149,0.8936761777695967,51.29714229038649,54.80035290724331,3.503210616856819,1.824551322994232
ARE,2020,52.704,52.8382016564704,0.8936761777695967,51.08659634804199,54.589806964898806,3.503210616856819,-0.344747598814898
ARE,2021,52.919,52.88754721663324,0.8936761777695967,51.13594190820483,54.63915252506165,3.503210616856819,0.0807983435296009
ARE,2022,50.474,51.41353383737882,0.8936761777695967,49.66192852895041,53.16513914580723,3.503210616856819,-2.413547216633241
ARE,2023,49.122,50.01403706680296,0.8936761777695967,48.26243175837455,51.765642375231366,3.503210616856819,-2.2915338373788217
ARE,2024,55.908,53.61362698179993,0.8936761777695967,51.86202167337152,55.36523229022834,3.503210616856819,5.893962933197045
ARG,2000,57.291,57.291,0.7660994908547406,55.789444997924704,58.79255500207529,3.003110004150583,0.0
ARG,2001,52.491,53.96457771197105,0.6652834833021809,52.66062208469878,55.26853333924333,2.607911254544549,-4.799999999999997
ARG,2002,52.794,53.18014697103002,0.6542079935095865,51.89789930375123,54.46239463830881,2.564495334557579,-1.170577711971056
ARG,2003,51.141,51.81878428558024,0.6529821751936588,50.53893922220067,53.09862934895981,2.559690126759142,-2.0391469710300214
ARG,2004,50.632,51.02679993918217,0.6528464917249854,49.7472208154012,52.30637906296314,2.559158247561943,-1.186784285580238
ARG,2005,50.409,50.61453852369501,0.6528314731847372,49.334988836252926,51.894088211137095,2.5590993748841697,-0.61779993918217
ARG,2006,50.353,50.44001326717216,0.6528298108118361,49.16046683798096,51.71955969636336,2.5590928583823973,-0.2615385236950089
ARG,2007,50.734,50.63619117745893,0.6528296268070278,49.35664510891716,51.91573724600071,2.559092137083549,0.2939867328278467
ARG,2008,50.98,50.86561544938777,0.6528296064398953,49.586069420765575,52.14516147800996,2.5590920572443894,0.3438088225410638
ARG,2009,50.116,50.36539565792483,0.6528296041854971,49.08584963372125,51.644941682128405,2.5590920484071487,-0.7496154493877683
ARG,2010,50.08,50.17495060173096,0.6528296039359622,48.89540457801647,51.45449662544544,2.559092047428972,-0.2853956579248304
ARG,2011,50.115,50.13494545309779,0.6528296039083417,48.85539942943744,51.414491476758144,2.559092047320699,-0.0599506017309536
ARG,2012,49.764,49.88741285863892,0.6528296039052843,48.60786683498456,51.16695888229327,2.5590920473087144,-0.3709454530977893
ARG,2013,49.622,49.71030236179115,0.652829603904946,48.430756338137456,50.98984838544485,2.5590920473073884,-0.2654128586389177
ARG,2014,48.392,48.830596730761286,0.6528296039049085,47.55105070710766,50.11014275441491,2.5590920473072414,-1.3183023617911471
ARG,2015,49.322,49.15851105116684,0.6528296039049044,47.878965027513225,50.438057074820456,2.5590920473072254,0.4914032692387167
ARG,2016,49.338,49.27828436233775,0.652829603904904,47.99873833868414,50.55783038599136,2.559092047307224,0.1794889488331605
ARG,2017,53.109,51.83452807015224,0.652829603904904,50.55498204649863,53.11407409380585,2.559092047307224,3.830715637662252
ARG,2018,53.638,53.03798826113284,0.652829603904904,51.75844223747923,54.31753428478645,2.559092047307224,1.80347192984776
ARG,2019,54.359,53.919501864551606,0.652829603904904,52.639955840898,55.199047888205214,2.559092047307224,1.3210117388671634
ARG,2020,56.638,55.73356075347665,0.652829603904904,54.45401472982304,57.01310677713026,2.559092047307224,2.7184981354483924
ARG,2021,56.465,56.22165153035168,0.652829603904904,54.94210550669807,57.50119755400529,2.559092047307224,0.731439246523351
ARG,2022,54.977,55.39109323685621,0.652829603904904,54.1115472132026,56.670639260509816,2.559092047307224,-1.244651530351682
ARG,2023,55.321,55.34431988883934,0.652829603904904,54.06477386518573,56.62386591249295,2.559092047307224,-0.0700932368562092
ARG,2024,51.108,52.51741570580174,0.652829603904904,51.23786968214813,53.79696172945535,2.559092047307224,-4.23631988883934
ARM,2000,41.336,41.336,0.9062543512783028,39.559741471494526,43.11225852850547,3.5525170570109466,0.0
ARM,2001,42.532,42.05785070920288,0.7364939321027058,40.614322602281575,43.50137881612419,2.8870562138426066,1.195999999999998
ARM,2002,42.525,42.31382182997824,0.7017439986972008,40.93840359253173,43.68924006742475,2.750836474893027,0.4671492907971171
ARM,2003,42.784,42.56597148488196,0.6942390325148982,41.20526298115277,43.92667998861116,2.7214170074584008,0.4701781700217609
ARM,2004,41.871,42.19502005093688,0.6926057671494501,40.83751274732396,43.5525273545498,2.7150146072258443,-0.694971484881961
ARM,2005,43.089,42.67170487675452,0.6922498076700938,41.31489525372113,44.0285144997879,2.713619246066768,0.8939799490631231
ARM,2006,44.107,43.436856284854414,0.6921722046145637,42.08019876380987,44.79351380589896,2.7133150420890897,1.4352951232454814
ARM,2007,41.373,42.33667464570227,0.6921552851663847,40.98005028677616,43.69329900462838,2.713248717852228,-2.063856284854417
ARM,2008,40.745,41.48820832182462,0.6921515962407009,40.13159119319285,42.8448254504564,2.7132342572635477,-1.5916746457022697
ARM,2009,41.268,41.37082320697828,0.6921507919463856,40.01420765476336,42.7274387591932,2.7132311044298314,-0.2202083218246215
ARM,2010,41.89,41.64757749168779,0.6921506165864435,40.29096228317836,43.00419270019722,2.7132304170188584,0.519176793021721
ARM,2011,41.862,41.76187832746314,0.6921505783527853,40.405263193891685,43.1184934610346,2.7132302671429183,0.2144225083122108
ARM,2012,43.843,42.87124852681287,0.6921505700167158,41.51463340958011,44.227863644045634,2.713230234465526,2.0811216725368595
ARM,2013,43.454,43.18189212017744,0.6921505681992057,41.825277006507,44.53850723384789,2.7132302273408864,0.5827514731871304
ARM,2014,43.399,43.29762442624913,0.6921505678029347,41.94100931335538,44.65423953914288,2.713230225787504,0.2171078798225565
ARM,2015,43.068,43.17522000502184,0.6921505677165359,41.81860489229742,44.53183511774625,2.7132302254488208,-0.2296244262491313
ARM,2016,43.598,43.40058862731647,0.6921505676976984,42.04397351462899,44.75720374000396,2.713230225374978,0.4227799949781641
ARM,2017,47.957,45.829445635345344,0.6921505676935913,44.4728305226659,47.18606074802479,2.7132302253588776,4.556411372683527
ARM,2018,48.663,47.33991030002971,0.6921505676926959,45.98329518735202,48.6965254127074,2.713230225355368,2.8335543646546526
ARM,2019,48.105,47.74775176287007,0.6921505676925005,46.39113665019276,49.10436687554737,2.713230225354602,0.7650896999702894
ARM,2020,49.602,48.73618398660736,0.692150567692458,47.37956887393014,50.092799099284576,2.713230225354436,1.85424823712993
ARM,2021,50.434,49.64122788742398,0.6921505676924489,48.28461277474678,50.99784300010118,2.7132302253543994,1.6978160133926394
ARM,2022,48.806,49.195998310519165,0.6921505676924468,47.83938319784197,50.55261342319636,2.7132302253543914,-0.8352278874239829
ARM,2023,48.125,48.62508810524705,0.6921505676924463,47.268472992569855,49.98170321792425,2.7132302253543896,-1.0709983105191654
ARM,2024,46.958,47.73642413348791,0.6921505676924461,46.37980902081071,49.09303924616511,2.7132302253543887,-1.6670881052470534
AUS,2000,73.459,73.459,0.3646890205056222,72.74420951980899,74.17379048019102,1.4295809603820389,0.0
AUS,2001,73.731,73.63362192970153,0.3053414187844789,73.03515274888396,74.23209111051911,1.1969383616351572,0.2719999999999913
AUS,2002,75.353,74.67055069028265,0.2959440059632459,74.09050043859469,75.25060094197062,1.160100503375924,1.7193780702984611
AUS,2003,75.277,75.03251462272776,0.2944124528530547,74.45546621513577,75.60956303031975,1.1540968151839743,0.6064493097173482
AUS,2004,75.587,75.36290100778328,0.2941621573506394,74.78634317937602,75.93945883619054,1.153115656814507,0.5544853772722433
AUS,2005,75.913,75.69058260807391,0.2941212364031542,75.11410498472372,76.2670602314241,1.1529552467003643,0.5500989922167179
AUS,2006,76.546,76.20011233161831,0.294114545792951,75.62364782186413,76.7765768413725,1.152929019508368,0.8554173919260961
AUS,2007,76.376,76.30487911474195,0.2941134518611673,75.72841674909407,76.88134148038984,1.152924731295776,0.1758876683816908
AUS,2008,77.113,76.78623248833445,0.2941132730002382,76.20977047325398,77.36269450341491,1.1529240301609338,0.8081208852580488
AUS,2009,77.089,76.96657448521998,0.2941132437559642,76.39011252745829,77.54303644298167,1.15292391552338,0.3027675116655501
AUS,2010,77.303,77.16696470156843,0.2941132389744415,76.59050275317853,77.74342664995834,1.1529238967798108,0.3364255147800179
AUS,2011,77.259,77.2217850777174,0.2941132381926488,76.64532313085981,77.79824702457499,1.1529238937151831,0.0920352984315684
AUS,2012,77.419,77.33925518317223,0.2941132380648235,76.76279323656517,77.91571712977928,1.1529238932141082,0.1972149222825976
AUS,2013,77.812,77.62084332485712,0.2941132380439236,77.04438137829104,78.1973052714232,1.1529238931321806,0.4727448168277703
AUS,2014,77.99,77.84072969577319,0.2941132380405065,77.2642677492138,78.41719164233258,1.1529238931187855,0.3691566751428752
AUS,2015,76.859,77.25596719638254,0.2941132380399477,76.67950524982425,77.83242914294084,1.1529238931165953,-0.9817296957731968
AUS,2016,76.575,76.85035241109703,0.2941132380398564,76.27389046453892,77.42681435765515,1.152923893116237,-0.6809671963825394
AUS,2017,76.005,76.34682237537847,0.2941132380398415,75.77036042882038,76.92328432193655,1.1529238931161787,-0.8453524110970392
AUS,2018,76.176,76.24507286162925,0.2941132380398391,75.66861091507117,76.82153480818734,1.1529238931161692,-0.1708223753784636
AUS,2019,76.258,76.2527728484751,0.2941132380398387,75.67631090191702,76.82923479503319,1.1529238931161676,0.0129271383707418
AUS,2020,77.242,76.8420011707729,0.2941132380398386,76.26553922421482,77.41846311733099,1.1529238931161672,0.9892271515249008
AUS,2021,77.469,77.21546996169586,0.2941132380398386,76.63900801513778,77.79193190825394,1.1529238931161672,0.6269988292270909
AUS,2022,78.053,77.71434063925786,0.2941132380398386,77.13787869269977,78.29080258581594,1.1529238931161672,0.8375300383041377
AUS,2023,78.561,78.21864915315054,0.2941132380398386,77.64218720659245,78.79511109970862,1.1529238931161672,0.8466593607421515
AUS,2024,76.781,77.36232045527977,0.2941132380398386,76.78585850872169,77.93878240183786,1.1529238931161672,-1.4376491531505309
AUT,2000,69.045,69.045,0.5506165712158607,67.96579152041691,70.12420847958309,2.158416959166174,0.0
AUT,2001,69.225,69.17533590426972,0.4881457408613974,68.21857025218138,70.13210155635805,1.9135313041766775,0.1799999999999926
AUT,2002,69.998,69.75795735975052,0.4827649008353821,68.81173815411317,70.70417656538787,1.8924384112746977,0.8226640957302891
AUT,2003,70.116,70.0110416445355,0.4823018591371133,69.06573000062676,70.95635328844423,1.890623287817484,0.3580426402494794
AUT,2004,70.255,70.18345638599693,0.4822620315584723,69.23822280414232,71.12868996785154,1.8904671637092116,0.2439583554644997
AUT,2005,70.917,70.70187247231372,0.4822586060219513,69.7566456045107,71.64709934011675,1.890453735606049,0.733543614003068
AUT,2006,72.205,71.76417404938918,0.4822583113955595,70.81894775905388,72.70940033972448,1.8904525806705932,1.5031275276862743
AUT,2007,72.627,72.37395682222022,0.4822582860550963,71.42873058155223,73.31918306288821,1.8904524813359775,0.8628259506108122
AUT,2008,72.692,72.59872666014212,0.4822582838755934,71.65350042374595,73.54395289653829,1.890452472792326,0.3180431777797707
AUT,2009,72.104,72.24908975893389,0.482258283688137,71.30386352290515,73.19431599496264,1.890452472057497,-0.4947266601421205
AUT,2010,72.413,72.36492962238971,0.4822582836720141,71.41970338639256,73.31015585838686,1.8904524719942952,0.1639102410661053
AUT,2011,72.367,72.36639281503781,0.4822582836706274,71.42116657904339,73.31161905103224,1.8904524719888596,0.0020703776102948
AUT,2012,72.39,72.38307666020083,0.482258283670508,71.43785042420663,73.32830289619503,1.8904524719883915,0.0236071849621879
AUT,2013,73.035,72.84380876683633,0.4822582836704978,71.89858253084216,73.7890350028305,1.8904524719883515,0.6519233397991684
AUT,2014,73.346,73.19872108652818,0.482258283670497,72.25349485053401,74.14394732252235,1.8904524719883484,0.5021912331636713
AUT,2015,72.668,72.82364593688354,0.4822582836704969,71.87841970088937,73.7688721728777,1.890452471988348,-0.5307210865281746
AUT,2016,73.286,73.15040423576076,0.482258283670497,72.20517799976659,74.09563047175493,1.890452471988348,0.4623540631164644
AUT,2017,73.315,73.26672857724635,0.4822582836704969,72.32150234125218,74.21195481324052,1.890452471988348,0.1645957642392375
AUT,2018,73.012,73.08670490444591,0.4822582836704969,72.14147866845174,74.03193114044008,1.890452471988348,-0.2547285772463539
AUT,2019,73.183,73.15475928986947,0.4822582836704969,72.2095330538753,74.09998552586364,1.890452471988348,0.0962950955540975
AUT,2020,74.05,73.7874504563667,0.4822582836704969,72.84222422037253,74.73267669236087,1.890452471988348,0.8952407101305226
AUT,2021,74.767,74.47972498811002,0.4822582836704969,73.53449875211585,75.42495122410419,1.890452471988348,0.979549543633297
AUT,2022,75.824,75.4297610127695,0.4822582836704969,74.48453477677533,76.37498724876367,1.890452471988348,1.344275011889977
AUT,2023,75.765,75.66668360072384,0.4822582836704969,74.72145736472967,76.61190983671801,1.890452471988348,0.3352389872304968
AUT,2024,69.633,71.40251389483487,0.4822582836704969,70.4572876588407,72.34774013082904,1.890452471988348,-6.033683600723848
AZE,2000,34.488,34.488,1.0192536116475543,32.4902629211708,36.4857370788292,3.995474157658413,0.0
AZE,2001,32.846,33.474029611722415,0.837547346006565,31.83243681354955,35.11562240989528,3.2831855963457346,-1.642000000000003
AZE,2002,33.05,33.23296712265702,0.8036186965453461,31.657874477428145,34.8080597678859,3.1501852904577565,-0.4240296117224176
AZE,2003,33.863,33.58526900488365,0.7970015799001825,32.02314590827929,35.14739210148801,3.1242461932087155,0.6300328773429769
AZE,2004,34.163,33.90727365346667,0.7957040046746838,32.347693804304285,35.46685350262905,3.1191596983247605,0.5777309951163474
AZE,2005,33.573,33.72108184854833,0.7954493184223016,32.16200118444062,35.28016251265604,3.118161328215422,-0.334273653466667
AZE,2006,34.008,33.88087635349152,0.7953993199574955,32.321893686374835,35.43985902060821,3.117965334233382,0.2869181514516725
AZE,2007,34.788,34.38607198391173,0.7953895042160969,32.827108555648174,35.94503541217528,3.1179268565271,0.9071236465084738
AZE,2008,35.374,34.936266547160734,0.7953875771680559,33.377306895911346,36.49522619841012,3.117919302498779,0.9879280160882756
AZE,2009,35.831,35.434558937894764,0.7953871988452141,33.875600028158146,36.99351784763138,3.1179178194732398,0.8947334528392688
AZE,2010,36.662,36.11814176935547,0.7953871245719175,34.55918300519451,37.67710053351642,3.1179175283219167,1.2274410621052354
AZE,2011,37.474,36.87324228130248,0.7953871099903955,35.314283545721295,38.43220101688365,3.1179174711623503,1.3558582306445288
AZE,2012,37.694,37.33033621273602,0.7953871071277141,35.7713774827657,38.88929494270634,3.117917459940639,0.8207577186975286
AZE,2013,36.834,37.053918135508845,0.7953871065657052,35.49495940664006,38.612876864377625,3.117917457737565,-0.4963362127360184
AZE,2014,37.004,37.02611787697798,0.7953871064553701,35.46715914832545,38.585076605630505,3.117917457305051,-0.0499181355088467
AZE,2015,36.577,36.77599649398022,0.7953871064337088,35.21703776537015,38.334955222590295,3.1179174572201385,-0.4491178769779793
AZE,2016,37.018,36.910772361782726,0.7953871064294563,35.35181363318099,38.469731090384464,3.1179174572034687,0.2420035060197776
AZE,2017,40.13,38.70361497687345,0.7953871064286214,37.14465624827336,40.26257370547355,3.117917457200196,3.2192276382172764
AZE,2018,41.359,40.18244405140555,0.7953871064284576,38.62348532280577,41.74140278000532,3.1179174571995536,2.655385023126549
AZE,2019,43.016,41.76049954414936,0.7953871064284253,40.20154081554965,43.319458272749074,3.117917457199427,2.8335559485944515
AZE,2020,43.823,42.90914112108951,0.795387106428419,41.350182392489806,44.4680998496892,3.1179174571994026,2.062500455850639
AZE,2021,44.284,43.67482341040109,0.7953871064284178,42.11586468180139,45.23378213900079,3.1179174571993977,1.3748588789104943
AZE,2022,38.943,41.03959048790277,0.7953871064284175,39.48063175930307,42.59854921650247,3.1179174571993964,-4.731823410401091
AZE,2023,38.493,39.62135094010156,0.7953871064284176,38.06239221150186,41.180309668701256,3.117917457199397,-2.546590487902769
AZE,2024,42.357,41.1448804216117,0.7953871064284176,39.585921693012,42.7038391502114,3.117917457199397,2.735649059898442
BDI,2000,22.458,22.458,0.750737551249652,20.98655439955068,23.92944560044932,2.942891200898636,0.0
BDI,2001,23.763,23.39210767896964,0.6619736826272266,22.09463926102028,24.689576096919005,2.594936835898728,1.3050000000000033
BDI,2002,24.924,24.46171093929372,0.6537997469432089,23.18026343528503,25.74315844330241,2.5628950080173785,1.5318923210303588
BDI,2006,29.4,27.901797756734343,0.6530462747643153,26.621827058196285,29.1817684552724,2.559941397076116,4.938289060706278
BDI,2007,30.097,29.430683686318883,0.6529768458107051,28.1508490685299,30.710518304107865,2.559669235577964,2.1952022432656584
BDI,2008,28.945,29.092427652389222,0.6529704485039244,27.81260557332153,30.372249731456915,2.5596441581353835,-0.4856836863188825
BDI,2009,30.219,29.87703132956544,0.6529698590468724,28.597210405833568,31.156852253297306,2.55964184746374,1.1265723476107787
BDI,2010,29.358,29.51555093031392,0.6529698047334695,28.23573011303632,30.79537174759152,2.5596416345552004,-0.5190313295654363
BDI,2011,29.165,29.27140904313424,0.6529697997289563,27.991588235665485,30.551229850603,2.5596416149375085,-0.350550930313922
BDI,2012,29.905,29.712674714722063,0.6529697992678334,28.432853908157117,30.99249552128702,2.559641613129907,0.6335909568657598
BDI,2013,30.862,30.513124576449638,0.6529697992253448,29.23330376996796,31.79294538293131,2.559641612963352,1.149325285277932
BDI,2014,30.54,30.531842018187028,0.6529697992214301,29.252021211713025,31.81166282466103,2.5596416129480057,0.0268754235503649
BDI,2015,28.547,29.149494879966827,0.6529697992210692,27.86967407349353,30.429315686440123,2.5596416129465918,-1.9848420181870277
BDI,2016,27.424,27.947770567664023,0.652969799221036,26.667949761190798,29.22759137413726,2.559641612946461,-1.7254948799668277
BDI,2017,28.073,28.034986852801257,0.6529697992210329,26.755166046328032,29.31480765927448,2.559641612946449,0.1252294323359741
BDI,2018,29.535,29.0796739676058,0.6529697992210328,27.79985316113257,30.35949477407902,2.5596416129464488,1.500013147198743
BDI,2019,29.397,29.30067630872084,0.6529697992210326,28.020855502247617,30.580497115194067,2.559641612946448,0.3173260323942024
BDI,2020,29.914,29.72782680315501,0.6529697992210326,28.448005996681783,31.00764760962824,2.559641612946448,0.6133236912791595
BDI,2021,29.974,29.89927461161887,0.6529697992210326,28.61945380514565,31.179095418092096,2.559641612946448,0.2461731968449889
BDI,2022,24.552,26.175154662062493,0.6529697992210326,24.895333855589268,27.45497546853572,2.559641612946448,-5.347274611618872
BDI,2023,24.255,24.83785916059661,0.6529697992210326,23.55803835412339,26.11767996706984,2.559641612946448,-1.9201546620624936
BDI,2024,25.866,25.553909875975265,0.6529697992210326,24.27408906950204,26.83373068244849,2.559641612946448,1.0281408394033846
BEL,2000,66.576,66.576,0.6590870999408586,65.28418928411591,67.86781071588408,2.5836214317681656,0.0
BEL,2001,66.614,66.60346463865004,0.5838049419699642,65.45920695238891,67.74772232491117,2.28851537252226,0.0380000000000109
BEL,2002,70.461,69.329254439044,0.5772498699514906,68.19784469393909,70.46066418414892,2.2628194902098437,3.85753536134996
BEL,2003,70.554,70.19296771127674,0.5766794561383002,69.06267597724568,71.3232594453078,2.2605834680621366,1.224745560955995
BEL,2004,71.13,70.85366655144045,0.5766298423348062,69.72347206046423,71.98386104241668,2.26038898195244,0.9370322887232588
BEL,2005,71.917,71.60340876399704,0.5766255271820685,70.47322273072018,72.7335947972739,2.2603720665537086,1.063333448559547
BEL,2006,73.337,72.82573919926978,0.5766251518737646,71.6955539015972,73.95592449694236,2.260370595345157,1.7335912360029653
BEL,2007,72.303,72.45716329315893,0.5766251192315188,71.32697805946515,73.58734852685271,2.260370467387553,-0.522739199269779
BEL,2008,72.558,72.52826180706246,0.5766251163924765,71.39807657893321,73.65844703519171,2.260370456258508,0.1008367068410791
BEL,2009,72.27,72.3461651158903,0.5766251161455523,71.21597988824502,73.47635034353559,2.260370455290565,-0.2582618070624676
BEL,2010,72.159,72.21419768062917,0.5766251161240761,71.08401245302598,73.34438290823236,2.2603704552063784,-0.1871651158902949
BEL,2011,72.107,72.13861413552681,0.5766251161222083,71.00842890792728,73.26879936312633,2.2603704551990567,-0.1071976806291701
BEL,2012,72.315,72.262981275418,0.5766251161220458,71.13279604781879,73.39316650301721,2.2603704551984194,0.1763858644731897
BEL,2013,72.77,72.62047289661946,0.5766251161220316,71.49028766902028,73.75065812421865,2.260370455198364,0.5070187245819966
BEL,2014,72.944,72.84858721090929,0.5766251161220304,71.7184019833101,73.97877243850847,2.260370455198359,0.3235271033805418
BEL,2015,73.136,73.05123784084564,0.5766251161220304,71.92105261324646,74.18142306844483,2.260370455198359,0.287412789090709
BEL,2016,72.988,73.00664974744963,0.5766251161220304,71.87646451985044,74.13683497504881,2.260370455198359,-0.0632378408456446
BEL,2017,72.508,72.65505897183392,0.5766251161220304,71.52487374423474,73.78524419943311,2.260370455198359,-0.4986497474496332
BEL,2018,72.533,72.56899694373217,0.5766251161220304,71.43881171613299,73.69918217133136,2.260370455198359,-0.1220589718339226
BEL,2019,72.53,72.54150075875752,0.5766251161220304,71.41131553115834,73.6716859863567,2.260370455198359,-0.0389969437321724
BEL,2020,73.353,73.11367721948822,0.5766251161220304,71.98349199188904,74.24386244708741,2.260370455198359,0.8114992412424726
BEL,2021,74.368,73.99808219818946,0.5766251161220304,72.86789697059028,75.12826742578865,2.260370455198359,1.254322780511771
BEL,2022,76.311,75.62888732349651,0.5766251161220304,74.49870209589733,76.7590725510957,2.260370455198359,2.312917801810542
BEL,2023,76.208,76.03721135482736,0.5766251161220304,74.90702612722818,77.16739658242655,2.260370455198359,0.5791126765034846
BEL,2024,69.963,71.75437216274865,0.5766251161220304,70.62418693514947,72.88455739034784,2.260370455198359,-6.074211354827369
BEN,2000,35.45,35.45,0.6323242618047722,34.21064444686265,36.68935555313736,2.478711106274707,0.0
BEN,2001,32.448,33.33390049434416,0.5535486808025664,32.24894507997113,34.418855908717184,2.16991082874606,-3.0020000000000024
BEN,2002,31.363,31.98400272079133,0.5456462973366307,30.91453597801154,33.05346946357113,2.1389334855595923,-1.970900494344157
BEN,2003,32.381,32.255119237607715,0.5448504878997771,31.187212281324157,33.32302619389128,2.135813912567126,0.3969972792086658
BEN,2004,32.605,32.493988772840424,0.544770361294509,31.426238864703187,33.56173868097766,2.135499816274475,0.3498807623922815
BEN,2005,31.647,31.915752287499974,0.5447622939008064,30.848018191454397,32.983486383545554,2.135468192091161,-0.846988772840426
BEN,2006,31.831,31.8578923485252,0.5447614816528836,30.79015984448555,32.92562485256485,2.135465008079304,-0.0847522874999739
BEN,2007,31.889,31.879129371485604,0.5447613998734967,30.811397027733552,32.94686171523766,2.1354646875041072,0.0311076514747981
BEN,2008,32.008,31.967108639742737,0.5447613916397201,30.899376312128886,33.03484096735659,2.135464655227703,0.1288706285143988
BEN,2009,31.551,31.68303356421437,0.5447613908107205,30.61530123822536,32.75076589020338,2.1354646519780243,-0.4161086397427382
BEN,2010,34.526,33.62391108413861,0.5447613907272546,32.556178758313195,34.69164340996403,2.135464651650838,2.842966435785634
BEN,2011,34.354,34.122338763924404,0.5447613907188509,33.05460643811546,35.19007108973335,2.1354646516178954,0.730088915861387
BEN,2012,34.3,34.24362711081059,0.5447613907180049,33.1758947850033,35.311359436617884,2.135464651614579,0.1776612360755933
BEN,2013,35.209,34.90268186267932,0.5447613907179196,33.8349495368722,35.970414188486444,2.135464651614245,0.9653728891894104
BEN,2014,35.845,35.54599726248792,0.5447613907179111,34.47826493668081,36.61372958829502,2.1354646516142117,0.942318137320676
BEN,2015,36.876,36.45398280255392,0.5447613907179102,35.38625047674682,37.52171512836103,2.135464651614208,1.330002737512082
BEN,2016,37.949,37.47462280512288,0.5447613907179102,36.40689047931577,38.542355130929984,2.135464651614208,1.4950171974460744
BEN,2017,37.302,37.35677416728443,0.5447613907179102,36.28904184147732,38.424506493091535,2.135464651614208,-0.1726228051228773
BEN,2018,38.119,37.87714154311791,0.5447613907179102,36.8094092173108,38.944873868925015,2.135464651614208,0.762225832715572
BEN,2019,35.442,36.21468383021038,0.5447613907179102,35.14695150440328,37.28241615601749,2.135464651614208,-2.435141543117908
BEN,2020,35.545,35.75749436954469,0.5447613907179102,34.68976204373758,36.8252266953518,2.135464651614208,-0.6696838302103814
BEN,2021,33.602,34.28595024107067,0.5447613907179102,33.218217915263565,35.35368256687778,2.135464651614208,-2.155494369544691
BEN,2022,35.54,35.142083101188746,0.5447613907179102,34.07435077538164,36.20981542699585,2.135464651614208,1.254049758929327
BEN,2023,35.926,35.677258848319525,0.5447613907179102,34.60952652251242,36.74499117412663,2.135464651614208,0.7839168988112561
BEN,2024,32.658,33.61602746986488,0.5447613907179102,32.548295144057775,34.68375979567199,2.135464651614208,-3.019258848319524
BFA,2000,30.259,30.259,0.5679881762330077,29.145743174583306,31.37225682541669,2.22651365083339,0.0
BFA,2001,30.125,30.16887410627485,0.4862772085436056,29.21577077752938,31.121977435020312,1.906206657490934,-0.1340000000000003
BFA,2002,32.68,31.786096868992956,0.4758413747261324,30.853447774529734,32.71874596345617,1.8652981889264395,2.511125893725154
BFA,2003,32.769,32.41551550393996,0.4744887950270497,31.48551746568694,33.345513542192975,1.8599960765060348,0.9829031310070456
BFA,2004,30.249,31.029176487995866,0.4743133454060818,30.099522330999942,31.95883064499178,1.8593083139918407,-2.1665155039399586
BFA,2005,31.284,31.19222072787628,0.474290585034962,30.262611181207756,32.121830274544806,1.8592190933370512,0.2548235120041369
BFA,2006,30.318,30.632873286752023,0.4742876323919522,29.7032695272638,31.56247704624025,1.8592075189764528,-0.8742207278762777
BFA,2007,30.431,30.50371011275097,0.4742872493528146,29.57410710401945,31.433313121482485,1.8592060174630327,-0.2018732867520221
BFA,2008,30.748,30.660012371011515,0.4742871996620774,29.730409459673844,31.589615282349182,1.859205822675344,0.2442898872490317
BFA,2009,32.053,31.551277697928175,0.4742871932158186,30.621674799225172,32.48088059663118,1.8592057974060088,1.3929876289884824
BFA,2010,32.668,32.26578215109702,0.4742871923795611,31.33617925403308,33.19538504816096,1.85920579412788,1.116722302071821
BFA,2011,33.204,32.86607537487638,0.4742871922710754,31.936472478025077,33.79567827172769,1.859205793702616,0.9382178489029798
BFA,2012,32.264,32.480853788926105,0.4742871922570019,31.55125089210238,33.41045668574983,1.8592057936474475,-0.6020753748763781
BFA,2013,32.99,32.806617171873334,0.4742871922551761,31.877014275053188,33.73622006869348,1.8592057936402904,0.5091462110738973
BFA,2014,32.946,32.89579749105803,0.4742871922549393,31.966194594238356,33.825400387877714,1.859205793639362,0.1393828281266635
BFA,2015,34.981,34.22995771589692,0.4742871922549085,33.30035481907729,35.15956061271654,1.8592057936392412,2.0852025089419683
BFA,2016,34.142,34.17368035889485,0.4742871922549045,33.24407746207524,35.10328325571446,1.859205793639226,-0.0879577158969127
BFA,2017,34.987,34.694060854597055,0.474287192254904,33.764457957777445,35.623663751416665,1.859205793639224,0.8133196411051529
BFA,2018,36.375,35.76956413955577,0.474287192254904,34.83996124273616,36.69916703637538,1.859205793639224,1.6809391454029452
BFA,2019,36.032,35.937476601330864,0.474287192254904,35.007873704511255,36.86707949815048,1.859205793639224,0.2624358604442278
BFA,2020,35.391,35.587828381470096,0.474287192254904,34.65822548465049,36.517431278289706,1.859205793639224,-0.5464766013308662
BFA,2021,35.154,35.31025506737635,0.474287192254904,34.38065217055674,36.23985796419596,1.859205793639224,-0.4338283814700929
BFA,2022,33.331,34.043882437197546,0.474287192254904,33.114279540377936,34.973485334017155,1.859205793639224,-1.97925506737635
BFA,2023,31.954,32.70672788729581,0.474287192254904,31.7771249904762,33.63633078411542,1.859205793639224,-2.089882437197545
BFA,2024,32.031,32.27438174049307,0.474287192254904,31.344778843673456,33.20398463731268,1.859205793639224,-0.6757278872958139
BGD,2000,35.27,35.27,0.8939458991647715,33.51786603763705,37.02213396236296,3.5042679247259043,0.0
BGD,2001,36.27,35.83029139516298,0.7006858721262327,34.45694708579556,37.2036357045304,2.746688618734832,1.0
BGD,2002,35.681,35.75865338446744,0.6484414302164655,34.487708181243164,37.02959858769171,2.5418904064485446,-0.149291395162983
BGD,2003,33.306,34.63744582136656,0.6329090496093923,33.39694408413215,35.87794755860097,2.481003474468818,-2.452653384467439
BGD,2004,34.351,34.508441028740066,0.6282001871757664,33.277168661875564,35.73971339560457,2.4625447337290045,-0.2864458213665628
BGD,2005,34.205,34.37240577718683,0.626765330629036,33.14394572915392,35.600865825219735,2.4569200960658213,-0.3034410287400675
BGD,2006,36.349,35.25729246892777,0.626327463878851,34.029690639725224,36.48489429813032,2.455203658405096,1.9765942228131688
BGD,2007,35.934,35.56011329807958,0.6261937834308148,34.33277348255518,36.78745311360397,2.4546796310487937,0.6767075310722248
BGD,2008,36.441,35.95425117061101,0.6261529653790067,34.726991358468155,37.18151098275386,2.454519624285706,0.8808867019204243
BGD,2009,37.511,36.650764403870525,0.6261405014641411,35.42352902100081,37.87799978674024,2.4544707657394333,1.5567488293889935
BGD,2010,39.218,37.79937090616403,0.6261366955225902,36.57214298293975,39.02659882938831,2.4544558464485537,2.5672355961294784
BGD,2011,40.389,38.95799217893397,0.6261355333478934,37.730766533572094,40.18521782429583,2.454451290723742,2.589629093835974
BGD,2012,40.941,39.84520511866312,0.6261351784681392,38.61798016886557,41.07243006846068,2.4544498995951054,1.983007821066039
BGD,2013,41.195,40.44911351350517,0.6261350701026023,39.22188877610407,41.67633825090627,2.454449474802201,1.3497948813368763
BGD,2014,40.627,40.52870125876469,0.6261350370122648,39.30147658622065,41.75592593130873,2.454449345088078,0.1778864864948346
BGD,2015,39.849,40.22459783890913,0.6261350269078487,38.99737318616975,41.451822491648514,2.454449305478767,-0.6797012587646947
BGD,2016,39.354,39.83508586713053,0.6261350238223792,38.60786122043866,41.0623105138224,2.4544492933837265,-0.8705978389091342
BGD,2017,40.792,40.26321639185376,0.6261350228802048,39.03599174700856,41.49044103669896,2.454449289690403,0.9569141328694712
BGD,2018,39.778,40.04612695705272,0.626135022592504,38.81890231277141,41.27335160133403,2.4544492885626155,-0.4852163918537613
BGD,2019,41.082,40.509584286877896,0.6261350225046519,39.28235964276878,41.73680893098701,2.4544492882182354,1.03587304294728
BGD,2020,41.883,41.124060726266585,0.6261350224778256,39.89683608221005,42.351285370323126,2.4544492881130764,1.3734157131221068
BGD,2021,42.535,41.75532548668192,0.6261350224696339,40.52810084264144,42.9825501307224,2.4544492880809647,1.410939273733412
BGD,2022,41.943,41.8392924644891,0.6261350224671326,40.61206782045352,43.06651710852468,2.45444928807116,0.187674513318079
BGD,2023,42.342,42.06420756740509,0.6261350224663688,40.83698292337101,43.29143221143917,2.4544492880681656,0.5027075355109005
BGD,2024,43.719,42.80457405087774,0.6261350224661354,41.577349406844114,44.031798694911366,2.454449288067251,1.6547924325949095
BGR,2000,51.179,51.179,0.7742137320536153,49.66154108517492,52.69645891482509,3.034917829650172,0.0
BGR,2001,52.645,52.09469127872431,0.6397123276194265,50.84085511659023,53.34852744085838,2.507672324268152,1.466000000000001
BGR,2002,54.12,53.26676824598921,0.6157573655822822,52.05988380944794,54.473652682530485,2.4137688730825464,2.0253087212756924
BGR,2003,53.643,53.48137367202734,0.6113216711617457,52.28318319655032,54.67956414750436,2.3963809509540432,0.3762317540107887
BGR,2004,52.28,52.79794960076622,0.6104965958468834,51.60137627290633,53.99452292862612,2.393146655719783,-1.2013736720273371
BGR,2005,51.845,52.25611897136506,0.610343010927043,51.05984666994806,53.45239127278207,2.3925446028340085,-0.9529496007662246
BGR,2006,54.249,53.38913042435084,0.6103144177651831,52.19291416553108,54.5853466831706,2.392432517639518,1.9928810286349403
BGR,2007,53.87,53.66251414591672,0.6103090943951887,52.466308320902144,54.85871997093129,2.3924116500291395,0.4808695756491588
BGR,2008,53.172,53.38364820397947,0.6103081033050787,52.18744432150152,54.57985208645742,2.3924077649559083,-0.4905141459167197
BGR,2009,53.561,53.48447576656391,0.6103079187865389,52.28827224574229,54.68067928738553,2.3924070416432324,0.177351796020531
BGR,2010,52.883,53.14252643179661,0.610307884433359,51.94632297830723,54.33872988528599,2.3924069069787675,-0.6014757665639081
BGR,2011,52.979,53.04955884023897,0.6103078780375735,51.85335539928533,54.24576228119262,2.392406881907288,-0.1635264317966118
BGR,2012,53.202,53.13622426347502,0.6103078768468227,51.940020824855246,54.3324277020948,2.3924068772395453,0.1524411597610253
BGR,2013,52.886,52.99396746277741,0.6103078766251319,51.79776402459216,54.19017090096267,2.392406876370517,-0.2502242634750189
BGR,2014,53.408,53.22935208657075,0.610307876583858,52.03314864846639,54.42555552467511,2.392406876208723,0.4140325372225888
BGR,2015,54.529,53.968224295046895,0.6103078765761738,52.7720208569576,55.16442773313619,2.392406876178601,1.2996479134292542
BGR,2016,54.404,54.215970283933885,0.6103078765747431,53.019766845847386,55.412173722020384,2.3924068761729926,0.4357757049531088
BGR,2017,57.223,55.9255184348545,0.6103078765744768,54.72931499676853,57.12172187294048,2.392406876171949,3.007029716066114
BGR,2018,57.467,56.80187723679536,0.6103078765744272,55.60567379870949,57.99808067488124,2.3924068761717545,1.5414815651454958
BGR,2019,57.392,57.13737218493716,0.610307876574418,55.9411687468513,58.33357562302302,2.3924068761717185,0.59012276320464
BGR,2020,58.329,57.81483310823356,0.6103078765744162,56.618629670147705,59.01103654631941,2.3924068761717114,1.1916278150628372
BGR,2021,58.686,58.31010648082618,0.6103078765744159,57.113903042740326,59.50630991891203,2.39240687617171,0.8711668917664426
BGR,2022,60.137,59.348726891175055,0.6103078765744159,58.1525234530892,60.54493032926091,2.39240687617171,1.8268935191738225
BGR,2023,60.256,59.86452726962974,0.6103078765744159,58.66832383154389,61.06073070771559,2.39240687617171,0.9072731088249456
BGR,2024,56.516,57.9608318816139,0.6103078765744159,56.764628443528046,59.15703531969975,2.39240687617171,-3.348527269629741
BHR,2000,42.638,42.638,0.4633284061202639,41.72987632400428,43.54612367599572,1.8162473519914344,0.0
BHR,2001,44.732,44.30989025018624,0.4295944396052268,43.46788514856,45.151895351812485,1.684010203252489,2.094000000000001
BHR,2002,46.733,46.23137080732885,0.4281289169669761,45.39223813007357,47.07050348458412,1.678265354510546,2.4231097498137544
BHR,2003,48.048,47.671499798563616,0.428065926358775,46.83249058290042,48.51050901422681,1.6780184313263982,1.816629192671158
BHR,2004,47.314,47.38809616439532,0.4280632203576267,46.549092252494376,48.22710007629627,1.6780078238018967,-0.3574997985636159
BHR,2005,46.797,46.91951209575085,0.4280631041137295,46.08050841168794,47.75851577981376,1.67800736812582,-0.5910961643953243
BHR,2006,46.351,46.468831274707526,0.4280630991201506,45.62982760043203,47.30783494898302,1.6780073485509903,-0.5685120957508474
BHR,2007,45.856,45.98301698186539,0.4280630989056376,45.14401330801034,46.82202065572044,1.6780073477100996,-0.6128312747075242
BHR,2008,46.119,46.09081581086981,0.4280630988964226,45.25181213703282,46.929819484706805,1.6780073476739763,0.1359830181346097
BHR,2009,45.211,45.39335288165843,0.4280630988960267,44.55434920782222,46.23235655549464,1.6780073476724249,-0.8798158108698146
BHR,2010,46.166,46.00585917643896,0.4280630988960098,45.16685550260278,46.84486285027514,1.6780073476723585,0.7726471183415669
BHR,2011,45.13,45.31153281945772,0.428063098896009,44.47252914562154,46.15053649329389,1.6780073476723554,-0.8758591764389578
BHR,2012,44.629,44.77046350283426,0.4280630988960089,43.931459828998086,45.60946717667044,1.6780073476723552,-0.6825328194577196
BHR,2013,45.513,45.35909998101658,0.4280630988960089,44.52009630718041,46.19810365485276,1.6780073476723552,0.7425364971657373
BHR,2014,44.877,44.97692127863554,0.4280630988960089,44.13791760479937,45.81592495247172,1.6780073476723552,-0.4820999810165816
BHR,2015,42.725,43.19173898031144,0.4280630988960089,42.35273530647527,44.030742654147616,1.6780073476723552,-2.2519212786355425
BHR,2016,43.364,43.328296739215695,0.4280630988960089,42.48929306537952,44.16730041305187,1.6780073476723552,0.1722610196885554
BHR,2017,44.151,43.98048441196399,0.4280630988960089,43.14148073812781,44.81948808580016,1.6780073476723552,0.8227032607843086
BHR,2018,45.346,45.06297973672264,0.4280630988960089,44.223976062886464,45.90198341055881,1.6780073476723552,1.3655155880360113
BHR,2019,45.819,45.66230530106689,0.4280630988960089,44.82330162723071,46.50130897490306,1.6780073476723552,0.7560202632773638
BHR,2020,46.642,46.43894596381556,0.4280630988960089,45.59994228997939,47.27794963765174,1.6780073476723552,0.979694698933116
BHR,2021,49.197,48.62535864614568,0.4280630988960089,47.7863549723095,49.46436231998185,1.6780073476723552,2.75805403618444
BHR,2022,44.726,45.53419107472237,0.4280630988960089,44.6951874008862,46.37319474855855,1.6780073476723552,-3.899358646145679
BHR,2023,43.88,44.22285188509077,0.4280630988960089,43.3838482112546,45.06185555892694,1.6780073476723552,-1.6541910747223696
BHR,2024,46.27,45.84570283083867,0.4280630988960089,45.006699157002494,46.68470650467484,1.6780073476723552,2.047148114909234
BHS,2000,57.429,57.429,0.9225715333497974,55.6207597946344,59.2372402053656,3.6164804107312056,0.0
BHS,2001,59.057,58.64922447868419,0.8311480212693914,57.02017435699618,60.2782746003722,3.2581002433760142,1.628
BHS,2002,59.189,59.047639548781376,0.8247968524221537,57.43103771803396,60.6642413795288,3.2332036614948425,0.5397755213158106
BHS,2003,58.728,58.81196050600206,0.8243581527274703,57.19621852665622,60.4277024853479,3.2314839586916837,-0.3196395487813745
BHS,2004,57.441,57.80118783401552,0.824327868988962,56.18550521079715,59.41687045723389,3.2313652464367317,-1.3709605060020564
BHS,2005,58.938,58.63932491946491,0.8243257785745642,57.02364639345877,60.255003445471054,3.231357052012292,1.1368121659844803
BHS,2006,58.331,58.41200639963091,0.8243256342786756,56.79632815644471,60.02768464281712,3.231356486372408,-0.3083249194649085
BHS,2007,57.554,57.77942457524476,0.8243256243183065,56.16374635158088,59.39510279890864,3.2313564473277614,-0.8580063996309093
BHS,2008,56.641,56.94009902494251,0.8243256236307681,55.32442080262621,58.55577724725882,3.231356444632611,-1.1384245752447626
BHS,2009,54.446,55.10127625012051,0.8243256235833091,53.485598027897225,56.7169544723438,3.2313564444465714,-2.494099024942514
BHS,2010,53.87,54.19349400564719,0.824325623580033,52.57781578343032,55.80917222786405,3.2313564444337293,-1.2312762501205157
BHS,2011,54.641,54.52342646063353,0.824325623579807,52.90774823841711,56.139104682849954,3.2313564444328438,0.4475059943528094
BHS,2012,54.201,54.28571131256447,0.8243256235797913,52.67003309034808,55.90138953478085,3.231356444432782,-0.3224264606335296
BHS,2013,57.973,57.00423625801982,0.8243256235797903,55.38855803580344,58.61991448023621,3.231356444432778,3.687288687435533
BHS,2014,56.898,56.925911520788695,0.8243256235797903,55.31023329857231,58.54158974300508,3.231356444432778,-0.1062362580198197
BHS,2015,56.955,56.94735756504087,0.8243256235797903,55.33167934282448,58.563035787257256,3.231356444432778,0.0290884792113033
BHS,2016,58.064,57.77062381076074,0.8243256235797903,56.15494558854435,59.38630203297713,3.231356444432778,1.1166424349591324
BHS,2017,52.881,54.16565402666435,0.8243256235797903,52.54997580444796,55.78133224888074,3.231356444432778,-4.889623810760739
BHS,2018,54.071,54.09586851365268,0.8243256235797903,52.48019029143629,55.71154673586906,3.231356444432778,-0.0946540266643509
BHS,2019,52.928,53.2348348500301,0.8243256235797903,51.61915662781372,54.85051307224649,3.231356444432778,-1.167868513652678
BHS,2020,54.515,54.17866138207096,0.8243256235797903,52.56298315985457,55.79433960428735,3.231356444432778,1.2801651499698965
BHS,2021,54.183,54.181860112105056,0.8243256235797903,52.56618188988867,55.797538334321445,3.231356444432778,0.0043386179290436
BHS,2022,57.778,56.833183841082906,0.8243256235797903,55.21750561886652,58.448862063299295,3.231356444432778,3.5961398878949424
BHS,2023,59.021,58.44619364537435,0.8243256235797903,56.83051542315796,60.06187186759074,3.231356444432778,2.1878161589170944
BHS,2024,67.927,65.43610161377019,0.8243256235797903,63.8204233915538,67.05177983598658,3.231356444432778,9.480806354625656
BIH,2000,30.13,30.13,1.5235459031776837,27.143850029771738,33.11614997022826,5.97229994045652,0.0
BIH,2001,30.765,30.459885890879924,1.1508409522924818,28.20423762438666,32.71553415737319,4.511296532986528,0.6350000000000016
BIH,2002,32.698,31.37383961061882,1.0203314883114771,29.373989893528325,33.373689327709315,3.9996994341809904,2.238114109120076
BIH,2003,32.751,31.878864651332123,0.9669065327315972,29.98372784717819,33.77400145548605,3.790273608307861,1.377160389381178
BIH,2004,33.453,32.429120972445965,0.9440212797086928,30.578839264216928,34.279402680675005,3.7005634164580754,1.5741353486678804
BIH,2005,37.64,34.212397645673754,0.9340586971220048,32.381642599314624,36.04315269203288,3.6615100927182582,5.210879027554036
BIH,2006,40.077,36.20067967934789,0.9296939582054587,34.37847952126519,38.022879837430594,3.644400316165399,5.864602354326244
BIH,2007,39.384,37.27547698674683,0.9277765980452316,35.457034854578175,39.09391911891549,3.636884264337308,3.183320320652108
BIH,2008,39.251,37.94126891160617,0.9269333648800224,36.124479516441326,39.75805830677102,3.633578790329688,1.9755230132531665
BIH,2009,40.386,38.76453415345016,0.9265623350266708,36.94847197679788,40.58059633010243,3.632124353304549,2.44473108839383
BIH,2010,41.734,39.76415183754393,0.926399042917928,37.94840971342479,41.57989396166307,3.631484248238278,2.969465846549845
BIH,2011,43.309,40.95727655662896,0.9263271703194632,39.14167530280282,42.77287781045511,3.631202507652296,3.54484816245607
BIH,2012,44.764,42.23845572340534,0.926295534442243,40.42291647589854,44.053994970912136,3.631078495013592,3.806723443371041
BIH,2013,44.336,42.94437756673235,0.9262816091439764,41.12886561281016,44.75988952065454,3.631023907844387,2.097544276594661
BIH,2014,44.039,43.312764383485394,0.9262754795361198,41.4972644435946,45.128264323376186,3.630999879781589,1.0946224332676522
BIH,2015,44.439,43.69178816741869,0.926272781408774,41.8762935158575,45.50728281897989,3.6309893031223934,1.126235616514606
BIH,2016,43.002,43.45964717751881,0.9262715937467072,41.64415485377526,45.27513950126236,3.630984647487092,-0.6897881674186905
BIH,2017,44.589,43.83971862351489,0.9262710709610896,42.02422732443115,45.65520992259863,3.630982598167471,1.129352822481188
BIH,2018,44.867,44.18543885941784,0.9262708408410124,42.36994801136945,46.00092970746622,3.630981696096769,1.0272813764851063
BIH,2019,44.269,44.21356043504188,0.9262707395466095,42.39806978553053,46.02905108455323,3.6309812990227095,0.0835611405821623
BIH,2020,45.345,44.59433384245468,0.9262706949587718,42.77884328033549,46.40982440457388,3.630981124238385,1.1314395649581217
BIH,2021,45.72,44.97316425773143,0.926270675332067,43.15767373408058,46.78865478138229,3.6309810473017023,1.125666157545318
BIH,2022,46.345,45.43484029796527,0.9262706666927708,43.61934979124744,47.2503308046831,3.630981013435661,1.3718357422685656
BIH,2023,45.527,45.4658556190013,0.9262706628899194,43.65036511973706,47.281346118265546,3.630980998528484,0.0921597020347277
BIH,2024,45.17,45.36628870669711,0.9262706612159776,43.550798210713786,47.18177920268042,3.630980991966633,-0.2958556190013013
BLR,2000,39.944,39.944,0.8848339709289463,38.20972541697927,41.67827458302074,3.4685491660414693,0.0
BLR,2001,37.608,38.2583107783453,0.7831869872461715,36.7232642833428,39.793357273347794,3.0700929900049925,-2.3360000000000056
BLR,2002,39.381,39.05008311906912,0.7742540999680764,37.532545083131694,40.56762115500655,3.0350760718748595,1.1226892216547029
BLR,2003,39.278,39.2104949738216,0.7734693539806575,37.69449504001951,40.72649490762368,3.0319998676041773,0.2279168809308771
BLR,2004,38.53,38.73163614027915,0.773400445642244,37.215771266820354,40.247501013737946,3.031729746917596,-0.6804949738215953
BLR,2005,38.796,38.77692776141833,0.7733943950781111,37.26107474706523,40.29278077577143,3.0317060287061954,0.0643638597208493
BLR,2006,37.805,38.09300166286695,0.7733938638044126,36.5771496898103,39.6088536359236,3.0317039461132973,-0.9719277614183284
BLR,2007,36.409,36.90800356525139,0.7733938171555973,35.39215168362642,38.42385544687636,3.0317037632499413,-1.6840016628669474
BLR,2008,34.781,35.41127395546265,0.7733938130595694,33.89542208186589,36.927125829059406,3.031703747193512,-2.127003565251393
BLR,2009,35.967,35.80232719044767,0.773393812699915,34.28647531755583,37.31817906333951,3.031703745783666,0.5557260445373515
BLR,2010,35.868,35.848539825029654,0.7733938126683356,34.33268795219972,37.36439169785959,3.0317037456598754,0.065672809552332
BLR,2011,36.987,36.6496513415051,0.7733938126655625,35.13379946868059,38.1655032143296,3.031703745649005,1.1384601749703478
BLR,2012,36.522,36.559825661150605,0.7733938126653191,35.04397378832658,38.07567753397463,3.031703745648051,-0.1276513415050999
BLR,2013,37.18,36.996229863947946,0.7733938126652976,35.48037799112396,38.51208173677193,3.0317037456479667,0.6201743388493952
BLR,2014,38.408,37.98966410035949,0.7733938126652959,36.47381222753551,39.50551597318347,3.03170374564796,1.4117701360520556
BLR,2015,37.172,37.41429032637295,0.7733938126652958,35.89843845354897,38.93014219919693,3.03170374564796,-0.8176641003594938
BLR,2016,38.234,37.99110352910585,0.7733938126652956,36.47525165628187,39.50695540192983,3.0317037456479587,0.8197096736270524
BLR,2017,44.251,42.3960667109795,0.7733938126652956,40.88021483815552,43.91191858380348,3.0317037456479587,6.259896470894148
BLR,2018,44.155,43.6337926723484,0.7733938126652956,42.11794079952442,45.14964454517238,3.0317037456479587,1.7589332890205045
BLR,2019,44.302,44.103996722822586,0.7733938126652956,42.588144849998606,45.619848595646566,3.0317037456479587,0.6682073276516007
BLR,2020,44.512,44.39110041893109,0.7733938126652956,42.87524854610711,45.90695229175507,3.0317037456479587,0.4080032771774142
BLR,2021,43.022,43.42769200383668,0.7733938126652956,41.911840131012696,44.943543876660655,3.0317037456479587,-1.3691004189310902
BLR,2022,39.295,40.51959980078401,0.7733938126652956,39.00374792796003,42.03545167360799,3.0317037456479587,-4.132692003836674
BLR,2023,36.881,37.95919033865484,0.7733938126652956,36.44333846583086,39.47504221147882,3.0317037456479587,-3.6385998007840072
BLR,2024,42.662,41.26846286511024,0.7733938126652956,39.75261099228626,42.78431473793422,3.0317037456479587,4.702809661345157
BOL,2000,43.672,43.672,0.810188919182891,42.08402971840153,45.25997028159846,3.175940563196933,0.0
BOL,2001,44.543,44.18628390183282,0.6514512328959362,42.90943948535679,45.46312831830886,2.5536888329520697,0.8710000000000022
BOL,2002,41.527,42.78202342335242,0.6160713420620484,41.57452359291081,43.98952325379403,2.41499966088323,-2.659283901832822
BOL,2003,40.473,41.595782354016976,0.6076616539771895,40.40476551222169,42.78679919581226,2.382033683590583,-2.3090234233524214
BOL,2004,40.325,40.94726115858042,0.605642051978252,39.76020273670305,42.1343195804578,2.374116843754748,-1.2707823540169727
BOL,2005,37.525,39.20357317530761,0.6051559893239066,38.01746743623276,40.38967891438247,2.3722114781497137,-3.422261158580426
BOL,2006,37.054,38.108760407256,0.6050389485061181,36.92288406818401,39.29463674632799,2.3717526781439826,-2.1495731753076086
BOL,2007,37.302,37.6979024224489,0.6050107624290344,36.51208132808799,38.88372351680981,2.371642188721814,-0.8067604072560002
BOL,2008,36.817,37.24929628177865,0.6050039743878849,36.06348849197839,38.435104071578905,2.3716155796005087,-0.8809024224488979
BOL,2009,37.122,37.18447004946788,0.6050023396154102,35.99866546382167,38.37027463511408,2.371609171292408,-0.1272962817786478
BOL,2010,36.056,36.60979209854917,0.605001945910443,35.42398828456469,37.79559591253364,2.3716076279689364,-1.1284700494678788
BOL,2011,36.139,36.37003938749807,0.6050018510937843,35.18423575935425,37.55584301564189,2.3716072562876347,-0.4707920985491611
BOL,2012,35.44,35.89641324043212,0.6050018282589196,34.710609657044635,37.0822168238196,2.3716071667749645,-0.93003938749807
BOL,2013,34.005,34.93320376636939,0.6050018227595584,33.747400193760654,36.11900733897812,2.3716071452174687,-1.8914132404321151
BOL,2014,35.041,34.98809941308854,0.6050018214351374,33.80229584307567,36.17390298310141,2.3716071400257386,0.1077962336306086
BOL,2015,34.993,34.99059505582543,0.6050018211161747,33.80479148643773,36.17639862521313,2.371607138775405,0.0049005869114608
BOL,2016,35.956,35.48223123736956,0.6050018210393584,34.29642766813242,36.66803480660671,2.371607138474285,0.9654049441745728
BOL,2017,35.999,35.745397717630965,0.6050018210208586,34.55959414843008,36.93120128683185,2.3716071384017656,0.5167687626304414
BOL,2018,34.639,35.18196042387542,0.6050018210164032,33.996156854683264,36.36776399306757,2.3716071383843005,-1.106397717630962
BOL,2019,35.251,35.217119093595755,0.6050018210153302,34.031315524405706,36.402922662785805,2.371607138380094,0.069039576124581
BOL,2020,35.523,35.372890121833386,0.6050018210150718,34.18708655264385,36.55869369102293,2.371607138379081,0.3058809064042478
BOL,2021,36.52,35.95706023994914,0.6050018210150095,34.771256670759726,37.14286380913856,2.3716071383788373,1.1471098781666171
BOL,2022,37.398,36.69086435570822,0.6050018210149947,35.50506078651883,37.87666792489761,2.371607138378779,1.4409397600508598
BOL,2023,37.566,37.13653054900287,0.605001821014991,35.95072697981349,38.32233411819225,2.371607138378765,0.875135644291781
BOL,2024,35.597,36.35251869471463,0.6050018210149901,35.16671512552525,37.538322263904014,2.3716071383787614,-1.539530549002869
BRA,2000,55.519,55.519,0.4860958445071587,54.56625214476597,56.47174785523403,1.9054957104680623,0.0
BRA,2001,55.679,55.61619845744411,0.3962856919247396,54.83947850127162,56.392918413616606,1.5534399123449796,0.1600000000000037
BRA,2002,57.601,56.71538488825153,0.3783692482016544,55.97378116177629,57.45698861472677,1.4832074529504853,1.9848015425558856
BRA,2003,57.493,57.1375134811554,0.3746094565075752,56.40327894640055,57.87174801591024,1.468469069509695,0.7776151117484744
BRA,2004,57.312,57.23183218542685,0.3738149542343991,56.49915487512743,57.96450949572628,1.4653546205988446,0.1744865188446027
BRA,2005,58.492,57.91240348364091,0.3736468457489458,57.18005566597297,58.64475130130885,1.4646956353358678,1.260167814573144
BRA,2006,58.055,57.989400066101446,0.3736112662466459,57.25712198425802,58.72167814794487,1.464556163686852,0.1425965163590916
BRA,2007,57.798,57.88605562784378,0.3736037355622884,57.153792306141696,58.618318949545866,1.4645266434041704,-0.1914000661014441
BRA,2008,57.598,57.73052436999167,0.3736021416142244,56.99826417242779,58.46278456755555,1.4645203951277597,-0.2880556278437822
BRA,2009,57.824,57.780995024445296,0.3736018042376089,57.04873548813959,58.51325456075101,1.4645190726114272,0.0934756300083279
BRA,2010,57.715,57.74536209208794,0.3736017328281046,57.01310269574486,58.47762148843103,1.4645187926861702,-0.0659950244452929
BRA,2011,58.198,57.989756495840965,0.373601717713489,57.25749712912253,58.7220158625594,1.4645187334368768,0.4526379079120559
BRA,2012,58.448,58.23717754497768,0.3736017145143125,57.50491818452963,58.96943690542574,1.464518720896105,0.4582435041590358
BRA,2013,58.571,58.41741949275868,0.3736017138371711,57.68516013363783,59.149678851879536,1.464518718241711,0.3338224550223145
BRA,2014,59.135,58.80486529297297,0.3736017136938467,58.07260593413303,59.53712465181291,1.464518717679879,0.7175805072413155
BRA,2015,59.482,59.17047304809852,0.3736017136635104,58.43821368931803,59.902732406879,1.464518717560961,0.6771347070270295
BRA,2016,59.957,59.595145347770014,0.3736017136570895,58.86288598900212,60.32740470653791,1.4645187175357908,0.7865269519014859
BRA,2017,59.86,59.73814926387036,0.3736017136557304,59.00588990510513,60.4704086226356,1.4645187175304633,0.2648546522299853
BRA,2018,60.181,59.97725923978036,0.3736017136554427,59.244999881015694,60.709518598545024,1.4645187175293355,0.4428507361296354
BRA,2019,59.887,59.92852524683694,0.3736017136553819,59.19626588807239,60.66078460560149,1.464518717529097,-0.0902592397803587
BRA,2020,61.1,60.561043784473256,0.373601713655369,59.82878442570873,61.29330314323778,1.4645187175290464,1.1714747531630607
BRA,2021,60.99,60.792651642365534,0.3736017136553662,60.06039228360102,61.52491100113005,1.4645187175290355,0.4289562155267461
BRA,2022,60.73,60.7588239178648,0.3736017136553656,60.02656455910029,61.49108327662932,1.4645187175290333,-0.0626516423655374
BRA,2023,62.136,61.50240750700136,0.3736017136553655,60.77014814823684,62.234666865765874,1.4645187175290326,1.3771760821352004
BRA,2024,60.188,60.792714778291774,0.3736017136553655,60.06045541952726,61.52497413705629,1.4645187175290328,-1.3144075070013557
BRB,2000,53.302,53.302,0.7736626014965787,51.78562130106671,54.818378698933294,3.0327573978665887,0.0
BRB,2001,56.747,56.10119827010081,0.7229334210596328,54.68424876482393,57.51814777537769,2.8338990105537603,3.4450000000000003
BRB,2002,56.989,56.8188063086913,0.721043953268891,55.405560160284274,58.23205245709833,2.826492296814053,0.8878017298991878
BRB,2003,56.119,56.2532637021109,0.7209743647906299,54.84015394712127,57.66637345710053,2.826219509979269,-0.6998063086913007
BRB,2004,56.544,56.48821813628866,0.7209718030591884,55.07511340229265,57.901322870284666,2.8262094679920184,0.2907362978890973
BRB,2005,56.296,56.332879804047735,0.7209717087568622,54.919775254884286,57.74598435321119,2.8262090983269,-0.192218136288659
BRB,2006,57.282,57.09989768156068,0.720971705285412,55.68679313920127,58.51300222392008,2.826209084718815,0.9491201959522612
BRB,2007,56.867,56.91168475964955,0.7209717051576213,55.49858021754061,58.32478930175849,2.826209084217876,-0.2328976815606793
BRB,2008,57.237,57.17458360654866,0.7209717051529171,55.76147906444894,58.587688148648375,2.826209084199435,0.3253152403504487
BRB,2009,56.569,56.68518989818425,0.7209717051527439,55.27208535608487,58.09829444028362,2.826209084198756,-0.605583606548656
BRB,2010,55.092,55.39767632620242,0.7209717051527375,53.98457178410305,56.81078086830179,2.82620908419873,-1.5931898981842494
BRB,2011,56.243,56.08081253235859,0.7209717051527372,54.66770799025923,57.493917074457954,2.8262090841987297,0.84532367379758
BRB,2012,57.637,57.33842312066313,0.7209717051527372,55.92531857856377,58.75152766276249,2.8262090841987297,1.5561874676414078
BRB,2013,56.578,56.72389807916094,0.7209717051527372,55.31079353706158,58.1370026212603,2.8262090841987297,-0.7604231206631269
BRB,2014,56.344,56.41688889372298,0.7209717051527372,55.003784351623615,57.82999343582234,2.8262090841987297,-0.3798980791609381
BRB,2015,56.908,56.8137732923771,0.7209717051527372,55.40066875027774,58.22687783447646,2.8262090841987297,0.4911111062770246
BRB,2016,57.34,57.23903586074762,0.7209717051527372,55.82593131864826,58.65214040284698,2.8262090841987297,0.5262267076229037
BRB,2017,50.027,51.41073249093907,0.7209717051527372,49.99762794883971,52.82383703303843,2.8262090841987297,-7.212035860747619
BRB,2018,51.974,51.86592905187563,0.7209717051527372,50.45282450977627,53.279033593974994,2.8262090841987297,0.5632675090609283
BRB,2019,52.472,52.35571659834662,0.7209717051527372,50.942612056247256,53.76882114044598,2.8262090841987297,0.6060709481243691
BRB,2020,50.562,50.906150248916205,0.7209717051527372,49.49304570681685,52.31925479101557,2.8262090841987297,-1.79371659834662
BRB,2021,52.675,52.33562081228886,0.7209717051527372,50.9225162701895,53.74872535438822,2.8262090841987297,1.768849751083792
BRB,2022,57.475,56.4889364109381,0.7209717051527372,55.07583186883874,57.90204095303746,2.8262090841987297,5.139379187711143
BRB,2023,57.413,57.2357051505889,0.7209717051527372,55.82260060848954,58.64880969268826,2.8262090841987297,0.9240635890618948
BRB,2024,49.329,50.846014754833874,0.7209717051527372,49.43291021273451,52.25911929693324,2.8262090841987297,-7.906705150588898
BWA,2000,46.405,46.405,0.3895851002770449,45.64141320345699,47.16858679654301,1.527173593086016,0.0
BWA,2001,46.267,46.29212004224688,0.3651064768524566,45.57651134761606,47.007728736877695,1.43121738926163,-0.1379999999999981
BWA,2002,47.675,47.41797165901939,0.3642495283170434,46.70404258351799,48.1319007345208,1.4278581510028103,1.3828799577531186
BWA,2003,48.599,48.379332128881934,0.3642198673200174,47.6654611889347,49.09320306882917,1.4277418798944683,1.1810283409806033
BWA,2004,49.223,49.0660763351635,0.3642188411313978,48.352207406545965,49.77994526378104,1.4277378572350794,0.8436678711180647
BWA,2005,49.313,49.26707173746172,0.3642188056286423,48.55320287842958,49.98094059649386,1.4277377180642776,0.2469236648365012
BWA,2006,48.767,48.86001427928851,0.3642188044003642,48.14614542266379,49.57388313591322,1.4277377132494276,-0.5000717374617167
BWA,2007,48.54,48.59952325506643,0.3642188043578699,47.885654398525006,49.313392111607854,1.42773771308285,-0.3200142792885074
BWA,2008,48.089,48.18395828122826,0.3642188043563997,47.47008942468971,48.8978271377668,1.427737713077087,-0.5105232550664311
BWA,2009,47.661,47.75827121937495,0.3642188043563489,47.0444023628365,48.472140075913394,1.4277377130768876,-0.5229582812282558
BWA,2010,48.12,48.05271776958618,0.364218804356347,47.33884891304774,48.76658662612462,1.4277377130768805,0.3617287806250502
BWA,2011,47.406,47.52629071590825,0.364218804356347,46.81242185936981,48.24015957244669,1.4277377130768805,-0.6467177695861821
BWA,2012,47.849,47.78897546899248,0.364218804356347,47.07510661245404,48.50284432553092,1.4277377130768805,0.3227092840917436
BWA,2013,48.711,48.53950171104648,0.364218804356347,47.82563285450804,49.25337056758492,1.4277377130768805,0.9220245310075156
BWA,2014,49.292,49.15203390945037,0.364218804356347,48.43816505291193,49.86590276598881,1.4277377130768805,0.7524982889535252
BWA,2015,48.41,48.54801969637095,0.364218804356347,47.83415083983251,49.26188855290939,1.4277377130768805,-0.7420339094503703
BWA,2016,48.471,48.48532580771892,0.364218804356347,47.77145695118048,49.19919466425736,1.4277377130768805,-0.0770196963709537
BWA,2017,46.81,47.12161373672945,0.364218804356347,46.40774488019101,47.83548259326789,1.4277377130768805,-1.675325807718913
BWA,2018,46.784,46.84679678710179,0.364218804356347,46.13292793056335,47.56066564364023,1.4277377130768805,-0.3376137367294518
BWA,2019,46.363,46.45298710815048,0.364218804356347,45.73911825161204,47.16685596468892,1.4277377130768805,-0.4837967871017881
BWA,2020,45.821,45.93855078530292,0.364218804356347,45.22468192876448,46.65241964184136,1.4277377130768805,-0.6319871081504829
BWA,2021,46.881,46.70570268164175,0.364218804356347,45.99183382510331,47.41957153818019,1.4277377130768805,0.9424492146970778
BWA,2022,49.498,48.97862747113174,0.364218804356347,48.2647586145933,49.69249632767018,1.4277377130768805,2.792297318358244
BWA,2023,50.243,50.00782434251093,0.364218804356347,49.29395548597249,50.72169319904937,1.4277377130768805,1.2643725288682646
BWA,2024,44.951,45.89157879493889,0.364218804356347,45.17770993840045,46.60544765147733,1.4277377130768805,-5.056824342510929
CAF,2000,18.435,18.435,0.8878123494231439,16.694887795130636,20.17511220486936,3.480224409738724,0.0
CAF,2001,13.313,14.528129150219844,0.8063097232749268,12.947762092600987,16.1084962078387,3.160734115237713,-5.121999999999998
CAF,2002,21.442,19.736216924574872,0.8012825274439797,18.165703170784678,21.30673067836507,3.1410275075804,6.913870849780155
CAF,2003,20.96,20.657361534850924,0.8009747819752121,19.08745096217951,22.22727210752234,3.1398211453428315,1.2237830754251284
CAF,2004,20.127,20.258175835180552,0.8009559549503396,18.68830216347789,21.828049506883215,3.139747343405331,-0.5303615348509254
CAF,2005,21.859,21.463060116012507,0.8009548032100693,19.89318870172077,23.032931530304243,3.139742828583472,1.60082416481945
CAF,2006,20.531,20.76153123502951,0.800954732752711,19.191659958834197,22.331402511224823,3.139742552390627,-0.932060116012508
CAF,2007,17.297,18.153900404648667,0.8009547284425045,16.584029136901357,19.723771672395976,3.1397425354946176,-3.464531235029508
CAF,2008,16.335,16.784878032595834,0.8009547281788288,15.215006765365333,18.354749299826334,3.139742534461009,-1.8189004046486656
CAF,2009,16.618,16.659274805813997,0.8009547281626986,15.089403538615109,18.229146073012885,3.1397425343977785,-0.1668780325958359
CAF,2010,18.164,17.791828545028785,0.8009547281617118,16.22195727783183,19.36169981222574,3.13974253439391,1.5047251941860047
CAF,2011,18.091,18.017004378664787,0.8009547281616515,16.44713311146795,19.586875645861625,3.139742534393674,0.2991714549712156
CAF,2012,18.098,18.07796693459037,0.8009547281616478,16.508095667393544,19.64783820178721,3.13974253439366,0.0809956213352123
CAF,2013,14.347,15.269799324329671,0.8009547281616475,13.699928057132842,16.8396705915265,3.1397425343936582,-3.7309669345903753
CAF,2014,13.484,13.92569097147486,0.8009547281616476,12.355819704278032,15.49556223867169,3.1397425343936587,-1.7857993243296717
CAF,2015,13.415,13.541311835961098,0.8009547281616476,11.971440568764269,15.111183103157927,3.1397425343936587,-0.5106909714748618
CAF,2016,14.122,13.978375396829891,0.8009547281616476,12.408504129633062,15.54824666402672,3.1397425343936587,0.5806881640389019
CAF,2017,17.735,16.80585463196521,0.8009547281616476,15.235983364768382,18.37572589916204,3.1397425343936587,3.756624603170108
CAF,2018,15.842,16.08039514493772,0.8009547281616476,14.510523877740892,17.650266412134552,3.1397425343936587,-0.9638546319652104
CAF,2019,17.676,17.281350809063046,0.8009547281616476,15.711479541866217,18.85122207625988,3.1397425343936587,1.5956048550622768
CAF,2020,16.25,16.50508932307242,0.8009547281616476,14.93521805587559,18.07496059026925,3.1397425343936587,-1.0313508090630457
CAF,2021,14.575,15.052378962197285,0.8009547281616476,13.482507695000455,16.622250229394115,3.1397425343936587,-1.9300893230724192
CAF,2022,14.178,14.394264665345345,0.8009547281616476,12.824393398148516,15.964135932542174,3.1397425343936587,-0.8743789621972837
CAF,2023,11.741,12.397245655180884,0.8009547281616476,10.827374387984054,13.967116922377713,3.1397425343936587,-2.653264665345345
CAF,2024,11.53,11.744500347673712,0.8009547281616476,10.174629080476883,13.314371614870542,3.1397425343936587,-0.8672456551808843
CAN,2000,74.23,74.23,0.3013078309020913,73.63943665143191,74.8205633485681,1.181126697136198,0.0
CAN,2001,74.391,74.35614102103827,0.2770094004885544,73.8132025960807,74.89907944599584,1.0858768499151334,0.1610000000000013
CAN,2002,75.416,75.17916693828228,0.2757795054001992,74.63863910769788,75.71969476886667,1.0810556611687807,1.059858978961728
CAN,2003,74.669,74.78317755789251,0.2757178534762495,74.24277056507907,75.32358455070596,1.080813985626898,-0.510166938282282
CAN,2004,74.749,74.75664967899799,0.2757147648294892,74.21624873993218,75.29705061806379,1.0808018781315976,-0.0341775578925194
CAN,2005,74.711,74.72121742837817,0.2757146100986595,74.18081679258479,75.26161806417154,1.0808012715867452,-0.0456496789979894
CAN,2006,75.226,75.1130182465468,0.2757146023471761,74.57261762594634,75.65341886714727,1.0808012412009305,0.5047825716218313
CAN,2007,75.49,75.40562295860529,0.2757146019588535,74.86522233876595,75.94602357844464,1.080801239678706,0.3769817534531938
CAN,2008,76.211,76.03073840545099,0.2757146019393999,75.49033778564977,76.57113902525221,1.0808012396024476,0.8053770413947063
CAN,2009,76.492,76.38875922423159,0.2757146019384253,75.84835860443228,76.9291598440309,1.0808012395986273,0.4612615945490148
CAN,2010,76.806,76.7126120789555,0.2757146019383765,76.17221145915629,77.25301269875472,1.080801239598436,0.4172407757684055
CAN,2011,76.738,76.73231760915117,0.275714601938374,76.19191698935195,77.27271822895038,1.0808012395984263,0.0253879210444978
CAN,2012,77.077,76.99985228632619,0.275714601938374,76.45945166652697,77.5402529061254,1.080801239598426,0.3446823908488312
CAN,2013,76.54,76.64292534071838,0.275714601938374,76.10252472091916,77.18332596051759,1.080801239598426,-0.459852286326182
CAN,2014,76.737,76.71594396386091,0.275714601938374,76.1755433440617,77.25634458366012,1.080801239598426,0.0940746592816168
CAN,2015,76.066,76.2114721568586,0.275714601938374,75.67107153705939,76.75187277665782,1.080801239598426,-0.6499439638609061
CAN,2016,75.681,75.79973166473191,0.275714601938374,75.2593310449327,76.34013228453112,1.080801239598426,-0.5304721568586075
CAN,2017,75.605,75.64858535020302,0.275714601938374,75.1081847304038,76.18898597000224,1.080801239598426,-0.1947316647319041
CAN,2018,75.346,75.41372544400039,0.275714601938374,74.87332482420118,75.9541260637996,1.080801239598426,-0.3025853502030173
CAN,2019,75.695,75.6320443936618,0.275714601938374,75.09164377386259,76.17244501346102,1.080801239598426,0.2812745559996017
CAN,2020,76.609,76.39033524255709,0.275714601938374,75.84993462275787,76.9307358623563,1.080801239598426,0.976955606338194
CAN,2021,76.221,76.25890105660898,0.275714601938374,75.71850043680976,76.79930167640819,1.080801239598426,-0.1693352425570822
CAN,2022,77.044,76.86827710234579,0.275714601938374,76.32787648254657,77.408677722145,1.080801239598426,0.78509894339102
CAN,2023,77.667,77.48822775329138,0.275714601938374,76.94782713349217,78.0286283730906,1.080801239598426,0.7987228976542156
CAN,2024,73.777,74.60765669639846,0.275714601938374,74.06725607659925,75.14805731619768,1.080801239598426,-3.711227753291382
CHE,2000,71.364,71.364,0.5087528173985864,70.36684447789878,72.36115552210123,1.9943110442024583,0.0
CHE,2001,71.624,71.55284302952843,0.4516814873589239,70.66754731430494,72.43813874475192,1.770591430446982,0.2599999999999909
CHE,2002,72.025,71.8884892306523,0.4468545153015067,71.01265438066135,72.76432408064325,1.7516696999819064,0.4721569704715733
CHE,2003,70.976,71.24100338396106,0.4464468380702551,70.36596758134336,72.11603918657876,1.7500716052354002,-0.912489230652298
CHE,2004,72.002,71.78090956508116,0.4464124235007368,70.90594121501971,72.65587791514261,1.7499367001228885,0.7609966160389376
CHE,2005,72.483,72.27901694697968,0.4464095184832293,71.40405429075255,73.1539796032068,1.7499253124542589,0.7020904349188442
CHE,2006,73.861,73.40137459756392,0.4464092732645699,72.52641242196536,74.27633677316247,1.749924351197114,1.5819830530203234
CHE,2007,73.252,73.29539893207803,0.4464092525651518,72.42043679705033,74.17036106710573,1.7499242700553952,-0.14937459756392
CHE,2008,74.128,73.88609810720926,0.4464092508178709,73.01113597560624,74.76106023881229,1.749924263206054,0.8326010679219706
CHE,2009,73.962,73.93994764831622,0.4464092506703793,73.06498551700227,74.81490977963017,1.7499242626278868,0.0759018927907391
CHE,2010,74.71,74.48627085897077,0.4464092506579292,73.61130872768123,75.3612329902603,1.7499242625790823,0.7700523516837734
CHE,2011,74.097,74.21009781044862,0.4464092506568783,73.33513567916114,75.08505994173609,1.7499242625749631,-0.3892708589707752
CHE,2012,74.483,74.40371166029091,0.4464092506567896,73.5287495290036,75.27867379157821,1.7499242625746152,0.2729021895513881
CHE,2013,74.555,74.51104505301845,0.446409250656782,73.63608292173116,75.38600718430574,1.7499242625745857,0.1512883397090973
CHE,2014,74.894,74.78273719928936,0.4464092506567815,73.90777506800207,75.65769933057665,1.7499242625745834,0.3829549469815561
CHE,2015,74.826,74.8134305308977,0.4464092506567814,73.93846839961041,75.688392662185,1.749924262574583,0.0432628007106359
CHE,2016,75.138,75.0437003743074,0.4464092506567814,74.16873824302012,75.9186625055947,1.749924262574583,0.3245694691023004
CHE,2017,73.861,74.20461889586272,0.4464092506567814,73.32965676457543,75.07958102715001,1.749924262574583,-1.1827003743074016
CHE,2018,74.26,74.24390970843614,0.4464092506567814,73.36894757714884,75.11887183972343,1.749924262574583,0.0553811041372824
CHE,2019,75.029,74.80090177241831,0.4464092506567814,73.92593964113102,75.6758639037056,1.749924262574583,0.7850902915638613
CHE,2020,75.501,75.29759516037784,0.4464092506567814,74.42263302909055,76.17255729166513,1.749924262574583,0.7000982275816909
CHE,2021,75.339,75.32697033840235,0.4464092506567814,74.45200820711506,76.20193246968964,1.749924262574583,0.0414048396221602
CHE,2022,77.573,76.92044399413498,0.4464092506567814,76.0454818628477,77.79540612542228,1.749924262574583,2.246029661597646
CHE,2023,77.836,77.56999658047792,0.4464092506567814,76.69503444919063,78.44495871176521,1.749924262574583,0.9155560058650138
CHE,2024,72.901,74.25751893296318,0.4464092506567814,73.38255680167589,75.13248106425047,1.749924262574583,-4.668996580477923
CHL,2000,61.571,61.571,0.4548221099244992,60.67954866454798,62.462451335452016,1.782902670904037,0.0
CHL,2001,61.597,61.59147419170824,0.4191024537619556,60.7700333823348,62.41291500108167,1.6428816187468662,0.0260000000000033
CHL,2002,64.734,64.0456411511968,0.4173650904995812,63.22760557381763,64.86367672857598,1.6360711547583582,3.142525808291758
CHL,2003,64.73,64.5798794390667,0.4172814282611702,63.76200783967481,65.3977510384586,1.6357431987837872,0.6843588488031997
CHL,2004,64.839,64.78215556010883,0.4172774018556048,63.964291852471845,65.60001926774582,1.6357274152739707,0.2591205609332974
CHL,2005,65.241,65.1403409041371,0.4172772080825516,64.3224775762953,65.95820423197891,1.6357266556836023,0.4588444398911662
CHL,2006,65.815,65.66699649488528,0.4172771987571262,64.84913318532132,66.48485980444924,1.6357266191279347,0.6746590958628929
CHL,2007,64.863,65.03937693019108,0.4172771983083354,64.22151362150674,65.85724023887542,1.6357266173686746,-0.8039964948852827
CHL,2008,65.552,65.43954318705802,0.4172771982867371,64.62167987841602,66.25740649570002,1.6357266172840097,0.5126230698089245
CHL,2009,65.506,65.49142102019589,0.4172771982856976,64.67355771155592,66.30928432883586,1.6357266172799347,0.0664568129419791
CHL,2010,64.635,64.82287757348777,0.4172771982856476,64.0050142648479,65.64074088212764,1.6357266172797384,-0.8564210201958815
CHL,2011,64.792,64.79877377533394,0.4172771982856452,63.98091046669408,65.6166370839738,1.6357266172797291,-0.0308775734877713
CHL,2012,66.006,65.74116444786796,0.4172771982856451,64.9233011392281,66.55902775650782,1.635726617279729,1.2072262246660586
CHL,2013,66.314,66.18833405882835,0.4172771982856451,65.37047075018849,67.0061973674682,1.635726617279729,0.5728355521320339
CHL,2014,66.723,66.60570752668949,0.4172771982856451,65.78784421804963,67.42357083532934,1.635726617279729,0.534665941171653
CHL,2015,66.976,66.89476699692582,0.4172771982856451,66.07690368828597,67.71263030556568,1.635726617279729,0.3702924733105135
CHL,2016,66.601,66.66544520773274,0.4172771982856451,65.84758189909289,67.4833085163726,1.635726617279729,-0.2937669969258252
CHL,2017,64.942,65.32008121943794,0.4172771982856451,64.50221791079808,66.1379445280778,1.635726617279729,-1.7234452077327518
CHL,2018,64.111,64.37624249206971,0.4172771982856451,63.55837918342984,65.19410580070956,1.635726617279729,-1.209081219437934
CHL,2019,63.435,63.641485304895006,0.4172771982856451,62.82362199625514,64.45934861353487,1.635726617279729,-0.9412424920697048
CHL,2020,66.043,65.51616711877489,0.4172771982856451,64.69830381013503,66.33403042741475,1.635726617279729,2.401514695105
CHL,2021,65.783,65.72446347057215,0.4172771982856451,64.90660016193229,66.542326779212,1.635726617279729,0.2668328812251133
CHL,2022,66.373,66.23072713817882,0.4172771982856451,65.41286382953896,67.04859044681868,1.635726617279729,0.648536529427858
CHL,2023,67.138,66.9389667911569,0.4172771982856451,66.12110348251704,67.75683009979676,1.635726617279729,0.907272861821184
CHL,2024,62.297,63.31533261487894,0.4172771982856451,62.49746930623908,64.1331959235188,1.635726617279729,-4.641966791156904
CHN,2000,55.807,55.807,1.559826288084288,52.7497404753548,58.864259524645206,6.114519049290409,0.0
CHN,2001,54.894,55.19556290329568,1.3326974326720065,52.58347593525855,57.80764987133281,5.224173936074266,-0.9130000000000038
CHN,2002,55.663,55.494847316128855,1.30308131993386,52.94080792905849,58.04888670319922,5.108078774140731,0.467437096704316
CHN,2003,56.255,55.97862133263239,1.299157815785463,53.43227201369289,58.5249706515719,5.092698637879015,0.7601526838711479
CHN,2004,56.891,56.55880956259149,1.29863754184531,54.01347998057469,59.1041391446083,5.090659164033615,0.9123786673676052
CHN,2005,57.411,57.10066607614658,1.2985685440525436,54.55547172980359,59.64586042248957,5.090388692685971,0.8521904374085096
CHN,2006,57.09,57.093884257049176,1.298559393566888,54.54870784565807,59.63906066844028,5.090352822782201,-0.0106660761465775
CHN,2007,56.379,56.63933971989344,1.298558180027546,54.09416568703944,59.18451375274743,5.090348065707981,-0.714884257049178
CHN,2008,57.022,56.88264637419368,1.2985580190876644,54.33747265678186,59.427820091605504,5.090347434823644,0.3826602801065633
CHN,2009,57.673,57.3851764252196,1.2985579977437771,54.8400027496418,59.9303501007974,5.090347351155607,0.7903536258063184
CHN,2010,57.28,57.318302164918734,1.2985579949131458,54.773128494888965,59.8634758349485,5.090347340059531,-0.1051764252195965
CHN,2011,57.605,57.50059306898589,1.2985579945377468,54.95541939969191,60.04576673827987,5.090347338587967,0.286697835081263
CHN,2012,57.347,57.40293408459278,1.2985579944879615,54.85776041539638,59.94810775378918,5.090347338392809,-0.1535930689858915
CHN,2013,57.642,57.5549392151341,1.2985579944813588,55.00976554595064,60.10011288431756,5.090347338366926,0.2390659154072238
CHN,2014,57.948,57.80485880660895,1.298557994480483,55.2596851374272,60.3500324757907,5.090347338363493,0.3930607848659022
CHN,2015,58.357,58.15592639412161,1.298557994480367,55.610752724940085,60.70110006330313,5.090347338363038,0.5521411933910514
CHN,2016,58.434,58.33273375994611,1.2985579944803516,55.78756009076462,60.8779074291276,5.090347338362978,0.2780736058783901
CHN,2017,62.198,60.7903835608164,1.2985579944803496,58.24520989163491,63.33555722999788,5.09034733836297,3.865266240053892
CHN,2018,63.596,62.57427689567289,1.2985579944803491,60.0291032264914,65.11945056485438,5.090347338362968,2.805616439183602
CHN,2019,64.923,64.06766402896606,1.2985579944803494,61.52249035978458,66.61283769814754,5.090347338362969,2.3487231043271137
CHN,2020,66.378,65.53664349545576,1.2985579944803491,62.99146982627428,68.08181716463724,5.090347338362968,2.310335971033936
CHN,2021,66.76,66.31448949184038,1.2985579944803494,63.76931582265889,68.85966316102186,5.090347338362969,1.2233565045442418
CHN,2022,62.829,64.0983129017803,1.2985579944803491,61.55313923259882,66.64348657096178,5.090347338362968,-3.485489491840376
CHN,2023,63.945,64.00083205592634,1.2985579944803494,61.45565838674485,66.54600572510782,5.090347338362969,-0.1533129017803034
CHN,2024,78.636,73.30630167939897,1.2985579944803491,70.76112801021749,75.85147534858045,5.090347338362968,14.635167944073658
CIV,2000,25.703,25.703,1.7019906042442918,22.367098415681188,29.03890158431881,6.671803168637624,0.0
CIV,2001,27.596,26.796111603363336,1.3537910864874292,24.14268107384797,29.449542132878697,5.306861059030722,1.893000000000001
CIV,2002,23.785,25.26733057417718,1.269415863773652,22.77927548118082,27.755385667173535,4.976110185992716,-3.011111603363336
CIV,2003,24.645,24.962256625446788,1.2473453085893318,22.5174598206117,27.40705343028188,4.889593609670181,-0.6223305741771803
CIV,2004,23.8,24.39783824766912,1.2414929650088853,21.9645120362517,26.831164459086533,4.866652422834831,-1.162256625446787
CIV,2005,22.936,23.689715393534847,1.2399362312836308,21.25944038021893,26.119990406850764,4.860550026631833,-1.4618382476691174
CIV,2006,20.754,22.268588424257864,1.23952180412585,19.8391256881712,24.69805116034453,4.858925472173332,-2.9357153935348457
CIV,2007,20.96,21.63523711237196,1.2394114536910998,19.205990663137403,24.06448356160651,4.858492898469112,-1.308588424257863
CIV,2008,22.544,22.07505368480169,1.2393820687851822,19.64586482998273,24.50424253962065,4.858377709637914,0.9087628876280434
CIV,2009,22.473,22.26764646857642,1.23937424384445,19.838472950641297,24.696819986511542,4.858347035870244,0.3979463151983076
CIV,2010,19.107,20.7380038212422,1.2393721601235943,18.308834387399955,23.16717325508444,4.858338867684489,-3.16064646857642
CIV,2011,20.542,20.643144893319583,1.2393716052443489,18.21397654704066,23.072313239598508,4.858336692557847,-0.196003821242197
CIV,2012,22.107,21.351598902345916,1.2393714574841233,18.92243084567703,23.780766959014795,4.858336113337763,1.4638551066804162
CIV,2013,24.476,22.863698243865574,1.2393714181366686,20.434530264317708,25.292866223413448,4.858335959095741,3.1244010976540864
CIV,2014,26.911,24.822448745361303,1.2393714076587323,22.393280786350186,27.25161670437242,4.858335918022232,4.047301756134424
CIV,2015,31.036,27.829587158711792,1.2393714048685356,25.400419205169463,30.25875511225412,4.858335907084659,6.213551254638698
CIV,2016,34.711,31.15994688703962,1.2393714041255268,28.730778934953587,33.58911483912565,4.858335904172065,6.881412841288206
CIV,2017,36.955,33.96454703963692,1.239371403927669,31.535379087938686,36.39371499133515,4.858335903396463,5.795053112960378
CIV,2018,36.61,35.24485243651054,1.239371403874981,32.81568448491558,37.674020388105504,4.858335903189926,2.6454529603630803
CIV,2019,35.308,35.27541361735348,1.2393714038609505,32.846245665786014,37.70458156892094,4.858335903134925,0.0631475634894584
CIV,2020,32.161,33.76814789688012,1.2393714038572143,31.338979945319984,36.19731584844026,4.85833590312028,-3.114413617353477
CIV,2021,33.14,33.464146595614984,1.2393714038562194,31.034978644056796,35.893314547173176,4.85833590311638,-0.6281478968801224
CIV,2022,33.979,33.7133173811436,1.2393714038559545,31.284149429585927,36.14248533270127,4.858335903115341,0.5148534043850148
CIV,2023,33.645,33.68025419193319,1.2393714038558838,31.251086240375656,36.10942214349072,4.858335903115065,-0.0683173811435935
CIV,2024,30.177,31.984803425801157,1.239371403855865,29.555635474243655,34.41397137735865,4.85833590311499,-3.503254191933188
CMR,2000,23.548,23.548,0.6220276721822329,22.328825762522825,24.76717423747717,2.4383484749543527,0.0
CMR,2001,24.516,24.183207679294945,0.5263046015748063,23.151650660208325,25.214764698381565,2.0631140381732407,0.968
CMR,2002,24.912,24.636809092794422,0.5125689350081551,23.632173980178443,25.64144420541041,2.009270225231968,0.728792320705054
CMR,2003,24.962,24.83762073501312,0.5105546347042627,23.83693365099277,25.83830781903348,2.0013741680407096,0.3251909072055738
CMR,2004,26.253,25.710631868232475,0.5102587402107238,24.71052473741946,26.710738999045493,2.000214261626037,1.4153792649868784
CMR,2005,25.721,25.71702588030574,0.5102152648635854,24.717003961173116,26.71704779943837,2.000043838265255,0.0103681317675246
CMR,2006,25.585,25.63560774699708,0.5102088768968404,24.635598348279277,26.63561714571489,2.0000187974356143,-0.1320258803057399
CMR,2007,24.945,25.20972316589181,0.5102079382889548,24.209715606845453,26.20973072493816,2.000015118092703,-0.690607746997081
CMR,2008,25.411,25.333846670458804,0.5102078003756901,24.33383938172245,26.33385395919516,2.0000145774727054,0.2012768341081958
CMR,2009,24.845,25.032384470985097,0.5102077801115621,24.032377221966435,26.03239172000376,2.000014498037324,-0.4888466704588055
CMR,2010,24.372,24.62513826306678,0.5102077771340755,23.62513101988399,25.62514550624957,2.000014486365576,-0.6603844709850968
CMR,2011,24.834,24.75393921756611,0.510207776696582,23.75393197524081,25.75394645989141,2.0000144846506016,0.208861736933219
CMR,2012,26.652,25.924436236327335,0.5102077766322993,24.924428994128032,26.924443478526644,2.0000144843986134,1.898060782433891
CMR,2013,26.799,26.463762630682783,0.510207776622854,25.46375538850199,27.463769872863576,2.0000144843615875,0.8745637636726613
CMR,2014,26.617,26.558261123882247,0.5102077766214662,25.55825388170417,27.55826836606032,2.000014484356148,0.1532373693172175
CMR,2015,25.918,26.16342459196704,0.5102077766212623,25.163417349789366,27.163431834144717,2.000014484355348,-0.6402611238822473
CMR,2016,26.872,26.600389208859127,0.5102077766212323,25.60038196668151,27.600396451036744,2.0000144843552303,0.70857540803296
CMR,2017,28.045,27.49125247302659,0.5102077766212278,26.491245230848985,28.4912597152042,2.000014484355213,1.4446107911408743
CMR,2018,27.627,27.57496532199865,0.5102077766212273,26.574958079821048,28.57497256417626,2.000014484355211,0.1357475269734074
CMR,2019,29.001,28.45437305995206,0.5102077766212272,27.454365817774452,29.454380302129668,2.0000144843552103,1.426034678001347
CMR,2020,29.51,29.10535757932667,0.5102077766212272,28.105350337149066,30.10536482150428,2.0000144843552103,1.05562694004794
CMR,2021,28.755,28.88929890202836,0.5102077766212272,27.889291659850752,29.889306144205964,2.0000144843552103,-0.3503575793266726
CMR,2022,29.336,29.164770745854145,0.5102077766212272,28.16476350367654,30.16477798803175,2.0000144843552103,0.4467010979716406
CMR,2023,28.043,28.47299663311201,0.5102077766212272,27.472989390934405,29.473003875289617,2.0000144843552103,-1.1217707458541462
CMR,2024,32.679,31.066756773562037,0.5102077766212272,30.066749531384428,32.06676401573964,2.0000144843552103,4.206003366887991
COD,2000,14.371,14.371,0.7516821082703838,12.897703067790047,15.844296932209954,2.946593864419905,0.0
COD,2001,14.632,14.55586832581916,0.6595365892499991,13.26317661088916,15.84856004074916,2.5853834298599967,0.2609999999999992
COD,2002,16.91,16.17811360083434,0.6505351644339485,14.9030646785438,17.45316252312488,2.550097844581078,2.35413167418084
COD,2003,18.216,17.578627472964936,0.6496532502154418,16.30530710254267,18.8519478433872,2.546640740844532,2.037886399165661
COD,2004,19.44,18.857494061033712,0.6495668668088148,17.584343002088435,20.13064511997899,2.546302117890554,1.8613725270350656
COD,2005,19.097,19.02204369267413,0.6495584058226251,17.74890921726179,20.29517816808648,2.5462689508246905,0.239505938966289
COD,2006,20.901,20.312954392629567,0.6495575770978608,19.03982154151776,21.58608724374137,2.5462657022236144,1.8789563073258648
COD,2007,21.648,21.230178610156344,0.6495574959271185,19.95704591813919,22.503311302173497,2.546265384034305,1.3350456073704322
COD,2008,20.193,20.517599721018584,0.6495574879767234,19.244467044584205,21.790732397452963,2.5462653528687555,-1.0371786101563425
COD,2009,19.482,19.806105587029258,0.6495574871980097,18.53297291212116,21.07923826193736,2.546265349816198,-1.0355997210185848
COD,2010,18.743,19.075713937192777,0.6495574871217373,17.80258126243417,20.348846611951384,2.5462653495172103,-1.0631055870292592
COD,2011,19.229,19.181026957530666,0.6495574871142668,17.9078942827867,20.454159632274624,2.5462653494879257,0.1532860628072221
COD,2012,19.387,19.32253782168444,0.649557487113535,18.049405146941915,20.59567049642697,2.5462653494850573,0.2059730424693384
COD,2013,19.427,19.394307083077077,0.6495574871134633,18.121174408334685,20.667439757819466,2.546265349484776,0.1044621783155577
COD,2014,18.914,19.064318898358582,0.6495574871134563,17.79118622361621,20.33745157310096,2.5462653494847487,-0.4803070830770721
COD,2015,21.127,20.48145476073885,0.6495574871134556,19.208322085996475,21.754587435481223,2.546265349484746,2.062681101641413
COD,2016,19.997,20.148616972775624,0.6495574871134556,18.87548429803325,21.421749647518,2.546265349484746,-0.4844547607388492
COD,2017,26.047,24.20101756503541,0.6495574871134556,22.92788489029304,25.474150239777785,2.546265349484746,5.8983830272243765
COD,2018,22.631,23.12235921391749,0.6495574871134556,21.84922653917512,24.395491888659866,2.546265349484746,-1.5700175650354105
COD,2019,23.47,23.36120089661461,0.6495574871134556,22.08806822187224,24.634333571356983,2.546265349484746,0.3476407860825077
COD,2020,23.005,23.116478111108467,0.6495574871134556,21.843345436366093,24.38961078585084,2.546265349484746,-0.356200896614613
COD,2021,21.711,22.150864263452952,0.6495574871134556,20.877731588710574,23.423996938195327,2.546265349484746,-1.4054781111084689
COD,2022,20.271,20.859330122753114,0.6495574871134556,19.58619744801074,22.13246279749549,2.546265349484746,-1.8798642634529517
COD,2023,20.513,20.621388912749573,0.6495574871134556,19.3482562380072,21.894521587491948,2.546265349484746,-0.3463301227531126
COD,2024,21.488,21.21678179704063,0.6495574871134556,19.94364912229825,22.489914471783003,2.546265349484746,0.8666110872504262
COG,2000,24.003,24.003,0.4690391191031354,23.083683326557853,24.922316673442147,1.8386333468842908,0.0
COG,2001,24.892,24.66522596220841,0.4213532218622187,23.83937364735846,25.49107827705836,1.6517046296998972,0.8889999999999993
COG,2002,24.559,24.58738708172289,0.4179045039507124,23.768294253979494,25.40647990946629,1.6381856554867926,-0.1062259622084091
COG,2003,26.245,25.80058889252497,0.4176563239361673,24.981982497610083,26.619195287439855,1.637212789829776,1.6576129182771062
COG,2004,26.395,26.235599375613152,0.4176384750966698,25.41702796442368,27.054170786802626,1.6371428223789457,0.5944111074750289
COG,2005,26.859,26.69182257936265,0.4176371914856963,25.873253684050688,27.51039147467462,1.6371377906239293,0.62340062438685
COG,2006,23.709,24.50890485589239,0.4176370991742755,23.69033614151081,25.32747357027397,1.63713742876316,-2.9828225793626544
COG,2007,24.717,24.66119502794021,0.4176370925356626,23.84262632657031,25.479763729310108,1.6371374027397974,0.2080951441076095
COG,2008,24.417,24.482485895188983,0.4176370920582441,23.663917194754823,25.301054595623143,1.6371374008683168,-0.2441950279402078
COG,2009,24.401,24.422852110745787,0.4176370920239103,23.604283410378923,25.24142081111265,1.6371374007337285,-0.0814858951889831
COG,2010,22.171,22.774880237121025,0.4176370920214412,21.956311536759,23.59344893748305,1.6371374007240496,-2.251852110745787
COG,2011,22.188,22.345383948556787,0.4176370920212637,21.52681524819511,23.163952648918464,1.6371374007233537,-0.5868802371210258
COG,2012,22.554,22.498055335600448,0.4176370920212509,21.6794866352388,23.3166240359621,1.6371374007233035,0.2086160514432116
COG,2013,22.443,22.457764215180298,0.41763709202125,21.63919551481865,23.276332915541943,1.6371374007233,-0.0550553356004464
COG,2014,22.952,22.819460557686217,0.4176370920212499,22.000891857324568,23.638029258047865,1.6371374007232995,0.4942357848197041
COG,2015,23.98,23.668777593221968,0.4176370920212499,22.85020889286032,24.487346293583617,1.6371374007232995,1.1605394423137838
COG,2016,23.696,23.688699754401405,0.4176370920212499,22.87013105403976,24.507268454763054,1.6371374007232995,0.0272224067780335
COG,2017,26.746,25.92612235863242,0.4176370920212499,25.10755365827077,26.744691058994068,1.6371374007232995,3.0573002455985936
COG,2018,26.32,26.214373648104477,0.4176370920212499,25.395804947742825,27.03294234846612,1.6371374007232995,0.3938776413675811
COG,2019,27.045,26.822250541476823,0.4176370920212499,26.003681841115178,27.640819241838475,1.6371374007232995,0.8306263518955284
COG,2020,27.306,27.17627268072941,0.4176370920212499,26.357703980367763,27.99484138109106,1.6371374007232995,0.4837494585231745
COG,2021,25.141,25.686800029754547,0.4176370920212499,24.8682313293929,26.5053687301162,1.6371374007232995,-2.0352726807294133
COG,2022,23.833,24.33013442379445,0.4176370920212499,23.51156572343281,25.148703124156103,1.6371374007232995,-1.8538000297545487
COG,2023,24.004,24.091459621453374,0.4176370920212499,23.27289092109173,24.910028321815027,1.6371374007232995,-0.3261344237944534
COG,2024,23.781,23.86425610235485,0.4176370920212499,23.0456874019932,24.6828248027165,1.6371374007232995,-0.3104596214533792
COL,2000,44.053,44.053,1.176806659604332,41.74645894717551,46.35954105282449,4.6130821056489815,0.0
COL,2001,45.31,44.753300311459896,0.9198449572134356,42.95040419532156,46.55619642759823,3.6057922322766673,1.257000000000005
COL,2002,44.423,44.59654939231921,0.8489667226436082,42.93257461593774,46.26052416870069,3.327949552762944,-0.3303003114598937
COL,2003,45.368,44.94427897940238,0.8273835281902082,43.32260726414957,46.56595069465519,3.2433434305056164,0.7714506076807908
COL,2004,45.237,45.07409064501305,0.8206727567872721,43.46557204171,46.682609248316105,3.217037206606107,0.2927210205976251
COL,2005,46.626,45.75879423861788,0.8185745517633568,44.1543881171617,47.36320036007406,3.2088122429123587,1.5519093549869467
COL,2006,47.426,46.49318620313216,0.8179174387322736,44.890068023216905,48.09630438304742,3.2062363598305126,1.667205761382121
COL,2007,47.674,47.01306421707603,0.8177115404270167,45.41034959783907,48.61577883631298,3.205429238473905,1.180813796867838
COL,2008,48.908,47.84721773503795,0.8176470145106463,46.244629586597085,49.44980588347882,3.205176296881733,1.894935782923973
COL,2009,49.405,48.532921858777705,0.8176267919062091,46.93037334664154,50.13547037091387,3.20509702427234,1.55778226496205
COL,2010,50.359,49.33671191828267,0.8176204539865963,47.734175828468935,50.9392480080964,3.2050721796274577,1.8260781412222968
COL,2011,51.289,50.1960519942909,0.8176184676242412,48.59351979774738,51.79858419083441,3.2050643930870253,1.9522880817173345
COL,2012,51.747,50.87873287524455,0.8176178450790443,49.27620189888962,52.48126385159948,3.205061952709854,1.5509480057091023
COL,2013,52.367,51.53382319624293,0.817617649967258,49.9312926023071,53.13635379017875,3.205061187871652,1.4882671247554455
COL,2014,52.186,51.8208917209105,0.8176175888172966,50.2183612468286,53.423422194992405,3.2050609481638026,0.6521768037570723
COL,2015,52.901,52.29632272955316,0.8176175696522937,50.69379229303467,53.89885316607165,3.205060873036991,1.080108279089501
COL,2016,53.668,52.90009358407232,0.8176175636457921,51.297563159326565,54.50262400881807,3.2050608494915047,1.3716772704468383
COL,2017,54.072,53.41593134718728,0.8176175617632949,51.813400926131216,55.01846176824333,3.205060842112116,1.1719064159276869
COL,2018,54.165,53.74564871410085,0.8176175611733016,52.14311829420118,55.348179134000524,3.2050608397993425,0.7490686528127242
COL,2019,53.741,53.74360249074547,0.817617560988392,52.14107207120822,55.34613291028271,3.205060839074497,-0.0046487141008526
COL,2020,55.123,54.35077155689255,0.8176175609304395,52.748241137468895,55.95330197631621,3.2050608388473227,1.379397509254531
COL,2021,55.406,54.81525120401848,0.8176175609122766,53.21272078463042,56.41778162340654,3.205060838776124,1.0552284431074457
COL,2022,55.972,55.32441704016781,0.8176175609065841,53.7218866207909,56.92694745954472,3.205060838753809,1.156748795981521
COL,2023,57.305,56.196209759818736,0.8176175609048001,54.59367934044533,57.798740179192144,3.2050608387468165,1.980582959832191
COL,2024,51.919,54.31351138027664,0.817617560904241,52.71098096090432,55.91604179964895,3.2050608387446244,-4.277209759818739
CRI,2000,52.278,52.278,0.7622499501589337,50.78399009768849,53.77200990231151,2.98801980462302,0.0
CRI,2001,51.943,52.04092029479592,0.6685386976645121,50.730584447373474,53.35125614221836,2.620671694844888,-0.3350000000000008
CRI,2002,52.337,52.24473007809703,0.6593408126263389,50.95242208534941,53.53703807084465,2.5846159854952484,0.296079705204086
CRI,2003,51.257,51.566681430936185,0.6584352188230395,50.27614840204303,52.85721445982934,2.5810660577863147,-0.9877300780970302
CRI,2004,52.473,52.1886749421261,0.6583460788413088,50.89831662759713,53.479033256655065,2.5807166290579304,0.9063185690638136
CRI,2005,53.113,52.82300914149069,0.6583373048202059,51.53266802404308,54.11335025893829,2.580682234895207,0.9243250578739008
CRI,2006,52.262,52.43800783929347,0.6583364411985819,51.14766841454425,53.72834726404269,2.580678849498441,-0.5610091414906861
CRI,2007,52.283,52.33163131143753,0.6583363561928496,51.04129205329955,53.62197056957552,2.5806785162759702,-0.1550078392934679
CRI,2008,52.333,52.33257059511476,0.6583363478257892,51.04223135337621,53.62290983685331,2.5806784834770937,0.001368688562465
CRI,2009,53.55,53.16805033585432,0.6583363470022247,51.87771109572996,54.45838957597868,2.5806784802487206,1.2174294048852374
CRI,2010,54.186,53.86663402199181,0.6583363469211617,52.57629478202634,55.15697326195729,2.580678479930954,1.0179496641456822
CRI,2011,54.695,54.435112974101386,0.6583363469131828,53.14477373415155,55.72545221405122,2.580678479899676,0.8283659780081862
CRI,2012,54.227,54.29229222991564,0.6583363469123974,53.001952989967336,55.58263146986394,2.580678479896598,-0.2081129741013896
CRI,2013,52.979,53.39102514447922,0.6583363469123202,52.10068590453108,54.68136438442737,2.5806784798962954,-1.313292229915639
CRI,2014,54.104,53.88031515578609,0.6583363469123125,52.58997591583796,55.17065439573423,2.5806784798962648,0.7129748555207769
CRI,2015,55.002,54.650088712116194,0.6583363469123118,53.35974947216806,55.940427952064326,2.580678479896262,1.1216848442139096
CRI,2016,55.43,55.18531488441688,0.6583363469123117,53.89497564446875,56.475654124365015,2.5806784798962616,0.7799112878838059
CRI,2017,56.334,55.97361779417541,0.6583363469123117,54.68327855422728,57.26395703412354,2.5806784798962616,1.1486851155831204
CRI,2018,56.513,56.34377716731889,0.6583363469123118,55.05343792737076,57.63411640726702,2.580678479896262,0.5393822058245874
CRI,2019,57.372,57.04941097408342,0.6583363469123118,55.75907173413529,58.339750214031554,2.580678479896262,1.0282228326811094
CRI,2020,57.861,57.60637648358543,0.6583363469123118,56.3160372436373,58.89671572353356,2.580678479896262,0.8115890259165752
CRI,2021,58.126,57.96297615081505,0.6583363469123118,56.67263691086692,59.253315390763184,2.580678479896262,0.519623516414569
CRI,2022,59.927,59.31081786491412,0.6583363469123118,58.02047862496599,60.60115710486225,2.580678479896262,1.9640238491849475
CRI,2023,60.133,59.87505305926559,0.6583363469123118,58.58471381931746,61.16539229921372,2.580678479896262,0.8221821350858818
CRI,2024,52.359,54.7170455112085,0.6583363469123118,53.42670627126037,56.00738475115664,2.580678479896262,-7.516053059265587
CUB,2000,32.544,32.544,0.7972534975451475,30.98138314481151,34.106616855188484,3.1252337103769783,0.0
CUB,2001,32.513,32.5219452570561,0.7009783389338711,31.14802771274572,33.89586280136649,2.7478350886207745,-0.0309999999999988
CUB,2002,33.01,32.86013726728509,0.6918020546226928,31.50420524022461,34.216069294345566,2.711864054120956,0.4880547429438948
CUB,2003,33.642,33.400548255636465,0.690925583107973,32.04633411274484,34.754762398528094,2.708428285783254,0.781862732714913
CUB,2004,33.604,33.541136775704224,0.6908418929182266,32.1870866655845,34.89518688582395,2.7081002202394484,0.2034517443635337
CUB,2005,38.322,36.84471590447629,0.6908339020069818,35.4906814565426,38.19875035240997,2.7080688958673687,4.7808632242957785
CUB,2006,35.077,35.623225936192426,0.69083313902091,34.26919298371144,36.97725888867341,2.708065904961967,-1.7677159044762902
CUB,2007,33.891,34.426259753876515,0.6908330661696993,33.0722269441839,35.78029256356913,2.7080656193852213,-1.7322259361924282
CUB,2008,34.762,34.65825588334376,0.6908330592137417,33.30422308728483,36.012288679402694,2.708065592117868,0.3357402461234855
CUB,2009,35.594,35.30485400592551,0.690833058549575,33.950821211168346,36.65888680068268,2.7080655895143337,0.935744116656238
CUB,2010,34.604,34.82056468335784,0.6908330584861594,33.466531888724965,36.17459747799071,2.7080655892657446,-0.700854005925514
CUB,2011,35.241,35.11108500992386,0.6908330584801042,33.757052215302856,36.46511780454487,2.7080655892420085,0.4204353166421626
CUB,2012,34.658,34.798003782361185,0.6908330584795263,33.44397098774132,36.152036576981054,2.7080655892397427,-0.4530850099238606
CUB,2013,35.613,35.36116524365106,0.690833058479471,34.007132449031296,36.71519803827082,2.708065589239526,0.8149962176388144
CUB,2014,35.708,35.6008276665976,0.6908330584794656,34.24679487197784,36.95486046121735,2.708065589239505,0.3468347563489402
CUB,2015,36.202,36.016237066590634,0.6908330584794652,34.66220427197088,37.37026986121039,2.708065589239504,0.6011723334024026
CUB,2016,37.306,36.90746178957238,0.6908330584794651,35.553428994952625,38.261494584192135,2.708065589239503,1.2897629334093637
CUB,2017,37.904,37.59606856181181,0.6908330584794651,36.242035767192064,38.95010135643156,2.708065589239503,0.996538210427623
CUB,2018,37.512,37.5379772810257,0.6908330584794651,36.18394448640595,38.892010075645445,2.708065589239503,-0.0840685618118115
CUB,2019,38.017,37.8689814361004,0.6908330584794651,36.51494864148064,39.22301423072015,2.708065589239503,0.4790227189743063
CUB,2020,36.917,37.21116334434489,0.6908330584794651,35.85713054972514,38.56519613896464,2.708065589239503,-0.9519814361003966
CUB,2021,39.471,38.7727079082721,0.6908330584794651,37.41867511365236,40.12674070289185,2.708065589239503,2.259836655655107
CUB,2022,39.065,38.97468141187664,0.6908330584794651,37.62064861725689,40.32871420649639,2.708065589239503,0.2922920917278944
CUB,2023,38.13,38.39100751506397,0.6908330584794651,37.03697472044422,39.74504030968372,2.708065589239503,-0.8446814118766355
CUB,2024,44.569,42.65999330954318,0.6908330584794651,41.30596051492343,44.01402610416294,2.708065589239503,6.177992484936034
CZE,2000,63.868,63.868,0.776620088011268,62.34582462749792,65.39017537250209,3.0443507450041705,0.0
CZE,2001,63.521,63.65322672727255,0.6388784901563058,62.40102488656618,64.9054285679789,2.504403681412718,-0.3470000000000013
CZE,2002,62.797,63.164696599474674,0.6134005657789107,61.962431490548006,64.36696170840133,2.40453021785333,-0.8562267272725492
CZE,2003,62.545,62.81676797913966,0.6084829412792102,61.62414141423241,64.00939454404691,2.385253129814504,-0.6196965994746719
CZE,2004,63.674,63.29655259239753,0.6075287737323666,62.10579619588209,64.48730898891297,2.381512793030877,0.8572320208603372
CZE,2005,64.144,63.77057155485593,0.607343469860891,62.58017835392858,64.96096475578328,2.3807864018546927,0.8474474076024734
CZE,2006,64.119,63.965441600114254,0.6073074768460306,62.77511894549603,65.15576425473247,2.38064530923644,0.3484284451440729
CZE,2007,64.757,64.40813642554873,0.6073004854124785,63.21782747414027,65.59844537695719,2.380617902816916,0.7915583998857514
CZE,2008,65.731,65.14797095966223,0.6072991273585591,63.957664670039456,66.33827724928501,2.380612579245552,1.3228635744512616
CZE,2009,66.24,65.75870672260696,0.6072988635624836,64.5684009500245,66.94901249518942,2.380611545164936,1.0920290403377635
CZE,2010,66.056,65.9249730023856,0.6072988123212294,64.734667330236,67.1152786745352,2.3806113442992194,0.2972932773930381
CZE,2011,66.375,66.1766581830824,0.6072988023678355,64.98635253044144,67.36696383572335,2.380611305281916,0.4500269976144011
CZE,2012,66.749,66.49674998525794,0.6072988004344313,65.30644433640644,67.68705563410943,2.3806112977029708,0.5723418169176
CZE,2013,66.458,66.47507840328801,0.6072988000588758,65.28477275517261,67.66538405140341,2.3806112962307933,-0.0387499852579367
CZE,2014,67.714,67.16796617478748,0.6072987999859258,65.97766052681507,68.35827182275989,2.380611295944829,1.2389215967119895
CZE,2015,68.262,67.77982301954098,0.6072987999717556,66.58951737159634,68.97012866748562,2.380611295889282,1.09403382521252
CZE,2016,68.384,68.1177191726706,0.607298799969003,66.92741352473136,69.30802482060984,2.380611295878492,0.604176980459016
CZE,2017,68.526,68.3460571024708,0.6072987999684684,67.15575145453259,69.536362750409,2.380611295876396,0.4082808273293921
CZE,2018,68.738,68.5652577698327,0.6072987999683646,67.37495212189471,69.75556341777069,2.380611295875989,0.3919428975292049
CZE,2019,68.655,68.61544762367933,0.6072987999683443,67.42514197574137,69.80575327161729,2.38061129587591,0.0897422301673032
CZE,2020,69.742,69.24549101587836,0.6072987999683405,68.05518536794041,70.4357966638163,2.3806112958758945,1.1265523763206744
CZE,2021,69.47,69.37105144689635,0.6072987999683397,68.1807457989584,70.56135709483429,2.380611295875892,0.2245089841216412
CZE,2022,71.337,70.4705412898201,0.6072987999683395,69.28023564188216,71.66084693775805,2.3806112958758905,1.965948553103658
CZE,2023,72.196,71.43553313725788,0.6072987999683396,70.24522748931993,72.62583878519582,2.380611295875891,1.7254587101798933
CZE,2024,67.073,68.9957129973763,0.6072987999683396,67.80540734943835,70.18601864531425,2.380611295875891,-4.362533137257884
DEU,2000,80.536,80.536,0.5072020442758134,79.5418839932194,81.5301160067806,1.9882320135611884,0.0
DEU,2001,81.924,81.4413652400524,0.4279167808049416,80.60264834967472,82.28008213043009,1.677433780755371,1.3880000000000052
DEU,2002,83.366,82.62909368216974,0.4162234629779601,81.81329569473294,83.44489166960653,1.6315959748736035,1.924634759947594
DEU,2003,82.819,82.74529620402954,0.4144577000491187,81.93295911193327,83.55763329612581,1.6246741841925454,0.189906317830264
DEU,2004,82.837,82.80133688054747,0.4141905353921539,81.98952343117884,83.6131503299161,1.6236268987372433,0.09170379597046
DEU,2005,83.532,83.24776181902489,0.4141501022501997,82.4360276186145,84.05949601943527,1.6234684008207831,0.7306631194525295
DEU,2006,85.409,84.56820907298864,0.4141439827984867,83.7564868667036,85.37993127927368,1.6234444125700678,2.1612381809751184
DEU,2007,85.28,85.00308856912444,0.4141430566299407,84.19136817812976,85.81480896011912,1.6234407819893677,0.7117909270113643
DEU,2008,84.762,84.85579193957595,0.4141429164557944,84.0440718233226,85.6675120558293,1.623440232506714,-0.2410885691244431
DEU,2009,84.732,84.7801594296528,0.4141428952406559,83.96843935498111,85.59187950432448,1.6234401493433712,-0.1237919395759519
DEU,2010,85.289,85.09104307055189,0.4141428920297778,84.27932300217353,85.90276313893025,1.6234401367567288,0.5088405703472034
DEU,2011,85.451,85.31096405769863,0.4141428915438163,84.49924399027275,86.12268412512451,1.62344013485176,0.3599569294481028
DEU,2012,85.602,85.48877675268271,0.4141428914702668,84.67705668540098,86.30049681996444,1.623440134563446,0.2910359423013773
DEU,2013,85.758,85.65326266042571,0.4141428914591352,84.84154259316581,86.46498272768561,1.6234401345198102,0.2692232473172851
DEU,2014,86.033,85.88526878034918,0.4141428914574505,85.07354871309258,86.69698884760578,1.623440134513206,0.3797373395742909
DEU,2015,85.738,85.79529275019914,0.4141428914571955,84.98357268294303,86.60701281745524,1.6234401345122065,-0.1472687803491794
DEU,2016,86.011,85.9270822711393,0.4141428914571569,85.11536220388327,86.73880233839533,1.623440134512055,0.2157072498008574
DEU,2017,84.539,85.07901296559733,0.414142891457151,84.26729289834131,85.89073303285335,1.6234401345120322,-1.3880822711392966
DEU,2018,84.335,84.62444728734653,0.4141428914571501,83.81272722009051,85.43616735460255,1.6234401345120286,-0.7440129655973351
DEU,2019,84.743,84.69687881304249,0.41414289145715,83.88515874578647,85.5085988802985,1.6234401345120282,0.118552712653468
DEU,2020,84.7,84.69878574817923,0.4141428914571501,83.88706568092321,85.51050581543525,1.6234401345120284,0.0031211869575145
DEU,2021,84.353,84.4875228530167,0.4141428914571501,83.67580278576068,85.29924292027272,1.6234401345120284,-0.3457857481792388
DEU,2022,87.693,86.44595632233946,0.4141428914571501,85.63423625508344,87.25767638959547,1.6234401345120284,3.2054771469832986
DEU,2023,88.022,87.40886341726282,0.4141428914571501,86.5971433500068,88.22058348451884,1.6234401345120284,1.5760436776605502
DEU,2024,87.323,87.356403897994,0.4141428914571501,86.54468383073798,88.16812396525002,1.6234401345120284,-0.0858634172628285
DNK,2000,72.355,72.355,0.4447034453417234,71.48338124713023,73.22661875286978,1.7432375057395555,0.0
DNK,2001,72.599,72.53487860914181,0.3975675518664407,71.7556462074836,73.31411101080003,1.558464803316448,0.2439999999999997
DNK,2002,73.404,73.16391864987341,0.3939263301738532,72.39182304273265,73.93601425701416,1.5441912142815046,0.869121390858183
DNK,2003,74.017,73.78047120031042,0.3936460607204106,73.00892492129842,74.55201747932242,1.5430925580240096,0.8530813501265868
DNK,2004,74.152,74.04895900324587,0.3936245004906498,73.2774549822842,74.82046302420754,1.5430080419233474,0.3715287996895853
DNK,2005,74.124,74.10318743072607,0.3936228420082679,73.33168666038986,74.87468820106227,1.5430015406724102,0.0750409967541259
DNK,2006,74.1,74.10088403323122,0.3936227144329128,73.32938351294271,74.87238455351974,1.5430010405770185,-0.0031874307260721
DNK,2007,74.677,74.51721433888217,0.3936227046194431,73.74571383782806,75.28871483993628,1.543001002108217,0.5761159667687821
DNK,2008,75.83,75.46589912628085,0.3936227038645622,74.6943986267063,76.23739962585539,1.5430009991490838,1.3127856611178288
DNK,2009,76.579,76.27028166693627,0.3936227038064946,75.49878116747554,77.041782166397,1.5430009989214588,1.113100873719148
DNK,2010,75.737,75.88490557726332,0.3936227038020278,75.11340507781135,76.6564060767153,1.543000998903949,-0.5332816669362757
DNK,2011,76.275,76.16680737992775,0.3936227038016843,75.39530688047644,76.93830787937905,1.5430009989026023,0.3900944227366807
DNK,2012,76.285,76.25221929744825,0.3936227038016578,75.480718797997,77.0237197968995,1.5430009989024986,0.11819262007225
DNK,2013,76.126,76.16100690012128,0.3936227038016557,75.38950640067003,76.93250739957253,1.5430009989024909,-0.1262192974482445
DNK,2014,76.454,76.37273841487762,0.3936227038016556,75.60123791542637,77.14423891432887,1.54300099890249,0.2929930998787142
DNK,2015,76.809,76.68800292549646,0.3936227038016556,75.91650242604521,77.45950342494771,1.5430009989024902,0.4362615851223808
DNK,2016,76.831,76.79133978634026,0.3936227038016556,76.01983928688901,77.56284028579151,1.5430009989024902,0.1429970745035405
DNK,2017,74.406,75.06757357348596,0.3936227038016556,74.29607307403471,75.83907407293721,1.5430009989024902,-2.385339786340253
DNK,2018,74.907,74.95153505258531,0.3936227038016556,74.18003455313406,75.72303555203656,1.5430009989024902,-0.1605735734859621
DNK,2019,75.009,74.9930621068625,0.3936227038016556,74.22156160741125,75.76456260631375,1.5430009989024902,0.0574649474146866
DNK,2020,75.886,75.63834383116111,0.3936227038016556,74.86684333170986,76.40984433061236,1.5430009989024902,0.8929378931374998
DNK,2021,76.096,75.96906914143617,0.3936227038016556,75.19756864198492,76.74056964088741,1.5430009989024902,0.4576561688388949
DNK,2022,77.889,77.3565075114163,0.3936227038016556,76.58500701196505,78.12800801086755,1.5430009989024902,1.9199308585638304
DNK,2023,77.184,77.23184492818775,0.3936227038016556,76.4603444287365,78.003345427639,1.5430009989024902,-0.172507511416299
DNK,2024,73.053,74.21200191160038,0.3936227038016556,73.44050141214913,74.98350241105163,1.5430009989024902,-4.1788449281877575
DOM,2000,38.857,38.857,0.5550476208787835,37.76910666307759,39.94489333692241,2.175786673844831,0.0
DOM,2001,38.27,38.42566400756343,0.4954652338630002,37.45455214919195,39.396775865934906,1.9422237167429608,-0.5869999999999962
DOM,2002,38.126,38.20962128932005,0.4907687624589025,37.2477145149006,39.17152806373949,1.9238135488388977,-0.2996640075634289
DOM,2003,37.532,37.72182473830078,0.4903997371958708,36.76064125339688,38.68300822320469,1.9223669698078136,-0.6776212893200508
DOM,2004,39.039,38.66990240993776,0.4903707573737809,37.708775725485154,39.63102909439037,1.9222533689052208,1.3171752616992194
DOM,2005,38.664,38.66565400709067,0.4903684816727962,37.704531783012,39.62677623116935,1.9222444481573613,-0.0059024099377609
DOM,2006,38.665,38.66518326995276,0.4903683029692818,37.70406139613296,39.62630514377255,1.9222437476395848,-0.0006540070906737
DOM,2007,39.409,39.20056299838612,0.4903682889362709,38.23944115207103,40.161684844701206,1.9222436926301816,0.7438167300472429
DOM,2008,39.615,39.49886385586408,0.4903682878343038,38.53774201170884,40.45998570001932,1.922243688310471,0.4144370016138836
DOM,2009,40.076,39.91427127833381,0.4903682877477697,38.95314943434818,40.87539312231944,1.9222436879712572,0.5771361441359204
DOM,2010,40.353,40.23005667711282,0.4903682877409746,39.26893483314051,41.19117852108513,1.9222436879446203,0.4387287216661946
DOM,2011,40.107,40.14148371633918,0.4903682877404409,39.18036187236792,41.10260556031045,1.9222436879425284,-0.1230566771128209
DOM,2012,39.711,39.83163285561721,0.490368287740399,38.87051101164602,40.79275469958839,1.922243687942364,-0.4304837163391823
DOM,2013,39.538,39.62028364635338,0.4903682877403958,38.6591618023822,40.58140549032456,1.9222436879423517,-0.2936328556172114
DOM,2014,40.581,40.31178201850674,0.4903682877403956,39.35066017453556,41.27290386247792,1.9222436879423508,0.9607163536466246
DOM,2015,39.423,39.672060089486,0.4903682877403955,38.710938245514825,40.63318193345718,1.9222436879423503,-0.8887820185067383
DOM,2016,39.892,39.83036705440307,0.4903682877403955,38.86924521043189,40.79148889837425,1.9222436879423503,0.2199399105140003
DOM,2017,41.941,41.34954515577885,0.4903682877403955,40.38842331180767,42.310666999750026,1.9222436879423503,2.110632945596933
DOM,2018,40.993,41.09291332695195,0.4903682877403955,40.13179148298077,42.05403517092313,1.9222436879423503,-0.3565451557788464
DOM,2019,41.328,41.26212253330161,0.4903682877403955,40.30100068933043,42.22324437727279,1.9222436879423503,0.2350866730480518
DOM,2020,41.433,41.38511564111238,0.4903682877403955,40.4239937971412,42.34623748508356,1.9222436879423503,0.1708774666983927
DOM,2021,42.615,42.270354066459824,0.4903682877403955,41.309232222488646,43.231475910431,1.9222436879423503,1.2298843588876238
DOM,2022,44.657,43.98819905961013,0.4903682877403955,43.02707721563896,44.94932090358131,1.9222436879423503,2.386645933540173
DOM,2023,45.254,44.899289296002365,0.4903682877403955,43.93816745203119,45.86041113997354,1.9222436879423503,1.265800940389866
DOM,2024,39.652,41.122428422727324,0.4903682877403955,40.16130657875615,42.0835502666985,1.9222436879423503,-5.247289296002364
DZA,2000,42.042,42.042,0.4387922940960042,41.18196710357184,42.90203289642817,1.7200657928563363,0.0
DZA,2001,40.866,41.09443272694653,0.4085039054231072,40.29376507231724,41.89510038157582,1.6013353092585805,-1.176000000000002
DZA,2002,43.704,43.184601431232295,0.407287676120527,42.386317586036064,43.982885276428526,1.596567690392466,2.609567273053472
DZA,2003,43.565,43.48921461891933,0.4072393738010154,42.69102544626934,44.287403791569325,1.5963783452999802,0.3803985687677027
DZA,2004,43.879,43.8013415803542,0.4072374564380714,43.003156165735575,44.59952699497282,1.59637082923724,0.3897853810806637
DZA,2005,39.933,40.70370552069661,0.4072373803297667,39.905520255250266,41.50189078614295,1.5963705308926854,-3.8683415803541976
DZA,2006,41.046,40.97780326629519,0.4072373773087063,40.17961800677013,41.77598852582025,1.5963705190501287,0.3422944793033906
DZA,2007,41.067,41.04922896868631,0.4072373771887875,40.251043709396285,41.84741422797633,1.596370518580047,0.08919673370481
DZA,2008,41.457,41.37575810395754,0.4072373771840274,40.57757284467685,42.17394336323823,1.5963705185613877,0.4077710313136933
DZA,2009,41.978,41.85801287547756,0.4072373771838385,41.05982761619724,42.65619813475789,1.5963705185606472,0.6022418960424645
DZA,2010,42.148,42.09022467508716,0.4072373771838311,41.29203941580685,42.888409934367466,1.596370518560618,0.2899871245224403
DZA,2011,40.418,40.75116418475319,0.4072373771838307,39.95297892547288,41.5493494440335,1.5963705185606163,-1.6722246750871577
DZA,2012,40.684,40.6973813961672,0.4072373771838307,39.89919613688689,41.49556665544751,1.5963705185606163,-0.0671641847531958
DZA,2013,41.025,40.95972720102623,0.4072373771838307,40.16154194174592,41.75791246030654,1.5963705185606163,0.3276186038327964
DZA,2014,42.52,42.2091404469704,0.4072373771838307,41.410955187690085,43.007325706250704,1.5963705185606163,1.56027279897377
DZA,2015,42.569,42.49730370440234,0.4072373771838307,41.69911844512203,43.29548896368265,1.5963705185606163,0.359859553029608
DZA,2016,42.239,42.29046290709497,0.4072373771838307,41.49227764781466,43.08864816637528,1.5963705185606163,-0.2583037044023442
DZA,2017,42.657,42.583973310728624,0.4072373771838307,41.78578805144832,43.38215857000893,1.5963705185606163,0.3665370929050269
DZA,2018,41.876,42.01705242818739,0.4072373771838307,41.21886716890708,42.8152376874677,1.5963705185606163,-0.7079733107286259
DZA,2019,42.148,42.12191077786478,0.4072373771838307,41.32372551858447,42.920096037145086,1.5963705185606163,0.1309475718126123
DZA,2020,43.555,43.26947975293967,0.4072373771838307,42.47129449365936,44.067665012219976,1.5963705185606163,1.433089222135223
DZA,2021,44.365,44.14673500521188,0.4072373771838307,43.34854974593157,44.94492026449219,1.5963705185606163,1.0955202470603354
DZA,2022,42.692,42.98183282525602,0.4072373771838307,42.18364756597571,43.78001808453633,1.5963705185606163,-1.4547350052118802
DZA,2023,42.779,42.81941121619264,0.4072373771838307,42.02122595691233,43.61759647547295,1.5963705185606163,-0.2028328252560172
DZA,2024,46.728,45.9492758159278,0.4072373771838307,45.15109055664749,46.74746107520811,1.5963705185606163,3.90858878380736
ECU,2000,41.754,41.754,1.0012112658236711,39.7916259189856,43.71637408101439,3.924748162028791,0.0
ECU,2001,40.656,41.12605475537516,0.7926443484070619,39.572471832497314,42.679637678253,3.1071658457556826,-1.097999999999999
ECU,2002,41.617,41.37095366328946,0.7402791964775978,39.92000643819337,42.82190088838556,2.901894450192183,0.4909452446248394
ECU,2003,39.887,40.658980304583054,0.7260062358207383,39.2360080823744,42.0819525267917,2.8459444444172943,-1.483953663289462
ECU,2004,39.343,40.03444982457711,0.7220558221493157,38.61922041316445,41.44967923598977,2.830458822825318,-1.31598030458305
ECU,2005,38.486,39.301827316351854,0.7209584055535887,37.88874884146682,40.71490579123689,2.826156949770068,-1.548449824577112
ECU,2006,39.444,39.36903695450936,0.7206532466687623,37.95655659103858,40.78151731798013,2.824960726941548,0.1421726836481482
ECU,2007,39.7,39.52545706631052,0.7205683682336211,38.11314306457262,40.93777106804841,2.824628003475795,0.3309630454906482
ECU,2008,40.546,40.007755561485865,0.72054475795592,38.59548783589226,41.42002328707947,2.8245354511872063,1.0205429336894838
ECU,2009,39.036,39.54852186767691,0.7205381902480663,38.136267014790704,40.96077672056312,2.82450970577242,-0.971755561485864
ECU,2010,38.752,39.17210228333164,0.7205363632879779,37.7598510112872,40.58435355537608,2.8245025440888734,-0.7965218676769084
ECU,2011,38.651,38.9258405846265,0.720535855075891,37.51359030867776,40.33809086057524,2.8245005518974926,-0.5211022833316363
ECU,2012,38.875,38.90181443041301,0.7205357137046359,37.489564431551926,40.3140644292741,2.8244999977221728,-0.0508405846264992
ECU,2013,39.439,39.155676615951215,0.7205356743788608,37.74342669416865,40.56792653773378,2.824499843565134,0.5371855695869883
ECU,2014,41.212,40.12745017457132,0.7205356634394614,38.71520027422998,41.539700074912666,2.8244998006826885,2.056323384048788
ECU,2015,41.617,40.831378911462,0.7205356603964073,39.41912901708504,42.24362880583895,2.8244997887539163,1.489549825428675
ECU,2016,41.49,41.14262886224585,0.7205356595499093,39.730378969528026,42.55487875496368,2.8244997854356444,0.6586210885380055
ECU,2017,45.152,43.03737014855153,0.7205356593144358,41.62512025629524,44.44962004080782,2.824499784512588,4.009371137754151
ECU,2018,45.251,44.08348329878609,0.7205356592489331,42.67123340665818,45.495733190914,2.824499784255818,2.2136298514484665
ECU,2019,44.67,44.36065828969053,0.7205356592307121,42.948408397598335,45.77290818178273,2.824499784184391,0.5865167012139096
ECU,2020,46.341,45.29652455641224,0.7205356592256433,43.88427466432999,46.7087744484945,2.8244997841645216,1.9803417103094676
ECU,2021,47.775,46.46779795254768,0.7205356592242336,45.05554806046818,47.88004784462719,2.8244997841589954,2.4784754435877545
ECU,2022,48.603,47.47684783441049,0.7205356592238413,46.064597942331766,48.88909772648922,2.824499784157458,2.135202047452317
ECU,2023,48.654,48.033144253777245,0.7205356592237323,46.62089436169873,49.44539414585576,2.8244997841570307,1.1771521655895114
ECU,2024,46.436,47.27836874083968,0.7205356592237019,45.86611884876122,48.69061863291813,2.8244997841569117,-1.597144253777245
EGY,2000,40.399,40.399,0.5558748430745448,39.30948530757389,41.48851469242611,2.179029384852216,0.0
EGY,2001,39.372,39.655278262784506,0.4928331797806271,38.68932523041448,40.62123129515454,1.931906064740058,-1.027000000000001
EGY,2002,40.962,40.58084201805072,0.4874067451405288,39.62552479757528,41.53615923852615,1.9106344409508729,1.3067217372154971
EGY,2003,41.689,41.364258863980645,0.4869400955250715,40.40985627675151,42.318661451209785,1.9088051744582804,1.108157981949283
EGY,2004,41.928,41.76273232509095,0.4868999847858155,40.80840835491075,42.71705629527115,1.9086479403603969,0.5637411360193525
EGY,2005,41.921,41.874600292657775,0.4868965372300325,40.92028307968691,42.82891750562864,1.9086344259417276,0.1582676749090481
EGY,2006,41.295,41.46492328275736,0.4868962409104971,40.51060665057279,42.41923991494193,1.9086332643691488,-0.5796002926577728
EGY,2007,40.675,40.906584408925326,0.4868962154416594,39.95226782665967,41.86090099119098,1.9086331645313048,-0.7899232827573641
EGY,2008,41.922,41.62430726235886,0.4868962132525979,40.66999068438377,42.578623840333954,1.908633155950184,1.015415591074671
EGY,2009,42.049,41.92449142925168,0.4868962130644468,40.97017485164536,42.87880800685799,1.9086331552126317,0.4246927376411378
EGY,2010,42.107,42.05349336029844,0.4868962130482751,41.09917678272382,43.007809937873056,1.9086331551492384,0.1825085707483253
EGY,2011,42.947,42.6850477111508,0.4868962130468852,41.73073113357891,43.639364288722696,1.9086331551437896,0.8935066397015632
EGY,2012,44.014,43.62438667384484,0.4868962130467656,42.67007009627318,44.5787032514165,1.908633155143321,1.3289522888492016
EGY,2013,42.067,42.52358418830966,0.4868962130467554,41.56926761073802,43.4779007658813,1.9086331551432811,-1.5573866738448388
EGY,2014,40.563,41.137790933597856,0.4868962130467545,40.18347435602622,42.092107511169495,1.9086331551432776,-1.96058418830966
EGY,2015,41.595,41.46095850986982,0.4868962130467545,40.50664193229818,42.41527508744146,1.9086331551432776,0.4572090664021431
EGY,2016,42.619,42.27949315646534,0.4868962130467545,41.3251765788937,43.23380973403698,1.9086331551432776,1.1580414901301808
EGY,2017,43.686,43.27364974922905,0.4868962130467545,42.31933317165741,44.22796632680069,1.9086331551432776,1.4065068435346575
EGY,2018,44.112,43.86621809163009,0.4868962130467545,42.91190151405845,44.82053466920173,1.9086331551432776,0.8383502507709508
EGY,2019,44.165,44.07740512237215,0.4868962130467545,43.12308854480051,45.03172169994379,1.9086331551432776,0.2987819083699108
EGY,2020,45.72,45.23843504152261,0.4868962130467545,44.284118463950975,46.19275161909425,1.9086331551432776,1.6425948776278505
EGY,2021,46.967,46.4602309093422,0.4868962130467545,45.50591433177056,47.41454748691384,1.9086331551432776,1.728564958477385
EGY,2022,43.367,44.2738527089099,0.4868962130467545,43.31953613133826,45.22816928648154,1.9086331551432776,-3.0932309093422035
EGY,2023,42.939,43.33034317176731,0.4868962130467545,42.37602659419567,44.28465974933895,1.9086331551432776,-1.3348527089098994
EGY,2024,46.443,45.53045213037135,0.4868962130467545,44.57613555279971,46.48476870794299,1.9086331551432776,3.112656828232687
ERI,2000,18.189,18.189,0.6368105308194769,16.940851359593825,19.43714864040617,2.4962972808123496,0.0
ERI,2001,17.243,17.486173839770416,0.5713671460689075,16.366294233475358,18.606053446065477,2.2397592125901173,-0.9460000000000016
ERI,2002,18.368,18.130329145418116,0.5665531761520808,17.019884920160035,19.24077337067619,2.220888450516157,0.8818261602295827
ERI,2003,18.684,18.534270876550213,0.5662007020307588,17.424517500569927,19.6440242525305,2.2195067519605742,0.5536708545818882
ERI,2004,18.22,18.30500911306116,0.5661749098386719,17.19530628977736,19.414711936344958,2.2194056465675938,-0.3142708765502142
ERI,2005,19.071,18.863798564811493,0.5661730225889284,17.754099440537193,19.973497689085796,2.2193982485485995,0.7659908869388445
ERI,2006,18.838,18.844978551283223,0.5661728844967643,17.735279697669565,19.95467740489688,2.219397707227316,-0.0257985648114917
ERI,2007,18.695,18.735569431668363,0.5661728743924094,17.62587059785924,19.84526826547749,2.2193976676182445,-0.1499785512832225
ERI,2008,17.461,17.805773018451234,0.5661728736530627,16.69607418609123,18.91547185081124,2.219397664720005,-1.274569431668365
ERI,2009,15.179,15.889546197266782,0.5661728735989638,14.779847365012811,16.99924502952075,2.2193976645079383,-2.626773018451233
ERI,2010,14.968,15.21727968328392,0.5661728735950053,14.10758085103771,16.32697851553013,2.219397664492421,-0.9215461972667818
ERI,2011,15.216,15.21634615632365,0.5661728735947158,14.106647324078008,16.326044988569294,2.219397664491286,-0.0012796832839203
ERI,2012,13.765,14.1575913983019,0.5661728735946946,13.047892566056298,15.267290230547502,2.219397664491203,-1.45134615632365
ERI,2013,14.944,14.731275247030418,0.5661728735946929,13.62157641478482,15.840974079276016,2.219397664491196,0.7864086016981009
ERI,2014,13.987,14.1883276148354,0.5661728735946929,13.078628782589805,15.298026447081,2.219397664491196,-0.7442752470304175
ERI,2015,14.07,14.102007804315706,0.5661728735946929,12.992308972070107,15.211706636561305,2.219397664491196,-0.1183276148354011
ERI,2016,14.513,14.40182597022644,0.5661728735946929,13.292127137980842,15.51152480247204,2.219397664491196,0.4109921956842939
ERI,2017,19.259,17.945126851381367,0.5661728735946929,16.83542801913577,19.05482568362697,2.219397664491196,4.85717402977356
ERI,2018,19.737,19.252295519314444,0.5661728735946929,18.14259668706885,20.361994351560043,2.219397664491196,1.791873148618631
ERI,2019,18.299,18.55686792440379,0.5661728735946929,17.44716909215819,19.666566756649388,2.219397664491196,-0.9532955193144446
ERI,2020,18.689,18.653258067523844,0.5661728735946929,17.543559235278245,19.76295689976944,2.219397664491196,0.1321320755962105
ERI,2021,17.911,18.11178196463358,0.5661728735946929,17.00208313238798,19.221480796879177,2.219397664491196,-0.7422580675238422
ERI,2022,16.017,16.58364178772918,0.5661728735946929,15.473942955483585,17.69334061997478,2.219397664491196,-2.0947819646335795
ERI,2023,16.941,16.844334046368754,0.5661728735946929,15.734635214123156,17.954032878614353,2.219397664491196,0.3573582122708174
ERI,2024,21.941,20.56234391254928,0.5661728735946929,19.45264508030368,21.67204274479488,2.219397664491196,5.096665953631245
ESP,2000,75.103,75.103,0.5074116035872561,74.10847325696898,76.09752674303101,1.989053486062044,0.0
ESP,2001,75.867,75.57313557223227,0.4162475064535426,74.75729045958333,76.38898068488122,1.631690225297887,0.76400000000001
ESP,2002,77.996,76.94293587717412,0.3989797374232038,76.16093559182464,77.7249361625236,1.5640005706989588,2.4228644277677205
ESP,2003,78.055,77.56092035647298,0.395558422989237,76.78562584741407,78.33621486553189,1.550589018117809,1.1120641228258847
ESP,2004,78.371,78.00953875492033,0.3948766454294604,77.23558052987859,78.78349697996207,1.547916450083485,0.8100796435270183
ESP,2005,78.357,78.20182868212243,0.3947406477964331,77.42813701244141,78.97552035180344,1.5473833393620178,0.3474612450796712
ESP,2006,79.466,78.9013426476728,0.3947135143341574,78.12770415957786,79.67498113576775,1.547276976189897,1.2641713178775689
ESP,2007,79.202,79.0677032071229,0.3947081006117048,78.29407532992396,79.84133108432185,1.547255754397883,0.3006573523271925
ESP,2008,79.029,79.04628795850435,0.3947070204466336,78.27266219842895,79.81991371857976,1.547251520150804,-0.0387032071229072
ESP,2009,79.658,79.38475993846853,0.3947068049279406,78.61113460080978,80.15838527612729,1.5472506753175272,0.6117120414956503
ESP,2010,79.478,79.43635143777102,0.3947067619268081,78.66272618439447,80.20997669114757,1.547250506753088,0.0932400615314605
ESP,2011,79.251,79.33379296666224,0.3947067533470534,78.56016773010202,80.10741820322247,1.5472504731204495,-0.1853514377710183
ESP,2012,79.416,79.37927967926488,0.3947067516351871,78.60565444605992,80.15290491246985,1.5472504664099336,0.0822070333377524
ESP,2013,79.48,79.43501014524304,0.3947067512936288,78.66138491270753,80.20863537777855,1.5472504650710248,0.100720320735121
ESP,2014,79.384,79.40678526328995,0.3947067512254797,78.633160030888,80.18041049569189,1.5472504648038807,-0.0510101452430404
ESP,2015,79.295,79.34493235451652,0.3947067512118823,78.57130712214122,80.11855758689181,1.547250464750579,-0.1117852632899456
ESP,2016,79.257,79.29627771309066,0.3947067512091693,78.5226524807207,80.06990294546063,1.547250464739944,-0.0879323545165107
ESP,2017,78.322,78.75719135471729,0.3947067512086281,77.98356612234838,79.5308165870862,1.547250464737822,-0.9742777130906576
ESP,2018,78.431,78.57670348438563,0.3947067512085201,77.80307825201693,79.35032871675433,1.5472504647373988,-0.3261913547172952
ESP,2019,78.176,78.35498663786188,0.3947067512084985,77.58136140549323,79.12861187023054,1.5472504647373142,-0.4007034843856303
ESP,2020,78.625,78.50439015818397,0.3947067512084943,77.73076492581532,79.27801539055261,1.5472504647372975,0.2700133621381155
ESP,2021,80.857,79.80613385534178,0.3947067512084934,79.03250862297314,80.57975908771043,1.5472504647372942,2.352609841816033
ESP,2022,82.398,81.24026260789394,0.3947067512084932,80.4666373755253,82.01388784026258,1.547250464737293,2.591866144658212
ESP,2023,83.057,82.24549790340706,0.3947067512084932,81.47187267103841,83.0191231357757,1.547250464737293,1.816737392106063
ESP,2024,81.899,82.05377403410182,0.3947067512084932,81.28014880173318,82.82739926647047,1.547250464737293,-0.3464979034070552
EST,2000,58.528,58.528,0.9593220884393387,56.647728706658896,60.4082712933411,3.760542586682208,0.0
EST,2001,59.221,58.97438053772598,0.8044899298680771,57.39758027518455,60.55118080026741,3.153600525082862,0.6929999999999978
EST,2002,59.477,59.27897802704827,0.7803296572888118,57.7495318987622,60.808424155334336,3.058892256572142,0.5026194622740192
EST,2003,60.04,59.73560250789161,0.7764537675248658,58.21375312354288,61.25745189224035,3.043698768697474,0.7610219729517311
EST,2004,61.286,60.664370860611264,0.7758303764575505,59.14374332275447,62.18499839846806,3.0412550757135977,1.550397492108388
EST,2005,61.279,61.03247033453289,0.7757300749542155,59.51203938762263,62.55290128144315,3.0408618938205247,0.6146291393887395
EST,2006,62.409,61.8568353534161,0.7757139358621953,60.3364360391262,63.377234667706006,3.0407986285798057,1.3765296654671104
EST,2007,64.571,63.48226157222973,0.7757113389651837,61.96186734785796,65.00265579660149,3.04078844874352,2.714164646583896
EST,2008,65.867,64.91040344796652,0.7757109211049967,63.39001004260072,66.43079685333231,3.040786810731587,2.38473842777028
EST,2009,65.152,65.05508769893558,0.7757108538681458,63.53469442535401,66.57548097251714,3.0407865471631315,0.241596552033485
EST,2010,65.542,65.34668349783698,0.7757108430492297,63.82629024546048,66.86707675021347,3.04078650475298,0.4869123010644216
EST,2011,65.889,65.67145905320939,0.7757108413083845,64.15106580424495,67.19185230217383,3.0407864979288672,0.5423165021630183
EST,2012,65.54,65.59273254052964,0.7757108410282694,64.07233929211424,67.11312578894504,3.040786496830816,-0.1314590532093831
EST,2013,65.673,65.6408020877442,0.7757108409831966,64.12040883941714,67.16119533607127,3.040786496654131,0.0802674594703631
EST,2014,66.03,65.87387994447577,0.7757108409759443,64.35348669616292,67.39427319278863,3.0407864966257017,0.3891979122557956
EST,2015,66.727,66.38478554754853,0.7757108409747773,64.86439229923796,67.9051787958591,3.0407864966211267,0.8531200555242293
EST,2016,66.306,66.33760346875079,0.7757108409745895,64.81721022044059,67.85799671706098,3.040786496620391,-0.0787855475485344
EST,2017,66.331,66.33364886803236,0.7757108409745592,64.81325561972221,67.8540421163425,3.040786496620272,-0.0066034687507823
EST,2018,66.699,66.55244567066576,0.7757108409745544,65.03205242235563,68.07283891897589,3.0407864966202536,0.3653511319676426
EST,2019,66.542,66.54619010131601,0.7757108409745537,65.02579685300589,68.06658334962614,3.0407864966202505,-0.01044567066576
EST,2020,67.855,67.32999339636744,0.7757108409745535,65.80960014805731,68.85038664467757,3.0407864966202496,1.3088098986839896
EST,2021,68.089,67.78453754177097,0.7757108409745535,66.26414429346084,69.3049307900811,3.0407864966202496,0.7590066036325567
EST,2022,70.106,69.17478522092412,0.7757108409745535,67.654391972614,70.69517846923425,3.0407864966202496,2.3214624582290213
EST,2023,69.747,69.51746587284138,0.7757108409745535,67.99707262453126,71.03785912115151,3.0407864966202496,0.5722147790758783
EST,2024,62.359,65.23049559221624,0.7757108409745535,63.71010234390612,66.75088884052637,3.0407864966202496,-7.158465872841383
ETH,2000,31.363,31.363,0.6507206806718521,30.087587465883168,32.63841253411683,2.55082506823366,0.0
ETH,2001,31.532,31.480691868342355,0.5663983106816335,30.370551179406352,32.590832557278354,2.2202813778720034,0.1690000000000004
ETH,2002,32.014,31.840342650430586,0.5573698527722735,30.74789773899693,32.93278756186424,2.184889822867312,0.5333081316576482
ETH,2003,32.535,32.30716972074674,0.5563969895457215,31.216631621237127,33.39770782025636,2.181076199019228,0.6946573495694146
ETH,2004,34.187,33.5699865799028,0.5562921587224273,32.47965394880685,34.66031921099876,2.180665262191915,1.8798302792532555
ETH,2005,33.409,33.46184473681161,0.5562808627828916,32.37153424575714,34.55215522786607,2.180620982108935,-0.1609865799028043
ETH,2006,33.346,33.38402701724737,0.5562796456016147,32.293718911868204,34.474335122626535,2.1806162107583296,-0.11584473681161
ETH,2007,33.476,33.44580905932709,0.5562795144456284,32.35550121101366,34.53611690764052,2.1806156966268637,0.0919729827526296
ETH,2008,32.962,33.12081459629534,0.5562795003130642,32.03050677568174,34.21112241690894,2.1806156412272117,-0.4838090593270863
ETH,2009,34.301,33.913593714545804,0.5562794987902258,32.823285896916964,35.003901532174645,2.180615635257685,1.1801854037046624
ETH,2010,31.43,32.24526157980849,0.5562794986261341,31.15495376250127,33.33556939711571,2.180615634614446,-2.4835937145458047
ETH,2011,31.856,31.98377855278666,0.5562794986084526,30.893470735514093,33.07408637005923,2.180615634545134,-0.3892615798084904
ETH,2012,33.099,32.732918706712155,0.5562794986065474,31.64261088944332,33.823226523980985,2.180615634537665,1.1152214472133366
ETH,2013,31.224,31.719315897125647,0.5562794986063421,30.62900807985721,32.80962371439408,2.180615634536861,-1.508918706712155
ETH,2014,32.536,32.26791622763764,0.5562794986063199,31.177608410369256,33.35822404490603,2.1806156345367738,0.8166841028743548
ETH,2015,32.682,32.54607334319569,0.5562794986063175,31.455765525927305,33.63638116046407,2.180615634536765,0.4140837723623605
ETH,2016,32.63,32.60245033339247,0.5562794986063173,31.512142516124086,33.69275815066085,2.180615634536764,0.0839266568043157
ETH,2017,32.914,32.81173106932236,0.5562794986063172,31.72142325205398,33.902038886590745,2.1806156345367635,0.311549666607533
ETH,2018,34.965,34.258170448873614,0.5562794986063173,33.16786263160523,35.348478266142,2.180615634536764,2.1532689306776405
ETH,2019,35.632,35.181028311739375,0.5562794986063172,34.09072049447099,36.27133612900776,2.1806156345367635,1.3738295511263845
ETH,2020,36.778,36.25377993371242,0.5562794986063173,35.16347211644404,37.344087750980805,2.180615634536764,1.5969716882606235
ETH,2021,37.034,36.77788586981548,0.5562794986063172,35.687578052547096,37.86819368708386,2.1806156345367635,0.7802200662875762
ETH,2022,36.427,36.54218138692514,0.5562794986063173,35.45187356965676,37.632489204193526,2.180615634536764,-0.3508858698154782
ETH,2023,35.335,35.731267955986304,0.5562794986063172,34.64096013871792,36.821575773254686,2.1806156345367635,-1.2071813869251429
ETH,2024,40.353,38.83587562247573,0.5562794986063173,37.74556780520735,39.92618343974412,2.180615634536764,4.621732044013697
FIN,2000,71.724,71.724,0.3578783679022793,71.02255839891154,72.42544160108847,1.4028832021769349,0.0
FIN,2001,72.16,72.07593576914974,0.3334385073737473,71.4223962946972,72.72947524360228,1.3070789489050894,0.4359999999999928
FIN,2002,74.354,73.90413153608304,0.3324724474606316,73.2524855390602,74.55577753310588,1.303291994045676,2.278064230850262
FIN,2003,73.999,73.98024823290733,0.3324346816207247,73.3286762569307,74.63182020888395,1.3031439519532408,0.0948684639169528
FIN,2004,73.61,73.68318616257909,0.3324332059784352,73.03161707886136,74.33475524629682,1.3031381674354658,-0.3702482329073291
FIN,2005,74.034,73.96465529445334,0.3324331483210863,73.313086323744,74.61622426516267,1.3031379414186584,0.3508138374209153
FIN,2006,74.681,74.53940149358407,0.3324331460682589,73.88783252729027,75.19097045987786,1.303137932587575,0.7163447055466605
FIN,2007,74.502,74.50939308268715,0.332433145980235,73.8578241165659,75.16096204880841,1.3031379322425212,-0.0374014935840705
FIN,2008,74.814,74.75378892522296,0.3324331459767956,74.10221995910844,75.40535789133749,1.3031379322290386,0.3046069173128387
FIN,2009,75.03,74.97540187785488,0.3324331459766612,74.32383291174062,75.62697084396913,1.303137932228512,0.2762110747770379
FIN,2010,74.441,74.54663421117442,0.3324331459766559,73.89506524506018,75.19820317728866,1.3031379322284913,-0.5344018778548758
FIN,2011,74.788,74.7402896798016,0.3324331459766557,74.08872071368737,75.39185864591585,1.3031379322284904,0.2413657888255755
FIN,2012,75.021,74.96551252049917,0.3324331459766557,74.31394355438493,75.61708148661342,1.3031379322284904,0.2807103201983949
FIN,2013,75.599,75.47377972484949,0.3324331459766557,74.82221075873525,76.12534869096373,1.3031379322284902,0.633487479500829
FIN,2014,75.215,75.26615250008503,0.3324331459766557,74.61458353397079,75.91772146619927,1.3031379322284902,-0.2587797248494894
FIN,2015,74.52,74.66749055725381,0.3324331459766557,74.01592159113957,75.31905952336805,1.3031379322284902,-0.7461525000850315
FIN,2016,73.934,74.07898769489809,0.3324331459766557,73.42741872878385,74.73055666101233,1.3031379322284902,-0.7334905572538162
FIN,2017,73.982,74.00117137470644,0.3324331459766557,73.3496024085922,74.65274034082069,1.3031379322284902,-0.0969876948980896
FIN,2018,73.969,73.97535925495463,0.3324331459766557,73.32379028884039,74.62692822106887,1.3031379322284902,-0.0321713747064507
FIN,2019,74.304,74.23903820382894,0.3324331459766557,73.5874692377147,74.89060716994318,1.3031379322284902,0.3286407450453765
FIN,2020,74.61,74.53667268148145,0.3324331459766557,73.88510371536721,75.18824164759569,1.3031379322284902,0.3709617961710592
FIN,2021,74.908,74.83460042936849,0.3324331459766557,74.18303146325425,75.48616939548273,1.3031379322284902,0.3713273185185528
FIN,2022,76.289,76.00151158024974,0.3324331459766557,75.3499426141355,76.65308054636398,1.3031379322284902,1.4543995706315087
FIN,2023,76.299,76.24019602520863,0.3324331459766557,75.58862705909439,76.89176499132287,1.3031379322284902,0.2974884197502661
FIN,2024,71.219,72.21153034701922,0.3324331459766557,71.55996138090498,72.86309931313346,1.3031379322284902,-5.021196025208639
FJI,2000,34.0,34.0,1.36395638509293,31.326645485217856,36.67335451478214,5.346709029564285,0.0
FJI,2001,33.477,33.68254651626821,1.1115069408334126,31.50399291223472,35.8611001203017,4.357107208066977,-0.5230000000000032
FJI,2002,33.484,33.57273970915549,1.0609782254405495,31.49322238729201,35.65225703101897,4.1590346437269545,-0.1985465162682089
FJI,2003,33.77,33.679657469781056,1.050335555226115,31.62099978153787,35.73831515802424,4.117315376486372,0.1972602908445111
FJI,2004,34.284,34.00581281701683,1.0480781016815297,31.951579737721037,36.06004589631263,4.108466158591597,0.6043425302189434
FJI,2005,34.494,34.269039718016536,1.0475986343008774,32.21574639478682,36.32233304124625,4.106586646459439,0.4881871829831681
FJI,2006,32.258,33.18491290830551,1.0474967711018517,31.131819236945883,35.23800657966514,4.106187342719259,-2.0110397180165336
FJI,2007,33.227,33.20760060494586,1.0474751289486632,31.15454935220648,35.26065185768524,4.10610250547876,0.0420870916944835
FJI,2008,33.893,33.57707248819097,1.047470530737538,31.5240302479454,35.630114728436546,4.106084480491149,0.6853993950541408
FJI,2009,33.524,33.548463248491984,1.0474695537737384,31.495422923095457,35.601503573888515,4.106080650793055,-0.0530724881909705
FJI,2010,32.14,32.78921776958788,1.0474693462019755,30.736177851032007,34.842257688143754,4.106079837111744,-1.4084632484919837
FJI,2011,33.233,33.028442771764226,1.0474693020999917,30.97540293964824,35.08148260388021,4.106079664231968,0.4437822304121184
FJI,2012,30.237,31.52368921148097,1.0474692927298104,29.470649397730543,33.5767290252314,4.106079627500857,-2.791442771764228
FJI,2013,32.711,32.16372029055848,1.047469290738963,30.110680480710112,34.216760100406844,4.106079619696736,1.187310788519028
FJI,2014,36.226,34.35353048093983,1.047469290315976,32.30049067192052,36.40657028995914,4.106079618038626,4.062279709441519
FJI,2015,37.858,36.24264782693789,1.0474692902261054,34.189608018094724,38.29568763578106,4.106079617686333,3.504469519060166
FJI,2016,37.866,37.11773112613745,1.0474692902070109,35.06469131733171,39.17077093494319,4.106079617611482,1.6233521730621092
FJI,2017,41.855,39.67140059114534,1.047469290202954,37.61836078234755,41.724440399943134,4.106079617595579,4.737268873862547
FJI,2018,43.491,41.73039167623132,1.047469290202092,39.67735186743522,43.78343148502742,4.1060796175922,3.819599408854657
FJI,2019,42.006,41.87896094250031,1.0474692902019087,39.825921133704576,43.93200075129605,4.106079617591482,0.2756083237686795
FJI,2020,44.309,43.18889641484368,1.04746929020187,41.13585660604801,45.24193622363934,4.1060796175913294,2.430039057499684
FJI,2021,42.576,42.85850882201961,1.0474692902018616,40.80546901322396,44.91154863081525,4.1060796175912975,-0.6128964148436751
FJI,2022,44.005,43.4765357043984,1.04746929020186,41.42349589560275,45.52957551319404,4.10607961759129,1.146491177980394
FJI,2023,44.802,44.19103973377791,1.0474692902018594,42.13799992498226,46.24407954257355,4.106079617591289,1.3254642956016056
FJI,2024,39.182,41.490869623588736,1.0474692902018594,39.43782981479309,43.54390943238438,4.106079617591289,-5.009039733777904
FRA,2000,75.842,75.842,0.644433730202674,74.57890988880276,77.10509011119724,2.526180222394482,0.0
FRA,2001,75.742,75.7860790723911,0.5046390084548217,74.79698661581965,76.77517152896256,1.978184913142901,-0.0999999999999943
FRA,2002,77.799,76.74836740925352,0.466587272945262,75.83385635428081,77.66287846422622,1.829022109945427,2.012920927608903
FRA,2003,77.467,77.07532331964256,0.4551816823684407,76.18316722220042,77.9674794170847,1.7843121948842875,0.7186325907464806
FRA,2004,77.965,77.47391996762379,0.4516940318642254,76.58859966516991,78.35924027007766,1.7706406049077636,0.8896766803574394
FRA,2005,78.941,78.12809085093673,0.4506219440571229,77.24487184058476,79.0113098612887,1.766438020703922,1.4670800323762163
FRA,2006,79.012,78.52164871700336,0.4502918834889138,77.63907662536509,79.40422080864163,1.7651441832765422,0.8839091490632711
FRA,2007,79.625,79.01269072793592,0.4501902215174654,78.13031789376168,79.89506356211015,1.7647456683484644,1.1033512829966412
FRA,2008,80.346,79.60599205438764,0.4501589041547722,78.72368060224429,80.488303506531,1.764622904286707,1.333309272064085
FRA,2009,80.363,79.94283405804661,0.4501492562982909,79.06054151570197,80.82512660039126,1.7645850846893003,0.757007945612358
FRA,2010,80.323,80.11199234405002,0.4501462840688172,79.22970562727514,80.99427906082491,1.7645734335497636,0.3801659419533791
FRA,2011,80.62,80.33803404129581,0.4501453684058704,79.45574911922031,81.22031896337131,1.7645698441510118,0.5080076559499815
FRA,2012,80.483,80.40253761697011,0.4501450863146957,79.5202532477933,81.28482198614691,1.764568738353607,0.1449659587041907
FRA,2013,81.411,80.851259545229,0.4501449994099427,79.9689753463855,81.73354374407249,1.7645683976869757,1.0084623830298938
FRA,2014,81.576,81.17373750884988,0.4501449726369073,80.29145336248155,82.05602165521822,1.7645682927366766,0.7247404547709948
FRA,2015,81.58,81.354506631338,0.4501449643888492,80.47222250113586,82.23679076154014,1.764568260404289,0.406262491150116
FRA,2016,80.277,80.87506309356107,0.4501449618478425,79.9927789683393,81.75734721878284,1.7645682504435425,-1.0775066313379966
FRA,2017,80.699,80.79672268274572,0.4501449610650261,79.91443855905827,81.67900680643318,1.7645682473749025,-0.1760630935610692
FRA,2018,80.734,80.76881381991087,0.4501449608238612,79.8865296966961,81.65109794312565,1.764568246429536,-0.0627226827457292
FRA,2019,80.72,80.74709379544363,0.4501449607495648,79.86480967237449,81.62937791851277,1.764568246138294,-0.048813819910876
FRA,2020,82.578,81.56176733725515,0.450144960726676,80.67948321423086,82.44405146027944,1.76456824604857,1.8309062045563709
FRA,2021,81.823,81.67800449788025,0.4501449607196246,80.79572037486979,82.56028862089072,1.7645682460209284,0.2612326627448453
FRA,2022,83.201,82.35567118377402,0.4501449607174522,81.47338706076782,83.23795530678022,1.7645682460124126,1.5229955021197412
FRA,2023,83.653,82.93292602016723,0.450144960716783,82.05064189716234,83.81521014317212,1.7645682460097891,1.2973288162259848
FRA,2024,84.444,83.60528814771413,0.4501449607165768,82.72300402470964,84.48757227071863,1.764568246008981,1.5110739798327728
GAB,2000,34.594,34.594,0.4467720809055542,33.718326721425115,35.46967327857489,1.7513465571497724,0.0
GAB,2001,33.88,34.13269795829173,0.3752096438731324,33.39728705630039,34.868108860283066,1.470821803982679,-0.7139999999999986
GAB,2002,33.977,34.03792528586019,0.3641920947494231,33.32410878015132,34.75174179156906,1.4276330114177385,-0.1556979582917321
GAB,2003,33.789,33.887851659626406,0.362449988956097,33.177449681272456,34.59825363798036,1.4208039567079,-0.2489252858601887
GAB,2004,31.905,32.69423848508101,0.3621738577886267,31.9843777238153,33.40409924634672,1.4197215225314168,-1.9828516596264048
GAB,2005,31.66,32.07181056695192,0.3621300751401591,31.362035619677204,32.78158551422663,1.4195498945494236,-1.0342384850810085
GAB,2006,31.695,31.84504621084392,0.3621231327151655,31.135284870722195,32.55480755096564,1.4195226802434489,-0.3768105669519173
GAB,2007,31.213,31.464683521480524,0.362122031875858,30.754924339003843,32.174442703957205,1.4195183649533634,-0.6320462108439173
GAB,2008,31.749,31.635783789603245,0.3621218573188756,30.92602494925825,32.34554262994824,1.4195176806899923,0.2843164785194751
GAB,2009,31.805,31.737617262971693,0.3621218296398617,31.027858476877565,32.447376049065824,1.419517572188258,0.1692162103967547
GAB,2010,32.436,32.157900508657555,0.3621218252508776,31.448141731165837,32.86765928614928,1.4195175549834402,0.6983827370283073
GAB,2011,31.576,31.807715688016856,0.3621218245549286,31.097956911889195,32.51747446414451,1.4195175522553205,-0.5819005086575544
GAB,2012,30.565,31.05985559238936,0.3621218244445739,30.350096816478,31.76961436830073,1.4195175518227297,-1.2427156880168546
GAB,2013,31.538,31.347600509278216,0.3621218244270752,30.63784173340115,32.057359285155286,1.419517551754135,0.4781444076106389
GAB,2014,31.352,31.35024810082572,0.3621218244243006,30.64048932495409,32.060006876697344,1.4195175517432583,0.0043994907217843
GAB,2015,32.115,31.810471974956613,0.3621218244238606,31.100713199085845,32.52023075082738,1.4195175517415335,0.7647518991742857
GAB,2016,32.761,32.382494993961366,0.3621218244237909,31.672736218090737,33.092253769832,1.4195175517412602,0.9505280250433898
GAB,2017,30.441,31.214113001460277,0.3621218244237797,30.504354225589665,31.92387177733088,1.4195175517412166,-1.941494993961367
GAB,2018,30.151,30.57433690584152,0.362121824423778,29.86457812997092,31.284095681712124,1.4195175517412095,-1.0631130014602732
GAB,2019,30.833,30.72999906427065,0.3621218244237777,30.020240288400046,31.43975784014125,1.4195175517412086,0.2586630941584786
GAB,2020,30.916,30.841933498595974,0.3621218244237776,30.13217472272537,31.551692274466586,1.4195175517412084,0.1860009357293499
GAB,2021,31.009,30.94247328489352,0.3621218244237776,30.232714509022912,31.65223206076412,1.4195175517412084,0.1670665014040224
GAB,2022,29.749,30.22424702165936,0.3621218244237776,29.514488245788755,30.934005797529963,1.4195175517412084,-1.1934732848935177
GAB,2023,28.767,29.34728304079498,0.3621218244237776,28.637524264924377,30.057041816665585,1.4195175517412084,-1.4572470216593594
GAB,2024,28.462,28.814524127509813,0.3621218244237776,28.10476535163921,29.524282903380417,1.4195175517412084,-0.885283040794981
GBR,2000,77.742,77.742,0.4142308377416357,76.93010755802639,78.55389244197362,1.6237848839472122,0.0
GBR,2001,77.654,77.68651788650773,0.3438127990207379,77.01264480042708,78.36039097258838,1.3477461721612929,-0.088000000000008
GBR,2002,79.66,78.84501393643298,0.3317550628548558,78.19477401323746,79.49525385962849,1.3004798463910348,1.9734821134922669
GBR,2003,79.006,78.93830318110875,0.3296161828685582,78.29225546268637,79.58435089953113,1.2920954368447484,0.160986063567023
GBR,2004,79.344,79.17285599624735,0.3292353062965128,78.52755479590618,79.81815719658852,1.2906024006823302,0.4056968188912435
GBR,2005,80.823,80.12649023017718,0.3291674413346577,79.48132204516125,80.77165841519312,1.2903363700318584,1.6501440037526436
GBR,2006,81.241,80.77052891592955,0.3291553478132472,80.12538443421558,81.41567339764352,1.2902889634279289,1.114509769822817
GBR,2007,81.212,81.02563725264929,0.3291531927100302,80.38049699493763,81.67077751036095,1.2902805154233183,0.4414710840704572
GBR,2008,81.269,81.16626644233067,0.3291528086626384,80.5211269373519,81.81140594730944,1.2902790099575427,0.2433627473507158
GBR,2009,81.027,81.08579020262829,0.3291527402239272,80.4406508317894,81.73092957346718,1.2902787416777948,-0.1392664423306655
GBR,2010,80.172,80.55774918496388,0.3291527280278864,79.91260983802923,81.20288853189854,1.2902786938693147,-0.9137902026282916
GBR,2011,80.176,80.33715235116215,0.3291527258545051,79.69201300848732,80.98229169383697,1.29027868534966,-0.3817491849638799
GBR,2012,80.475,80.41680872243104,0.3291527254672002,79.77166938051533,81.06194806434675,1.2902786838314249,0.1378476488378481
GBR,2013,80.804,80.64055031255026,0.3291527253981809,79.99541097076983,81.2856896543307,1.2902786835608693,0.3871912775689594
GBR,2014,80.978,80.83554832522152,0.3291527253858815,80.19040898346519,81.48068766697786,1.2902786835126554,0.3374496874497339
GBR,2015,80.945,80.89879585473135,0.3291527253836896,80.25365651297932,81.54393519648337,1.2902786835040634,0.1094516747784695
GBR,2016,80.998,80.9561217669941,0.3291527253832991,80.31098242524284,81.60126110874536,1.2902786835025324,0.0992041452686578
GBR,2017,82.066,81.5974738197264,0.3291527253832294,80.95233447797527,82.24261316147754,1.2902786835022593,1.109878233005901
GBR,2018,82.549,82.14732086672558,0.329152725383217,81.50218152497447,82.79246020847668,1.2902786835022109,0.9515261802736036
GBR,2019,82.895,82.57937326008759,0.3291527253832149,81.93423391833649,83.2245126018387,1.2902786835022024,0.747679133274417
GBR,2020,82.895,82.7617607072148,0.3291527253832144,82.1166213654637,83.40690004896591,1.2902786835022009,0.3156267399124033
GBR,2021,81.994,82.31810401503355,0.3291527253832144,81.67296467328245,82.96324335678466,1.2902786835022009,-0.7677607072148049
GBR,2022,82.218,82.26025810579843,0.3291527253832144,81.61511876404732,82.90539744754953,1.2902786835022009,-0.1001040150335512
GBR,2023,82.396,82.33869764979431,0.3291527253832144,81.69355830804321,82.98383699154542,1.2902786835022009,0.1357418942015726
GBR,2024,80.997,81.5633868848367,0.3291527253832144,80.9182475430856,82.20852622658781,1.2902786835022009,-1.3416976497943125
GEO,2000,39.171,39.171,1.6520092010614638,35.93306196591953,42.40893803408047,6.475876068160938,0.0
GEO,2001,42.355,40.8996271621756,1.2750912555507674,38.400448301296095,43.3988060230551,4.9983577217590085,3.183999999999997
GEO,2002,40.605,40.76694119571797,1.161323555917294,38.49074702612008,43.04313536531586,4.552388339195793,-0.2946271621756011
GEO,2003,40.672,40.72698137961953,1.1226943121883872,38.52650052773029,42.92746223150877,4.400961703778478,-0.094941195717972
GEO,2004,42.101,41.29148053091531,1.1092066587696243,39.11743547972684,43.46552558210377,4.348090102376928,1.3740186203804683
GEO,2005,41.008,41.17601095244478,1.104458245879949,39.01127279052008,43.34074911436948,4.3294763238494,-0.2834805309153054
GEO,2006,43.603,42.1615932046074,1.102781976320245,40.00014053101972,44.32304587819508,4.322905347175362,2.4269890475552245
GEO,2007,42.638,42.35485070539013,1.1021896694963258,40.19455895317733,44.51514245760293,4.320583504425597,0.4764067953925988
GEO,2008,44.676,43.296082270695415,1.1019803101670147,41.136200862768064,45.455963678622766,4.3197628158546975,2.3211492946098744
GEO,2009,45.548,44.209117619141296,1.1019063005458742,42.04938127007138,46.36885396821121,4.319472698139827,2.251917729304587
GEO,2010,47.211,45.42616677427825,1.101880136686992,43.26648170637175,47.58585184218475,4.319370135813008,3.001882380858703
GEO,2011,47.952,46.45019476539592,1.1018708871138907,44.29052782665269,48.60986170413915,4.319333877486452,2.5258332257217475
GEO,2012,48.844,47.42068996326681,1.1018676171436683,45.26102943366522,49.5803504928684,4.3193210592031805,2.393805234604081
GEO,2013,50.821,48.79923889025108,1.1018664611200946,46.63958062645569,50.95889715404646,4.319316527590771,3.400310036733188
GEO,2014,51.041,49.70808986164824,1.1018660524340007,47.5484323988776,51.86774732441888,4.319314925541283,2.2417611097489214
GEO,2015,52.134,50.69159796069157,1.101865907952206,48.53194078110525,52.8512551402779,4.319314359172648,2.4259101383517603
GEO,2016,51.983,51.21515579036844,1.1018658568739064,49.05549871089558,53.37481286984129,4.319314158945713,1.291402039308423
GEO,2017,55.777,53.06461018391649,1.1018658388163185,50.90495313983651,55.22426722799648,4.319314088159968,4.561844209631566
GEO,2018,55.139,53.90560543463815,1.1018658324324624,51.74594840307052,56.06526246620577,4.319314063135253,2.07438981608351
GEO,2019,55.476,54.54227186810134,1.101865830175593,52.38261484095717,56.7019288952455,4.319314054288324,1.5703945653618518
GEO,2020,55.114,54.774060819838745,1.1018658293777277,52.6144037942584,56.93371784541909,4.319314051160693,0.5717281318986593
GEO,2021,54.365,54.6082201461188,1.1018658290956602,52.4485631210913,56.76787717114629,4.319314050054988,-0.4090608198387429
GEO,2022,54.739,54.66124067025817,1.1018658289959415,52.50158364542612,56.82089769509021,4.319314049664091,0.1307798538812008
GEO,2023,53.058,54.01125783169026,1.1018658289606884,51.85160080692731,56.17091485645321,4.319314049525898,-1.6032406702581667
GEO,2024,49.36,52.12555356758995,1.1018658289482253,49.96589654285143,54.28521059232847,4.319314049477043,-4.651257831690259
GHA,2000,38.314,38.314,0.9368751115465038,36.47772478136885,40.15027521863115,3.672550437262295,0.0
GHA,2001,37.949,38.070682446878905,0.7986963921977585,36.5052375181713,39.63612737558651,3.130889857415213,-0.365000000000002
GHA,2002,38.077,38.07470187190503,0.7802772589015153,36.54535844445806,39.604045299352,3.05868685489394,0.006317553121093
GHA,2003,40.414,39.55352338003812,0.7777795627048126,38.02907543713668,41.07797132293955,3.0488958858028656,2.339298128094974
GHA,2004,40.856,40.3761852753529,0.7774404936208906,38.85240190785596,41.89996864284985,3.0475667349938917,1.302476619961887
GHA,2005,41.659,41.186332498406536,0.7773944582985185,39.66263936014144,42.71002563667163,3.0473862765301925,1.2828147246470962
GHA,2006,40.643,40.84320248266584,0.7773882079911241,39.31952159500324,42.36688337032844,3.0473617753252062,-0.5433324984065351
GHA,2007,42.063,41.61353782750823,0.7773873593725409,40.08985860313805,43.1372170518784,3.0473584487403604,1.2197975173341646
GHA,2008,40.54,40.9355696601171,0.7773872441536128,39.41189066157602,42.45924865865818,3.047357997082162,-1.0735378275082257
GHA,2009,42.414,41.86923836011266,0.777387228510069,40.34555939223293,43.39291732799239,3.0473579357594707,1.4784303398828982
GHA,2010,44.206,43.34496645614456,0.7773872263861085,41.821287492427786,44.86864541986132,3.047357927433545,2.3367616398873423
GHA,2011,44.221,43.898205302036025,0.7773872260977334,42.37452633888447,45.42188426518759,3.0473579263031145,0.8760335438554421
GHA,2012,45.521,44.92304398775432,0.77738722605858,43.399365024679504,46.446722950829134,3.0473579261496337,1.6227946979639754
GHA,2013,45.181,45.08595017723784,0.777387226053264,43.56227121417344,46.60962914030224,3.047357926128795,0.2579560122456783
GHA,2014,45.494,45.343644662304456,0.7773872260525423,43.81996569924147,46.86732362536744,3.0473579261259656,0.4080498227621589
GHA,2015,45.968,45.73794192276372,0.7773872260524443,44.214262959700925,47.26162088582651,3.047357926125581,0.6243553376955475
GHA,2016,45.789,45.77018647768799,0.777387226052431,44.24650751462522,47.29386544075075,3.047357926125529,0.0510580772362843
GHA,2017,45.716,45.73596625337603,0.7773872260524292,44.21228729031326,47.25964521643879,3.0473579261255224,-0.0541864776879847
GHA,2018,45.439,45.54842404289826,0.7773872260524288,44.0247450798355,47.07210300596103,3.047357926125521,-0.2969662533760271
GHA,2019,45.137,45.28859864667341,0.7773872260524289,43.76491968361064,46.81227760973617,3.047357926125521,-0.4114240428982612
GHA,2020,46.203,45.86606780054923,0.7773872260524289,44.34238883748647,47.389746763612,3.047357926125521,0.9144013533265962
GHA,2021,46.314,46.14894908377299,0.7773872260524289,44.62527012071023,47.67262804683576,3.047357926125521,0.4479321994507685
GHA,2022,49.113,48.020827300500784,0.7773872260524289,46.49714833743802,49.54450626356355,3.047357926125521,2.964050916227009
GHA,2023,48.59,48.380275234379376,0.7773872260524289,46.85659627131661,49.90395419744214,3.047357926125521,0.5691726994992194
GHA,2024,41.303,43.91078475683886,0.7773872260524289,42.387105793776094,45.43446371990162,3.047357926125521,-7.077275234379378
GIN,2000,23.836,23.836,0.8383659530823764,22.19280273195854,25.479197268041457,3.2863945360829154,0.0
GIN,2001,26.346,25.46808224655245,0.706247120986262,24.083837889419375,26.85232660368553,2.7684887142661467,2.5100000000000016
GIN,2002,25.124,25.25669646343464,0.6864822081050278,23.911191335548786,26.60220159132049,2.691010255771709,-0.3440822465524533
GIN,2003,24.09,24.546254611220583,0.6834517487491754,23.206689183672204,25.88582003876897,2.6791308550967674,-1.16669646343464
GIN,2004,23.742,24.0571832220682,0.6829861228584599,22.71853042126562,25.395836022870785,2.677305601605163,-0.8042546112205855
GIN,2005,23.048,23.44362228206108,0.6829145599237098,22.10510974461061,24.78213481951155,2.6770250749009423,-1.0091832220682022
GIN,2006,23.9,23.721080840263298,0.6829035608140024,22.382589861067853,25.059571819458743,2.6769819583908894,0.456377717938917
GIN,2007,24.054,23.923480758335952,0.6829018702573137,22.584993092631617,25.261968424040287,2.67697533140867,0.3329191597367007
GIN,2008,22.203,22.87750641484866,0.6829016104194872,21.539019258426467,24.21599357127085,2.676974312844389,-1.7204807583359525
GIN,2009,19.892,21.06245400471747,0.6829015704825203,19.72396692657173,22.40094108286321,2.67697415629148,-2.985506414848661
GIN,2010,22.881,22.168047419595887,0.6829015643442248,20.82956035348121,23.506534485710567,2.676974132229361,1.8185459952825305
GIN,2011,22.871,22.59541067778965,0.6829015634007712,21.256923613524144,23.93389774205517,2.676974128531023,0.7029525804041121
GIN,2012,23.542,23.170894014812024,0.6829015632557628,21.83240695083073,24.50938107879332,2.6769741279625903,0.9465893222103468
GIN,2013,24.778,24.14794149838665,0.6829015632334752,22.80945443444904,25.486428562324264,2.676974127875223,1.6071059851879743
GIN,2014,26.513,25.5857897042812,0.6829015632300496,24.247302640350306,26.9242767682121,2.6769741278617945,2.365058501613351
GIN,2015,26.235,25.98048009283156,0.682901563229523,24.64199302890169,27.318967156761424,2.6769741278597303,0.6492102957187988
GIN,2016,28.154,27.30188152829744,0.6829015632294422,25.96339446436773,28.640368592227148,2.676974127859413,2.173519907168441
GIN,2017,28.128,27.804124057005048,0.6829015632294296,26.465636993075364,29.14261112093473,2.676974127859364,0.8261184717025607
GIN,2018,31.009,29.752543143297423,0.6829015632294279,28.414056079367743,31.091030207227103,2.6769741278593573,3.2048759429949527
GIN,2019,30.05,29.93338340896032,0.6829015632294275,28.594896345030644,31.27187047289,2.676974127859356,0.2974568567025777
GIN,2020,30.041,29.99880941100004,0.6829015632294274,28.660322347070363,31.337296474929715,2.6769741278593555,0.1076165910396795
GIN,2021,29.104,29.454805909461303,0.6829015632294274,28.116318845531627,30.79329297339098,2.6769741278593555,-0.8948094110000397
GIN,2022,27.958,28.54481586480945,0.6829015632294274,27.20632880087977,29.883302928739127,2.6769741278593555,-1.4968059094613049
GIN,2023,27.803,28.093825494131163,0.6829015632294274,26.755338430201487,29.43231255806084,2.6769741278593555,-0.7418158648094497
GIN,2024,24.675,26.01533479310168,0.6829015632294274,24.676847729172,27.353821857031352,2.6769741278593555,-3.4188254941311627
GMB,2000,23.275,23.275,0.9934595744700816,21.32781923403864,25.22218076596136,3.89436153192272,0.0
GMB,2001,26.781,25.54343525059767,0.8349095390589124,23.907012554042204,27.17985794715314,3.2728453931109365,3.506
GMB,2002,28.403,27.287687175314637,0.810656413987137,25.698800603899844,28.876573746729424,3.177773142829577,2.8595647494023275
GMB,2003,28.806,28.20513267153587,0.8068479343843367,26.62371072014257,29.78655462292917,3.1628439027866,1.518312824685367
GMB,2004,28.959,28.6599828513436,0.8062484812042343,27.079735828183296,30.240229874503896,3.1604940463205984,0.7538673284641284
GMB,2005,27.84,28.165357319150907,0.8061540970484549,26.58529528893593,29.74541934936588,3.160124060429943,-0.819982851343596
GMB,2006,28.76,28.52404117163661,0.8061392354854875,26.944008270085057,30.10407407318817,3.160065803103111,0.5946426808490948
GMB,2007,28.36,28.425093383823345,0.8061368953917262,26.84506506885556,30.00512169879113,3.1600566299355664,-0.1640411716366117
GMB,2008,29.529,29.09095681725365,0.8061365269213617,27.510929224487786,30.67098441001952,3.160055185531738,1.1039066161766549
GMB,2009,28.353,28.64583004463701,0.8061364689021328,27.06580256558883,30.22585752368519,3.16005495809636,-0.7379568172536501
GMB,2010,27.848,28.1645884644884,0.8061364597664427,26.58456100334617,29.744615925630622,3.160054922284455,-0.7978300446370099
GMB,2011,28.435,28.32769748131515,0.8061364583279399,26.747670022992388,29.90772493963791,3.1600549166455245,0.2704115355116023
GMB,2012,28.088,28.18311481616655,0.8061364581014335,26.60308735828774,29.76314227404536,3.160054915757619,-0.2396974813151473
GMB,2013,28.579,28.42190804274686,0.806136458065768,26.841880584937957,30.001935500555767,3.16005491561781,0.3958851838334496
GMB,2014,27.56,27.902015379558023,0.806136458060152,26.32198792176013,29.482042837355923,3.160054915595796,-0.8619080427468617
GMB,2015,25.779,26.62143779479703,0.8061364580592677,25.041410337000865,28.20146525259319,3.160054915592329,-2.1230153795580264
GMB,2016,26.952,26.820828978877888,0.8061364580591286,25.240801521081995,28.40085643667378,3.160054915591784,0.3305622052029733
GMB,2017,33.029,30.56552377881083,0.8061364580591065,28.985496321014985,32.14555123660668,3.1600549155916973,6.208171021122116
GMB,2018,33.523,32.34943820203343,0.8061364580591031,30.76941074423759,33.92946565982928,3.160054915591684,2.957476221189172
GMB,2019,35.211,34.07549818782861,0.8061364580591027,32.495470730032764,35.65552564562445,3.1600549155916826,2.8615617979665657
GMB,2020,35.428,34.89131116812608,0.8061364580591025,33.31128371033024,36.47133862592192,3.1600549155916817,1.35250181217139
GMB,2021,34.666,34.75540615571938,0.8061364580591025,33.175378697923534,36.33543361351522,3.1600549155916817,-0.2253111681260833
GMB,2022,34.969,34.88424341797488,0.8061364580591025,33.30421596017904,36.46427087577072,3.1600549155916817,0.2135938442806235
GMB,2023,35.057,34.98844813014576,0.8061364580591025,33.40842067234992,36.568475587941606,3.1600549155916817,0.1727565820251229
GMB,2024,31.278,32.75035002184555,0.8061364580591025,31.17032256404971,34.33037747964139,3.1600549155916817,-3.710448130145764
GNQ,2000,10.673,10.673,0.5880700541716438,9.520382693823578,11.825617306176422,2.3052346123528435,0.0
GNQ,2001,14.991,14.069226139980966,0.5415935316846759,13.007702817879,15.130749462082932,2.1230466442039297,4.318
GNQ,2002,12.623,12.94129518400186,0.5393114517806256,11.884244738511834,13.998345629491885,2.114100890980052,-1.4462261399809666
GNQ,2003,16.751,15.911312165157952,0.5392005052320462,14.85447917490314,16.968145155412763,2.113665980509621,3.809704815998142
GNQ,2004,18.711,18.09388392648059,0.5391951145411752,17.037061501979885,19.15070635098129,2.113644849001407,2.799687834842046
GNQ,2005,15.888,16.374229603077886,0.5391948526247752,15.317407691933326,17.431051514222446,2.1136438222891187,-2.20588392648059
GNQ,2006,16.996,16.858946902988837,0.539194839899114,15.802125016786574,17.9157687891911,2.1136437724045267,0.6217703969221127
GNQ,2007,18.29,17.974561597826913,0.5391948392808158,16.917739712836514,19.03138348281731,2.113643769980798,1.431053097011162
GNQ,2008,16.065,16.485913144847686,0.5391948392507748,15.429091259916166,17.542735029779205,2.113643769863037,-1.909561597826912
GNQ,2009,16.21,16.270817870257257,0.5391948392493151,15.2139959853286,17.327639755185913,2.1136437698573154,-0.275913144847685
GNQ,2010,14.8,15.124203511415976,0.5391948392492443,14.067381626487457,16.181025396344495,2.1136437698570374,-1.4708178702572567
GNQ,2011,14.179,14.387345508713588,0.5391948392492407,13.330523623785076,15.4441673936421,2.113643769857024,-0.9452035114159756
GNQ,2012,15.172,14.999043343389015,0.5391948392492406,13.942221458460503,16.05586522831753,2.113643769857023,0.784654491286414
GNQ,2013,14.504,14.61311941816546,0.5391948392492406,13.556297533236949,15.669941303093973,2.113643769857023,-0.4950433433890175
GNQ,2014,14.469,14.50076737404224,0.5391948392492406,13.443945489113728,15.55758925897075,2.113643769857023,-0.1441194181654594
GNQ,2015,15.158,15.013130176576254,0.5391948392492406,13.956308291647742,16.069952061504765,2.113643769857023,0.6572326259577608
GNQ,2016,16.416,16.106773866696386,0.5391948392492406,15.049951981767874,17.163595751624896,2.113643769857023,1.402869823423746
GNQ,2017,18.9,18.284306011703848,0.5391948392492406,17.227484126775337,19.34112789663236,2.113643769857023,2.7932261333036124
GNQ,2018,18.644,18.564714823773222,0.5391948392492406,17.507892938844716,19.621536708701736,2.113643769857023,0.3596939882961507
GNQ,2019,17.981,18.10966473773517,0.5391948392492406,17.05284285280666,19.16648662266368,2.113643769857023,-0.5837148237732244
GNQ,2020,17.579,17.69597122725895,0.5391948392492406,16.63914934233044,18.75279311218746,2.113643769857023,-0.5306647377351688
GNQ,2021,17.99,17.925189011156554,0.5391948392492406,16.868367126228044,18.982010896085065,2.113643769857023,0.2940287727410471
GNQ,2022,14.96,15.61359872821026,0.5391948392492406,14.556776843281748,16.67042061313877,2.113643769857023,-2.965189011156553
GNQ,2023,15.351,15.40888305370824,0.5391948392492406,14.352061168779729,16.46570493863675,2.113643769857023,-0.2625987282102588
GNQ,2024,15.726,15.656099824324734,0.5391948392492406,14.599277939396222,16.712921709253244,2.113643769857023,0.31711694629176
GRC,2000,65.329,65.329,0.6547896482606931,64.04561228940904,66.61238771059095,2.5667754211819167,0.0
GRC,2001,64.911,65.07361728409508,0.5352869462127391,64.02445486951811,66.12277969867205,2.0983248291539374,-0.4179999999999921
GRC,2002,63.705,64.30865788391614,0.5119849861730866,63.30516731101689,65.3121484568154,2.0069811457985,-1.3686172840950803
GRC,2003,62.532,63.33404058438421,0.507217462557034,62.33989435777242,64.328186810996,1.9882924532235733,-1.776657883916144
GRC,2004,62.815,63.05041271195732,0.5062357807892744,62.05819058161034,64.0426348423043,1.984444260693956,-0.5190405843842143
GRC,2005,63.129,63.093322127022006,0.5060334072763636,62.10149664876033,64.08514760528368,1.983650956523345,0.0785872880426765
GRC,2006,63.749,63.45126950941518,0.5059916782887285,62.45952581996927,64.44301319886108,1.983487378891816,0.6556778729779964
GRC,2007,63.475,63.46422400801135,0.5059830734491603,62.472497184050994,64.4559508319717,1.9834536479207083,0.0237304905848247
GRC,2008,63.793,63.64370189277467,0.5059812990473158,62.651978546641935,64.63542523890742,1.9834466922654777,0.3287759919886497
GRC,2009,64.534,64.12971241022463,0.505980933147607,63.13798978125532,65.12143503919394,1.9834452579386197,0.890298107225334
GRC,2010,66.101,65.20583085643814,0.5059808576953335,64.21410837535528,66.197553337521,1.9834449621657075,1.971287589775372
GRC,2011,63.173,64.09611624175933,0.5059808421362995,63.104393791172186,65.08783869234648,1.9834449011742936,-2.0328308564381388
GRC,2012,62.822,63.40058105157328,0.5059808389278667,62.40885860727467,64.3923034958719,1.9834448885972376,-1.27411624175933
GRC,2013,62.226,62.75938174323515,0.5059808382662548,61.76765930023329,63.751104186237015,1.983444886003719,-1.1745810515732842
GRC,2014,61.974,62.33064485053824,0.5059808381298238,61.33892240780378,63.32236729327269,1.983444885468909,-0.7853817432351562
GRC,2015,62.703,62.53391210384181,0.5059808381016901,61.542189661162496,63.52563454652112,1.9834448853586253,0.372355149461768
GRC,2016,63.088,62.83638656915013,0.5059808380958888,61.844664126482186,63.82810901181807,1.983444885335884,0.5540878961581939
GRC,2017,64.737,63.87392417868361,0.5059808380946925,62.88220173601801,64.8656466213492,1.9834448853311943,1.900613430849866
GRC,2018,65.37,64.69062625293647,0.5059808380944457,63.69890381027136,65.68234869560158,1.9834448853302271,1.4960758213163956
GRC,2019,65.275,65.00963364852801,0.5059808380943949,64.017911205863,66.00135609119302,1.983444885330028,0.5843737470635375
GRC,2020,66.844,66.01100723056229,0.5059808380943844,65.01928478789729,67.00272967322728,1.9834448853299869,1.834366351471985
GRC,2021,67.514,66.83148524036426,0.5059808380943822,65.83976279769927,67.82320768302925,1.9834448853299784,1.5029927694377108
GRC,2022,68.686,67.84385776142673,0.5059808380943818,66.85213531876174,68.83558020409173,1.9834448853299764,1.854514759635748
GRC,2023,69.684,68.84838437815954,0.5059808380943818,67.85666193549454,69.84010682082453,1.9834448853299764,1.8401422385732644
GRC,2024,69.156,69.01631057070276,0.5059808380943817,68.02458812803776,70.00803301336775,1.983444885329976,0.3076156218404691
GTM,2000,36.42,36.42,0.633934489717363,35.17748840015397,37.662511599846034,2.485023199692063,0.0
GTM,2001,36.65,36.581953290476136,0.5546788772737243,35.49478269101964,37.66912388993264,2.1743411989129995,0.2299999999999968
GTM,2002,33.828,34.69828390765166,0.5466819214249132,33.626787341658826,35.76978047364449,2.14299313198566,-2.753953290476133
GTM,2003,33.687,34.00862720085166,0.5458717151480574,32.93871863916147,35.078535762541854,2.1398171233803853,-1.011283907651659
GTM,2004,32.179,32.76126702325754,0.5457896441541312,31.69151932071544,33.83101472579963,2.1394954050841943,-1.829627200851661
GTM,2005,34.101,33.674610820933175,0.5457813308596372,32.604879412448284,34.744342229418066,2.1394628169697776,1.3397329767424608
GTM,2006,35.527,34.937446756303075,0.5457804887754095,33.86771699830327,36.00717651430288,2.1394595159996053,1.8523891790668257
GTM,2007,36.224,35.81453305081951,0.5457804034776177,34.74480346000338,36.88426264163565,2.139459181632261,1.2865532436969218
GTM,2008,36.671,36.398415142546966,0.5457803948374926,35.32868556866548,37.468144716428455,2.139459147762971,0.8564669491804864
GTM,2009,36.102,36.1963390518577,0.5457803939623027,35.12660947969159,37.26606862402381,2.1394591443322266,-0.2964151425469694
GTM,2010,37.443,37.0462294068817,0.5457803938736516,35.976499834889346,38.115958978874055,2.1394591439847144,1.2466609481422992
GTM,2011,38.671,38.15388972000062,0.5457803938646717,37.084160148025866,39.223619291975375,2.139459143949513,1.6247705931182992
GTM,2012,38.066,38.093972366013645,0.5457803938637621,37.024242794040674,39.163701937986616,2.139459143945947,-0.0878897200006179
GTM,2013,37.732,37.84720372927453,0.54578039386367,36.77747415730174,38.916933301247326,2.1394591439455866,-0.3619723660136458
GTM,2014,38.207,38.092488849264576,0.5457803938636607,37.02275927729181,39.16221842123735,2.13945914394555,0.359796270725468
GTM,2015,36.813,37.2202186189896,0.5457803938636597,36.150489047016826,38.28994819096237,2.139459143945546,-1.279488849264574
GTM,2016,37.257,37.24529371339329,0.5457803938636596,36.17556414142052,38.31502328536606,2.1394591439455457,0.0367813810103996
GTM,2017,39.361,38.68764126560008,0.5457803938636597,37.617911693627306,39.75737083757285,2.139459143945546,2.1157062866067093
GTM,2018,39.305,39.10851530895482,0.5457803938636596,38.03878573698205,40.17824488092759,2.1394591439455457,0.6173587343999216
GTM,2019,38.547,38.72571159157466,0.5457803938636597,37.655982019601886,39.79544116354743,2.139459143945546,-0.5615153089548244
GTM,2020,40.182,39.71851197908416,0.5457803938636596,38.64878240711138,40.78824155105693,2.1394591439455457,1.456288408425344
GTM,2021,39.492,39.564091206859885,0.5457803938636597,38.49436163488711,40.63382077883266,2.139459143945546,-0.2265119790841581
GTM,2022,39.495,39.51698942636974,0.5457803938636596,38.44725985439697,40.58671899834251,2.1394591439455457,-0.0690912068598876
GTM,2023,38.512,38.83185460955026,0.5457803938636597,37.76212503757749,39.90158418152304,2.139459143945546,-1.0049894263697396
GTM,2024,34.16,35.64689547651373,0.5457803938636596,34.577165904540955,36.7166250484865,2.1394591439455457,-4.671854609550266
GUY,2000,42.684,42.684,0.783719079585391,41.14791060401263,44.220089395987365,3.0721787919747325,0.0
GUY,2001,42.289,42.40370794750078,0.68823713781926,41.05476315737503,43.752652737626526,2.6978895802514997,-0.394999999999996
GUY,2002,42.191,42.25679318267957,0.6790036726881515,40.9259459842108,43.58764038114835,2.661694396937554,-0.2127079475007747
GUY,2003,42.042,42.10882911151912,0.6781084390903341,40.77973657090206,43.43792165213617,2.6581850812341097,-0.2147931826795712
GUY,2004,42.895,42.650258196432674,0.6780216655864565,41.32133573188322,43.97918066098213,2.657844929098909,0.7861708884808891
GUY,2005,41.597,41.924906390371945,0.6780132550470728,40.59600041047968,43.25381237026421,2.6578119597845253,-1.0532581964326724
GUY,2006,41.687,41.761066777677904,0.678012439856442,40.43216239555928,43.08997115979653,2.6578087642372528,-0.2379063903719469
GUY,2007,41.064,41.28101609858604,0.6780123608442018,39.95211187133141,42.60992032584067,2.657808454509271,-0.6970667776779038
GUY,2008,39.506,40.058611457362666,0.6780123531859513,38.7297072451182,41.38751566960713,2.657808424488929,-1.7750160985860362
GUY,2009,40.111,40.094690001989726,0.6780123524436765,38.76578579120012,41.423594212779335,2.657808421579212,0.0523885426373311
GUY,2010,40.224,40.183742231696606,0.6780123523717316,38.85483802104801,41.5126464423452,2.657808421297188,0.129309998010271
GUY,2011,38.906,39.30379639245958,0.6780123523647583,37.97489218182466,40.632700603094506,2.6578084212698525,-1.2777422316966067
GUY,2012,39.314,39.31082333559228,0.6780123523640824,37.98191912495868,40.639727546225885,2.657808421267203,0.0102036075404186
GUY,2013,39.87,39.69591288420146,0.678012352364017,38.36700867356799,41.02481709483494,2.657808421266947,0.5591766644077154
GUY,2014,40.477,40.23382604115678,0.6780123523640105,38.90492183052332,41.56273025179024,2.657808421266921,0.7810871157985346
GUY,2015,40.227,40.22912513485083,0.6780123523640099,38.90022092421737,41.55802934548429,2.657808421266919,-0.0068260411567848
GUY,2016,40.437,40.37228282200552,0.6780123523640099,39.04337861137206,41.70118703263898,2.657808421266919,0.2078748651491651
GUY,2017,43.804,42.735611807538206,0.6780123523640099,41.406707596904745,44.06451601817167,2.657808421266919,3.4317171779944786
GUY,2018,44.476,43.93416916176852,0.6780123523640099,42.60526495113506,45.26307337240198,2.657808421266919,1.7403881924617934
GUY,2019,44.242,44.14616377114319,0.6780123523640099,42.817259560509726,45.47506798177665,2.657808421266919,0.3078308382314745
GUY,2020,46.253,45.59708378266277,0.6780123523640099,44.2681795720293,46.92598799329623,2.657808421266919,2.106836228856814
GUY,2021,46.199,46.01160688276468,0.6780123523640099,44.68270267213122,47.34051109339814,2.657808421266919,0.6019162173372337
GUY,2022,47.472,47.01733934998731,0.6780123523640099,45.68843513935385,48.34624356062077,2.657808421266919,1.46039311723532
GUY,2023,48.64,48.13482099225348,0.6780123523640099,46.80591678162002,49.46372520288694,2.657808421266919,1.6226606500126906
GUY,2024,41.287,43.41891551422989,0.6780123523640099,42.09001130359643,44.74781972486335,2.657808421266919,-6.847820992253482
HND,2000,37.42,37.42,0.542068459790196,36.35754581881122,38.48245418118879,2.1249083623775684,0.0
HND,2001,35.128,35.69667906197146,0.4890617723580105,34.73811798814976,36.65524013579316,1.9171221476434013,-2.2920000000000016
HND,2002,37.325,36.90299940124683,0.4854553182534167,35.95150697747013,37.85449182502353,1.9029848475533933,1.6283209380285442
HND,2003,38.404,38.01387909329805,0.4852114298578899,37.062864690776586,38.96489349581952,1.9020288050429284,1.5010005987531727
HND,2004,35.823,36.39253547488466,0.4851949471570674,35.44155337845681,37.34351757131251,1.9019641928557045,-2.190879093298051
HND,2005,35.408,35.66394073644192,0.4851938332558816,34.71296082326039,36.61492064962344,1.901959826363056,-0.9845354748846588
HND,2006,36.5,36.28265708234997,0.4851937579786439,35.33167731671182,37.23363684798811,1.9019595312762845,0.8360592635580844
HND,2007,35.52,35.71826121492152,0.485193752891423,34.76728145925433,36.66924097058871,1.901959511334378,-0.7626570823499605
HND,2008,36.21,36.08216701765019,0.4851937525476297,35.13118726265684,37.03314677264355,1.9019595099867084,0.491738785078482
HND,2009,34.225,34.70779128239753,0.4851937525243962,33.75681152744971,35.658771037345346,1.9019595098956328,-1.857167017650191
HND,2010,35.39,35.21265223401562,0.4851937525228262,34.26167247907088,36.16363198896036,1.9019595098894784,0.6822087176024709
HND,2011,35.155,35.1699873413266,0.4851937525227199,34.21900758638207,36.12096709627114,1.9019595098890625,-0.0576522340156202
HND,2012,35.833,35.660642463660565,0.4851937525227127,34.709662708716046,36.611622218605085,1.9019595098890336,0.6630126586733951
HND,2013,35.998,35.91030014530137,0.4851937525227123,34.95932039035685,36.86127990024589,1.9019595098890325,0.3373575363394323
HND,2014,35.158,35.35356881446485,0.4851937525227123,34.40258905952034,36.30454856940936,1.901959509889032,-0.7523001453013691
HND,2015,36.187,35.97034026663274,0.4851937525227123,35.01936051168822,36.92132002157726,1.901959509889032,0.8334311855351473
HND,2016,37.009,36.73898881635781,0.4851937525227123,35.78800906141329,37.68996857130233,1.901959509889032,1.0386597333672611
HND,2017,39.463,38.75486290724364,0.4851937525227123,37.80388315229912,39.70584266218816,1.901959509889032,2.7240111836421903
HND,2018,39.451,39.27003139752707,0.4851937525227123,38.31905164258255,40.22101115247159,1.901959509889032,0.6961370927563593
HND,2019,38.971,39.04873654739719,0.4851937525227123,38.09775679245267,39.99971630234171,1.901959509889032,-0.2990313975270737
HND,2020,39.733,39.55511808273206,0.4851937525227123,38.60413832778754,40.50609783767658,1.901959509889032,0.6842634526028064
HND,2021,39.742,39.69341796099166,0.4851937525227123,38.74243820604714,40.64439771593618,1.901959509889032,0.1868819172679394
HND,2022,39.519,39.56434189454244,0.4851937525227123,38.613362139597925,40.51532164948695,1.901959509889032,-0.1744179609916614
HND,2023,39.579,39.57518946197932,0.4851937525227123,38.62420970703481,40.52616921692383,1.901959509889032,0.0146581054575634
HND,2024,35.346,36.4454249760449,0.4851937525227123,35.49444522110039,37.39640473098942,1.901959509889032,-4.229189461979324
HRV,2000,50.85,50.85,1.254057185317556,48.39204791677759,53.30795208322241,4.915904166444819,0.0
HRV,2001,49.003,49.82066352992504,0.9803832173830282,47.89911242385431,51.74221463599578,3.843102212141471,-1.8470000000000013
HRV,2002,50.959,50.361230330741385,0.9049821133304078,48.587465388613786,52.13499527286898,3.5475298842551983,1.138336470074961
HRV,2003,51.064,50.67826100025826,0.8820531796737641,48.94943676809768,52.40708523241884,3.457648464321155,0.7027696692586147
HRV,2004,51.407,51.00172179636843,0.8749343256095018,49.28685051817381,52.71659307456305,3.429742556389247,0.7287389997417364
HRV,2005,51.467,51.20719403499788,0.872711819800066,49.49667886818976,52.91770920180601,3.421030333616258,0.4652782036315699
HRV,2006,51.23,51.21724937826263,0.8720168149458284,49.508096420968805,52.92640233555645,3.418305914587647,0.0228059650021137
HRV,2007,51.268,51.23961459937596,0.871799368861029,49.53088783640834,52.94834136234357,3.4174535259352337,0.0507506217373716
HRV,2008,52.023,51.58478973779113,0.8717313258646722,49.87619633909637,53.293383136485886,3.417186797389515,0.7833854006240486
HRV,2009,53.839,52.577990948043706,0.8717100328803185,50.86943928359828,54.28654261248913,3.4171033288908483,2.254210262208872
HRV,2010,56.259,54.19981248516285,0.8717033694740737,52.49127388099367,55.90835108933204,3.4170772083383687,3.681009051956295
HRV,2011,56.437,55.18549371656964,0.8717012842240767,53.47695919949045,56.894028233648825,3.4170690341583803,2.237187514837146
HRV,2012,56.645,55.828535834075765,0.8717006316638228,54.12000259601467,57.53706907213686,3.4170664761221854,1.4595062834303647
HRV,2013,56.843,56.27549717103448,0.8717004274508577,54.5669643332308,57.98403000883816,3.417065675607362,1.0144641659242382
HRV,2014,57.232,56.69692134244868,0.8717003635442057,54.98838862990204,58.405454054995324,3.417065425093286,0.9565028289655187
HRV,2015,57.775,57.17191040716725,0.8717003435451796,55.4633777338187,58.8804430805158,3.417065346697104,1.0780786575513162
HRV,2016,57.324,57.23891933263825,0.8717003372866599,55.53038667155639,58.9474519937201,3.4170653221637064,0.1520895928327448
HRV,2017,59.994,58.45277618396959,0.871700335328111,56.74424352672649,60.16130884121269,3.417065314486195,2.755080667361753
HRV,2018,59.908,59.09393105749152,0.8717003347152003,57.38539840144973,60.80246371353331,3.4170653120835848,1.4552238160304114
HRV,2019,59.228,59.153000291304565,0.8717003345233952,57.44446763563871,60.86153294697042,3.4170653113317093,0.1340689425084846
HRV,2020,60.456,59.727086973876816,0.8717003344633716,58.01855431832861,61.43561962942503,3.4170653110964166,1.302999708695438
HRV,2021,60.605,60.113885354082825,0.8717003344445876,58.40535269857144,61.822418009594216,3.4170653110227835,0.8779130261231813
HRV,2022,62.83,61.31057422213593,0.8717003344387093,59.60204156663605,63.0191068776358,3.4170653109997406,2.716114645917173
HRV,2023,63.277,62.17695879899831,0.8717003344368698,60.46842614350204,63.88549145449457,3.417065310992529,1.9664257778640744
HRV,2024,58.983,60.76973729400559,0.8717003344362941,59.06120463851045,62.47826994950072,3.417065310990273,-3.1939587989983096
HTI,2000,16.879,16.879,0.95649934867784,15.004261276591436,18.753738723408567,3.749477446817133,0.0
HTI,2001,15.699,16.126571969953694,0.7982340817406706,14.56203316974198,17.69111077016541,3.1290776004234284,-1.1800000000000015
HTI,2002,16.033,16.070702512749428,0.7724193183895932,14.556760648705826,17.58464437679303,3.0278837280872053,-0.0935719699536932
HTI,2003,15.849,15.939814285666802,0.7680752524041407,14.434386790954688,17.445241780378918,3.010854989424231,-0.2217025127494274
HTI,2004,16.568,16.30997331707964,0.7673419378471146,14.805983118899292,17.81396351525998,3.007980396360689,0.628185714333199
HTI,2005,16.202,16.246370472703273,0.7672180904171919,14.742623015485576,17.750117929920968,3.007494914435392,-0.1079733170796366
HTI,2006,20.783,18.918575197649588,0.767197172562644,17.414868739426804,20.42228165587237,3.0074129164455643,4.5366295272967285
HTI,2007,20.889,20.079201151227963,0.7671936394872472,18.57550161783296,21.582900684622967,3.007399066790009,1.9704248023504116
HTI,2008,20.134,20.111478895140724,0.7671930427411026,18.607780531368164,21.615177258913285,3.007396727545122,0.0547988487720374
HTI,2009,20.77,20.499362408664865,0.7671929419490016,18.99566424244482,22.00306057488491,3.007396332440086,0.6585211048592754
HTI,2010,20.831,20.69470428531182,0.7671929249249313,19.191006152458957,22.198402418164683,3.0073962657057307,0.3316375913351344
HTI,2011,21.74,21.31040657709837,0.7671929220495178,19.80670844988131,22.814104704315422,3.0073962544341097,1.04529571468818
HTI,2012,21.818,21.609390327810345,0.7671929215638523,20.1056922015452,23.11308845407549,3.007396252530301,0.5075934229016354
HTI,2013,22.261,21.993202833961664,0.7671929214818219,20.489504707857293,23.49690096006604,3.007396252208742,0.6516096721896538
HTI,2014,22.135,22.07672450035664,0.7671929214679668,20.573026374279426,23.58042262643385,3.0073962521544297,0.1417971660383372
HTI,2015,22.92,22.57343241721865,0.7671929214656266,21.069734291146023,24.07713054329128,3.007396252145256,0.8432754996433616
HTI,2016,23.292,22.99668461334966,0.7671929214652314,21.492986487277808,24.500382739421514,3.007396252143707,0.7185675827813505
HTI,2017,24.638,23.96345567092273,0.7671929214651646,22.45975754485101,25.467153796994456,3.007396252143445,1.6413153866503407
HTI,2018,27.173,25.853948254241597,0.7671929214651534,24.350250128169893,27.35764638031329,3.007396252143401,3.2095443290772643
HTI,2019,24.381,24.98634916080369,0.7671929214651515,23.482651034732,26.49004728687539,3.0073962521433937,-1.4729482542415937
HTI,2020,24.899,24.934898573515504,0.7671929214651511,23.431200447443807,26.4385966995872,3.007396252143392,-0.0873491608036935
HTI,2021,23.047,23.822884566120443,0.7671929214651511,22.319186440048743,25.32658269219214,3.007396252143392,-1.8878985735155036
HTI,2022,20.746,22.01053151672316,0.7671929214651511,20.50683339065146,23.514229642794856,3.007396252143392,-3.0768845661204445
HTI,2023,20.94,21.37996478043008,0.7671929214651511,19.876266654358385,22.883662906501776,3.007396252143392,-1.0705315167231575
HTI,2024,16.883,18.731153082199604,0.7671929214651511,17.227454956127907,20.2348512082713,3.007396252143392,-4.49696478043008
HUN,2000,59.68,59.68,0.574292664120112,58.55438637832458,60.80561362167542,2.251227243350839,0.0
HUN,2001,59.614,59.63600314609898,0.4895892904175943,58.6764081368805,60.59559815531746,1.91919001843697,-0.0660000000000025
HUN,2002,60.806,60.38038494145811,0.4782980282994363,59.442920805991214,61.31784907692501,1.8749282709337904,1.1699968539010186
HUN,2003,60.507,60.460425722782254,0.4767668439823987,59.52596270857676,61.39488873698775,1.868926028411003,0.126615058541887
HUN,2004,60.947,60.76774961134584,0.4765589745105604,59.83369402130514,61.70180520138654,1.8681111800813968,0.4865742772177484
HUN,2005,61.234,61.06220190266307,0.4765307511722026,60.12820163036555,61.99620217496059,1.8680005445950345,0.46625038865416
HUN,2006,61.71,61.47130089952526,0.4765269191038545,60.537308138081706,62.405293660968816,1.8679855228871096,0.6477980973369313
HUN,2007,62.063,61.844971308313504,0.4765263987975554,60.91097956667029,62.77896304995672,1.867983483286417,0.5916991004747416
HUN,2008,63.324,62.77900871266464,0.4765263281519659,61.84501710948678,63.713000315842486,1.8679832063557065,1.4790286916864943
HUN,2009,63.694,63.35684473263124,0.4765263185599246,62.422853148253786,64.2908363170087,1.8679831687549044,0.9149912873353684
HUN,2010,62.79,62.99887050163485,0.4765263172575467,62.064878919810056,63.93286208345964,1.867983163649583,-0.5668447326312389
HUN,2011,61.995,62.36490541403869,0.4765263170807138,61.43091383256049,63.29889699551688,1.867983162956398,-1.00387050163485
HUN,2012,61.916,62.081412314439405,0.4765263170567039,61.14742073300827,63.01540389587054,1.8679831628622796,-0.4489054140386912
HUN,2013,61.771,61.88538048586042,0.476526317053444,60.95138890443568,62.81937206728517,1.8679831628495005,-0.3104123144394037
HUN,2014,60.764,61.17720540082039,0.4765263170530013,60.24321381939651,62.11119698224427,1.8679831628477648,-1.1213804858604206
HUN,2015,60.35,60.65480799649787,0.4765263170529412,59.72081641507411,61.588799577921634,1.8679831628475296,-0.8272054008203895
HUN,2016,58.172,59.08686314082441,0.4765263170529331,58.152871559400666,60.02085472224816,1.8679831628474977,-2.4828079964978755
HUN,2017,58.02,58.41311689233367,0.476526317052932,57.47912531090992,59.347108473757416,1.8679831628474932,-1.0668631408244096
HUN,2018,57.221,57.66027029632924,0.4765263170529318,56.72627871490549,58.59426187775298,1.8679831628474928,-1.1921168923336722
HUN,2019,56.987,57.23508611007875,0.4765263170529318,56.301094528655,58.169077691502494,1.8679831628474928,-0.6732702963292354
HUN,2020,58.441,57.996645796834336,0.4765263170529318,57.06265421541059,58.93063737825808,1.8679831628474928,1.2059138899212556
HUN,2021,59.123,58.70796188773258,0.4765263170529318,57.77397030630883,59.64195346915633,1.8679831628474928,1.1263542031656613
HUN,2022,60.809,60.03481112631662,0.4765263170529318,59.10081954489287,60.968802707740366,1.8679831628474928,2.101038112267417
HUN,2023,60.517,60.33932342248341,0.4765263170529318,59.40533184105966,61.27331500390716,1.8679831628474928,0.4821888736833841
HUN,2024,56.777,58.089642137258544,0.4765263170529318,57.1556505558348,59.02363371868229,1.8679831628474928,-3.5623234224834093
IDN,2000,42.455,42.455,1.5180070023381127,39.4797062754173,45.4302937245827,5.950587449165401,0.0
IDN,2001,39.061,40.66060503226252,1.1565514790307347,38.39376413336228,42.92744593116276,4.53368179780048,-3.3939999999999984
IDN,2002,39.37,40.111868445416086,1.0371633164089424,38.07902834525456,42.144708545577615,4.065680200323055,-1.290605032262519
IDN,2003,39.951,40.04932133775908,0.991813577551052,38.10536672575901,41.99327594975914,3.887909224000124,-0.1608684454160851
IDN,2004,39.147,39.71102798368661,0.9739305417987024,37.80212412176115,41.61993184561207,3.817807723850914,-0.9023213377590764
IDN,2005,41.41,40.338692622729965,0.9667909677115636,38.4437823260153,42.23360291944463,3.7898205934293294,1.698972016313384
IDN,2006,41.333,40.70385478953317,0.9639276163072782,38.8145566615709,42.59315291749543,3.7785962559245294,0.994307377270033
IDN,2007,41.77,41.09446560006046,0.96277724040166,39.2074222088732,42.98150899124772,3.774086782374508,1.0661452104668356
IDN,2008,42.543,41.62466515940919,0.9623147456167712,39.73852825800032,43.51080206081807,3.772273802817743,1.4485343999395397
IDN,2009,42.368,41.89663900662646,0.9621287534899652,40.01086664978613,43.78241136346679,3.771544713680664,0.743334840590812
IDN,2010,43.901,42.62988730386507,0.9620539484800196,40.74426156484423,44.51551304288591,3.771251478041677,2.0043609933735453
IDN,2011,44.984,43.491030164518726,0.9620238609692994,41.6054633970189,45.37659693201855,3.771133534999653,2.354112696134933
IDN,2012,45.868,44.36051237292099,0.9620117591782416,42.47496932493164,46.24605542091034,3.771086095978707,2.376969835481276
IDN,2013,44.406,44.37715132290636,0.962006891563616,42.49161781544167,46.26268483037104,3.771067014929375,0.0454876270790123
IDN,2014,45.142,44.65692470087552,0.9620049336929974,42.77139503083725,46.5424543709138,3.7710593400765497,0.7648486770936458
IDN,2015,45.73,45.04944340257725,0.9620041461898478,43.16391527604515,46.93497152910936,3.771056253064203,1.0730752991244756
IDN,2016,46.888,45.72196598694421,0.9620038294367912,43.8364384812481,47.60749349264032,3.771055011392221,1.838556597422745
IDN,2017,49.834,47.22609972579357,0.9620037020309288,45.34057246981295,49.11162698177419,3.771054511961241,4.112034013055791
IDN,2018,51.403,48.75396061822485,0.9620036507851564,46.86843346268594,50.63948777376376,3.771054311077813,4.176900274206432
IDN,2019,53.083,50.33747213527432,0.9620036301728456,48.45194502013554,52.222999250413096,3.771054230277554,4.3290393817751465
IDN,2020,53.883,51.63438436357992,0.9620036218820666,49.74885726469107,53.51991146246877,3.771054197777701,3.5455278647256847
IDN,2021,54.01,52.50335650674637,0.9620036185473112,50.61782941439364,54.3888835990991,3.77105418470546,2.375615636420079
IDN,2022,51.876,52.27387690646132,0.9620036172059904,50.38834981673757,54.15940399618506,3.7710541794474826,-0.6273565067463736
IDN,2023,52.811,52.47035018974665,0.9620036166664784,50.584823101080346,54.35587727841295,3.7710541773325943,0.5371230935386819
IDN,2024,52.936,52.64067939014958,0.9620036164494732,50.75515230190861,54.52620647839055,3.771054176481935,0.4656498102533533
IND,2000,54.977,54.977,1.0102048633389396,52.99699846785568,56.95700153214432,3.960003064288643,0.0
IND,2001,54.941,54.95771950932687,0.7745445738449469,53.439612144590775,56.47582687406297,3.036214729472192,-0.0359999999999942
IND,2002,57.054,55.87478637545979,0.7000264182115064,54.50273459576524,57.24683815515434,2.7441035593891048,2.0962804906731307
IND,2003,56.774,56.23862560896804,0.6732276583401693,54.919099398621306,57.558151819314766,2.639052420693464,0.8992136245402094
IND,2004,57.055,56.55924928429785,0.6632721050850073,55.25923595833123,57.85926261026447,2.600026651933229,0.8163743910319639
IND,2005,57.505,56.92651156168218,0.6595359108145682,55.63382117648563,58.219201946878734,2.5853807703931078,0.945750715702154
IND,2006,57.332,57.08330323901684,0.6581287912085524,55.79337080824808,58.37323566978561,2.579864861537525,0.4054884383178176
IND,2007,57.101,57.090135079396326,0.6575981578099404,55.80124269008884,58.37902746870381,2.577784778614966,0.0176967609831564
IND,2008,57.866,57.38947563837464,0.6573979561630623,56.10097564429504,58.67797563245424,2.576999988159204,0.7758649206036736
IND,2009,57.74,57.52468222004831,0.657322408783841,56.23633029883199,58.81303414126464,2.5767038424326567,0.3505243616253608
IND,2010,57.174,57.38942648191288,0.6572938985482449,56.10113044075832,58.67772252306744,2.57659208230912,-0.3506822200483128
IND,2011,57.441,57.40931738452049,0.6572831390160355,56.12104243204906,58.69759233699192,2.5765499049428597,0.0515735180871246
IND,2012,57.521,57.45239066441551,0.6572790784162034,56.16412367071975,58.74065765811127,2.576533987391517,0.1116826154795092
IND,2013,57.42,57.43989842788761,0.6572775459581823,56.15163443780958,58.72816241796565,2.5765279801560745,-0.0323906644155087
IND,2014,57.782,57.57183787129559,0.6572769676123882,56.28357501477531,58.86010072781588,2.576525713040561,0.3421015721123837
IND,2015,59.253,58.22021679236666,0.6572767493460294,56.93195436364844,59.50847922108488,2.5765248574364352,1.6811621287044076
IND,2016,59.873,58.85765056869819,0.6572766669727966,57.56938830143151,60.14591283596487,2.576524534533363,1.652783207633341
IND,2017,61.392,59.83508049917023,0.6572766358853215,58.54681829283499,61.12334270550546,2.57652441267046,2.5343494313018127
IND,2018,62.626,60.91146251759661,0.6572766241529772,59.62320033425678,62.19972470093644,2.57652436667967,2.790919500829773
IND,2019,63.304,61.83419937511169,0.6572766197252163,60.54593720045026,63.12246154977312,2.576524349322848,2.392537482403391
IND,2020,63.627,62.52563397896466,0.6572766180541891,61.237371807578455,63.81389615035087,2.576524342772421,1.792800624888315
IND,2021,63.955,63.07690170661871,0.6572766174235471,61.78863953646856,64.36516387676886,2.576524340300305,1.4293660210353352
IND,2022,62.704,62.93308362694432,0.6572766171855442,61.64482145726065,64.22134579662799,2.5765243393673334,-0.3729017066187126
IND,2023,65.095,63.76687616687079,0.6572766170957224,62.47861399736317,65.0551383363784,2.5765243390152315,2.161916373055682
IND,2024,67.988,65.39484920304857,0.6572766170618239,64.1065870336074,66.68311137248973,2.5765243388823498,4.221123833129212
IRL,2000,67.279,67.279,0.4642456102112839,66.36907860398588,68.18892139601411,1.8198427920282327,0.0
IRL,2001,68.184,67.95434598414037,0.4173912718539356,67.13625909130666,68.7724328769741,1.6361737856674277,0.9050000000000012
IRL,2002,67.916,67.92618818832553,0.4140415020723413,67.11466684426374,68.73770953238731,1.6230426881235782,-0.0383459841403777
IRL,2003,68.427,68.29351564010923,0.4138032558116338,67.48246125871843,69.10457002150004,1.6221087627816049,0.5008118116744811
IRL,2004,68.399,68.37087829193366,0.4137863214267021,67.55985710193733,69.18189948193,1.6220423799926724,0.1054843598907666
IRL,2005,69.221,68.99435732868771,0.4137851177963145,68.18333849780694,69.80537615956848,1.6220376617615528,0.8501217080663395
IRL,2006,70.181,69.86464039138083,0.413785032247211,69.0536217281763,70.67565905458537,1.6220373264090673,1.1866426713122848
IRL,2007,70.445,70.2902757869544,0.4137850261667335,69.4792571356676,71.1012944382412,1.6220373025735957,0.5803596086191618
IRL,2008,70.533,70.46828958165136,0.4137850257345583,69.65727093121163,71.2793082320911,1.6220373008794686,0.2427242130456051
IRL,2009,71.032,70.88171446994917,0.413785025703841,70.07069581956965,71.6927331203287,1.622037300759057,0.5637104183486343
IRL,2010,71.896,71.62559087937822,0.4137850257016578,70.81457222900298,72.43660952975347,1.622037300750499,1.0142855300508271
IRL,2011,71.761,71.72489984856657,0.4137850257015026,70.91388119819162,72.53591849894151,1.6220373007498905,0.1354091206217731
IRL,2012,71.948,71.88852136802463,0.4137850257014916,71.07750271764971,72.69954001839955,1.6220373007498472,0.2231001514334281
IRL,2013,70.757,71.05866426418176,0.4137850257014908,70.24764561380684,71.86968291455668,1.622037300749844,-1.1315213680246217
IRL,2014,70.75,70.83229007490698,0.4137850257014908,70.02127142453206,71.6433087252819,1.622037300749844,-0.3086642641817576
IRL,2015,69.651,69.96593263079434,0.4137850257014908,69.15491398041942,70.77695128116926,1.622037300749844,-1.1812900749069826
IRL,2016,70.567,70.40675508480973,0.4137850257014908,69.59573643443481,71.21777373518465,1.622037300749844,0.6010673692056514
IRL,2017,70.612,70.55728158453957,0.4137850257014908,69.74626293416465,71.36830023491449,1.622037300749844,0.2052449151902635
IRL,2018,70.959,70.85190163347097,0.4137850257014908,70.04088298309605,71.66292028384589,1.622037300749844,0.4017184154604365
IRL,2019,70.634,70.69209270402006,0.4137850257014908,69.88107405364514,71.50311135439497,1.622037300749844,-0.2179016334709729
IRL,2020,71.106,70.99565207073444,0.4137850257014908,70.18463342035952,71.80667072110936,1.622037300749844,0.4139072959799392
IRL,2021,71.209,71.15212131620727,0.4137850257014908,70.34110266583235,71.96313996658219,1.622037300749844,0.2133479292655664
IRL,2022,72.616,72.2257290793822,0.4137850257014908,71.41471042900729,73.03674772975712,1.622037300749844,1.4638786837927285
IRL,2023,73.557,73.20208238726784,0.4137850257014908,72.39106373689292,74.01310103764276,1.622037300749844,1.331270920617797
IRL,2024,68.355,69.64723502366209,0.4137850257014908,68.83621637328717,70.45825367403701,1.622037300749844,-4.847082387267832
IRN,2000,37.833,37.833,1.1238963830537745,35.6301630892146,40.0358369107854,4.405673821570796,0.0
IRN,2001,37.036,37.291298393848216,0.9670347375836011,35.395910308184355,39.18668647951208,3.790776171327717,-0.796999999999997
IRN,2002,39.934,39.01749467897047,0.948008428458625,37.15939815919157,40.875591198749376,3.71619303955781,2.642701606151782
IRN,2003,40.041,39.68275180646263,0.9456727824992556,37.82923315276409,41.53627046016118,3.707037307397081,1.0235053210295249
IRN,2004,40.506,40.21752138176406,0.9453859121771888,38.36456499389677,42.07047776963135,3.70591277573458,0.823248193537367
IRN,2005,43.405,42.28790494215712,0.9453506762832384,40.43501761664197,44.14079226767227,3.705774651030295,3.187478618235943
IRN,2006,43.737,43.22913638987483,0.9453463482812418,41.3762575472436,45.08201523250607,3.7057576852624674,1.4490950578428825
IRN,2007,43.958,43.702555007701626,0.9453458166751922,41.849677207018246,45.55543280838501,3.7057556013667536,0.7288636101251669
IRN,2008,44.155,43.99643146185731,0.9453457513783148,42.14355378915582,45.84930913455881,3.7057553454029937,0.4524449922983748
IRN,2009,44.107,44.06824900859185,0.9453457433579352,42.21537135161029,45.92112666557341,3.7057553139631065,0.1105685381426866
IRN,2010,44.141,44.11550293635751,0.9453457423727968,42.262625281306825,45.96838059140819,3.7057553101013623,0.0727509914081494
IRN,2011,43.719,43.85796251325044,0.9453457422517926,42.00508485843692,45.710840168063946,3.705755309627027,-0.396502936357507
IRN,2012,43.892,43.88007087093182,0.9453457422369298,42.02719321614744,45.7329485257162,3.7057553095687648,0.0340374867495683
IRN,2013,44.545,44.31196207154575,0.945345742235104,42.45908441676495,46.16483972632656,3.705755309561608,0.6649291290681845
IRN,2014,44.195,44.23599173531314,0.9453457422348798,42.38311408053278,46.08886939009351,3.705755309560729,-0.1169620715457497
IRN,2015,44.198,44.21131497585039,0.9453457422348523,42.358437321070085,46.0641926306307,3.7057553095606215,-0.0379917353131418
IRN,2016,44.8,44.593683367831616,0.9453457422348488,42.74080571305132,46.44656102261192,3.705755309560608,0.5886850241496049
IRN,2017,48.09,46.864644771055104,0.9453457422348486,45.0117671162748,48.717522425835405,3.7057553095606064,3.496316632168387
IRN,2018,48.565,47.969075949048346,0.9453457422348484,46.116198294268045,49.821953603828646,3.705755309560606,1.700355228944893
IRN,2019,49.502,48.96475560853765,0.9453457422348486,47.11187795375735,50.81763326331795,3.7057553095606064,1.5329240509516566
IRN,2020,49.06,49.026619667099865,0.9453457422348484,47.173742012319565,50.879497321880166,3.705755309560606,0.0952443914623515
IRN,2021,47.246,47.87005435473668,0.9453457422348486,46.01717669995638,49.72293200951698,3.7057553095606064,-1.780619667099863
IRN,2022,44.801,45.8766124793996,0.9453457422348484,44.0237348246193,47.72949013417991,3.705755309560606,-3.069054354736678
IRN,2023,44.359,44.890878139993006,0.9453457422348486,43.03800048521271,46.74375579477331,3.7057553095606064,-1.5176124793996024
IRN,2024,54.535,51.15502147030594,0.9453457422348484,49.30214381552564,53.00789912508624,3.705755309560606,9.64412186000699
IRQ,2000,23.581,23.581,1.5413046240606152,20.560042936841192,26.601957063158807,6.041914126317612,0.0
IRQ,2001,23.508,23.53818559924417,1.2352838154996455,21.11702932086486,25.959341877623476,4.842312556758611,-0.0730000000000004
IRQ,2002,22.866,23.18734515721403,1.1653153555848874,20.90332706026765,25.47136325416041,4.568036193892759,-0.6721855992441661
IRQ,2003,25.063,24.13776873461468,1.1481942981933153,21.887307910155783,26.38822955907358,4.500921648917796,1.8756548427859696
IRQ,2004,25.779,24.96328027305252,1.143957604515771,22.721123368201606,27.20543717790343,4.484313809701822,1.6412312653853185
IRQ,2005,34.093,29.54694117271237,1.142906662243872,27.30684411471438,31.78703823071036,4.480194115995978,9.129719726947483
IRQ,2006,32.384,30.97066291116081,1.1426458169098508,28.731077110017505,33.21024871230412,4.479171602286615,2.837058827287631
IRQ,2007,32.264,31.61962493666447,1.1425810654813369,29.380166048321048,33.859083825007886,4.47891777668684,1.2933370888391913
IRQ,2008,33.019,32.32177423046491,1.1425649912206286,30.08234684767248,34.561201613257346,4.478854765584864,1.3993750633355295
IRQ,2009,35.471,33.901916154293204,1.1425610008202265,31.66249659268556,36.14133571590085,4.478839123215287,3.149225769535086
IRQ,2010,36.15,35.029903041582536,1.1425600102098106,32.790485421571304,37.26932066159377,4.478835240022457,2.248083845706794
IRQ,2011,36.177,35.605464212501005,1.1425597642922516,33.36604707448819,37.844881350513816,4.478834276025626,1.147096958417464
IRQ,2012,34.953,35.27808733015186,1.142559703243576,33.038670311794455,37.51750434850927,4.478834036714818,-0.6524642125010018
IRQ,2013,34.271,34.77277670110103,1.1425596880883306,32.533359712447904,37.01219368975416,4.478833977306256,-1.0070873301518617
IRQ,2014,33.268,34.017748181089644,1.1425596843260628,31.77833119981056,36.25716516236873,4.478833962558166,-1.5047767011010291
IRQ,2015,34.887,34.45389921452596,1.1425596833920857,32.21448223507748,36.69331619397445,4.478833958896975,0.8692518189103566
IRQ,2016,35.912,35.185507881135244,1.142559683160227,32.9460909021412,37.42492486012929,4.47883395798809,1.4581007854740378
IRQ,2017,36.98,36.08590242125917,1.1425596831026683,33.84648544237794,38.3253194001404,4.478833957762459,1.794492118864753
IRQ,2018,37.176,36.63286381370983,1.1425596830883795,34.39344683485661,38.87228079256305,4.478833957706447,1.0900975787408314
IRQ,2019,37.779,37.20794283105028,1.1425596830848324,34.968525852204,39.44735980989655,4.478833957692543,1.146136186290171
IRQ,2020,38.578,37.895375214604,1.1425596830839515,35.65595823575945,40.13479219344854,4.4788339576890905,1.370057168949728
IRQ,2021,39.303,38.601657319689785,1.142559683083733,36.36224034084567,40.841074298533904,4.4788339576882334,1.4076247853960029
IRQ,2022,37.885,38.24207126690996,1.1425596830836788,36.00265428806595,40.48148824575397,4.478833957688021,-0.7166573196897872
IRQ,2023,36.143,37.18885276116944,1.1425596830836653,34.94943578232546,39.42826974001343,4.478833957687968,-2.09907126690996
IRQ,2024,40.341,38.77045690062413,1.1425596830836622,36.53103992178016,41.00987387946811,4.4788339576879554,3.1521472388305583
ISL,2000,64.19,64.19,0.5062689529320661,63.19771285225315,65.18228714774685,1.9845742954936991,0.0
ISL,2001,65.943,65.64972055128592,0.4781473475578223,64.71255175007259,66.58688935249926,1.8743376024266636,1.753
ISL,2002,67.616,67.28139420765835,0.4773224692869296,66.34584216785596,68.21694624746074,1.871104079604764,1.966279448714076
ISL,2003,67.26,67.26364247536918,0.4772985491051853,66.32813731912302,68.19914763161535,1.8710103124923263,-0.0213942076583464
ISL,2004,67.08,67.11126653138204,0.4772978557070711,66.17576273419618,68.0467703285679,1.8710075943717188,-0.183642475369183
ISL,2005,67.523,67.4528992094515,0.4772978356070603,66.51739545166167,68.38840296724133,1.8710075155796764,0.4117334686179532
ISL,2006,66.835,66.94020209523556,0.4772978350244075,66.00469833858773,67.8757058518834,1.8710075132956772,-0.6178992094515081
ISL,2007,68.878,68.54807499495656,0.4772978350075177,67.61257123834183,69.4835787515713,1.8710075132294697,1.9377979047644371
ISL,2008,68.457,68.4725062187325,0.4772978350070281,67.53700246211874,69.40800997534627,1.87100751322755,-0.0910749949565712
ISL,2009,68.865,68.79817491341736,0.477297835007014,67.86267115680361,69.7336786700311,1.8710075132274948,0.3924937812674898
ISL,2010,67.872,68.02968840611922,0.4772978350070135,67.09418464950548,68.96519216273296,1.8710075132274928,-0.9261749134173556
ISL,2011,67.863,67.89137998384399,0.4772978350070135,66.95587622723025,68.82688374045773,1.8710075132274928,-0.1666884061192206
ISL,2012,66.802,66.98747532525655,0.4772978350070135,66.05197156864281,67.9229790818703,1.8710075132274928,-1.0893799838439833
ISL,2013,66.241,66.36809316840889,0.4772978350070135,65.43258941179515,67.30359692502263,1.8710075132274928,-0.7464753252565544
ISL,2014,67.389,67.21518275582974,0.4772978350070135,66.279678999216,68.15068651244349,1.8710075132274928,1.0209068315911054
ISL,2015,66.826,66.89226135902281,0.4772978350070135,65.95675760240907,67.82776511563655,1.8710075132274928,-0.3891827558297507
ISL,2016,66.477,66.54770144189676,0.4772978350070135,65.61219768528302,67.4832051985105,1.8710075132274928,-0.4152613590228071
ISL,2017,65.312,65.5223876794643,0.4772978350070135,64.58688392285056,66.45789143607804,1.8710075132274928,-1.2357014418967651
ISL,2018,67.022,66.76667946259795,0.4772978350070135,65.83117570598421,67.70218321921169,1.8710075132274928,1.4996123205357037
ISL,2019,67.529,67.39920906229112,0.4772978350070135,66.46370530567738,68.33471281890486,1.8710075132274928,0.7623205374020472
ISL,2020,68.091,67.97321726937892,0.4772978350070135,67.03771351276518,68.90872102599266,1.8710075132274928,0.6917909377088733
ISL,2021,68.113,68.08920091445438,0.4772978350070135,67.15369715784064,69.02470467106812,1.8710075132274928,0.1397827306210786
ISL,2022,70.003,69.67716097860111,0.4772978350070135,68.74165722198737,70.61266473521485,1.8710075132274928,1.9137990855456195
ISL,2023,70.233,70.13836412930917,0.4772978350070135,69.20286037269543,71.07386788592291,1.8710075132274928,0.5558390213988957
ISL,2024,62.164,63.52169685741686,0.4772978350070135,62.58619310080312,64.45720061403061,1.8710075132274928,-7.974364129309166
ISR,2000,68.466,68.466,0.4991475741073421,67.4876707547496,69.44432924525039,1.956658490500781,0.0
ISR,2001,67.22,67.55180829542626,0.4452511994232037,66.67911594455677,68.42450064629574,1.7453847017389583,-1.2459999999999951
ISR,2002,67.713,67.66780781763039,0.4409630881739727,66.8035201648094,68.53209547045138,1.728575305641973,0.1611917045737385
ISR,2003,66.999,67.18725122275174,0.4406229172455544,66.32363030495046,68.05087214055303,1.7272418356025734,-0.6688078176303947
ISR,2004,66.929,67.00171341552716,0.4405959468869672,66.13814535962871,67.86528147142562,1.7271361117969113,-0.2582512227517384
ISR,2005,67.992,67.71316723206239,0.4405938086484942,66.84960336711134,68.57673109701344,1.727127729902097,0.990286584472841
ISR,2006,67.438,67.51547837122219,0.4405936391273175,66.65191483853265,68.37904190391173,1.727127065379085,-0.2751672320623868
ISR,2007,67.39,67.42533073784395,0.4405936256875533,66.56176723149635,68.28889424419155,1.7271270126952087,-0.1254783712221865
ISR,2008,67.86,67.73761089190113,0.4405936246220389,66.87404738764194,68.60117439616032,1.7271270085183923,0.4346692621560493
ISR,2009,67.851,67.81907321559135,0.4405936245375642,66.95550971149773,68.68263671968496,1.7271270081872516,0.1133891080988718
ISR,2010,67.904,67.88008730519176,0.4405936245308669,67.01652380111126,68.74365080927227,1.7271270081609984,0.0849267844086512
ISR,2011,67.634,67.70329039720791,0.4405936245303359,66.83972689312844,68.56685390128737,1.7271270081589167,-0.2460873051917644
ISR,2012,67.864,67.8187492618365,0.4405936245302939,66.95518575775712,68.68231276591588,1.727127008158752,0.160709602792096
ISR,2013,67.515,67.60052617936904,0.4405936245302905,66.73696267528967,68.4640896834484,1.7271270081587389,-0.3037492618365007
ISR,2014,68.936,68.55997283589973,0.4405936245302903,67.69640933182036,69.4235363399791,1.727127008158738,1.3354738206309662
ISR,2015,69.194,69.01547801567048,0.4405936245302902,68.15191451159112,69.87904151974985,1.7271270081587375,0.6340271641002744
ISR,2016,69.77,69.55755048759795,0.4405936245302901,68.69398698351858,70.42111399167732,1.727127008158737,0.7545219843295143
ISR,2017,67.953,68.40479063803895,0.4405936245302901,67.54122713395958,69.26835414211831,1.727127008158737,-1.6045504875979475
ISR,2018,69.134,68.92867772098742,0.4405936245302901,68.06511421690806,69.79224122506679,1.727127008158737,0.729209361961054
ISR,2019,70.033,69.72205779475807,0.4405936245302901,68.8584942906787,70.58562129883744,1.727127008158737,1.1043222790125782
ISR,2020,71.574,71.05255168348735,0.4405936245302901,70.18898817940799,71.91611518756672,1.727127008158737,1.8519422052419257
ISR,2021,72.273,71.92936037764305,0.4405936245302901,71.06579687356368,72.79292388172242,1.727127008158737,1.2204483165126447
ISR,2022,71.744,71.79619161623755,0.4405936245302901,70.93262811215818,72.65975512031692,1.727127008158737,-0.1853603776430503
ISR,2023,72.361,72.2019678336443,0.4405936245302901,71.33840432956494,73.06553133772367,1.727127008158737,0.564808383762454
ISR,2024,67.462,68.79662493601687,0.4405936245302901,67.9330614319375,69.66018844009623,1.727127008158737,-4.7399678336443
ITA,2000,75.297,75.297,0.8212190550910021,73.68741065202164,76.90658934797835,3.219178695956728,0.0
ITA,2001,75.415,75.36436884241958,0.6496061182222194,74.09114085070404,76.63759683413512,2.5464559834311,0.1180000000000092
ITA,2002,77.373,76.36317222623774,0.6062496106125875,75.17492298943706,77.55142146303841,2.3764984736013437,2.0086311575804245
ITA,2003,77.954,77.12346106557156,0.5943459300176591,75.95854304273695,78.28837908840617,2.329836045669224,1.590827773762257
ITA,2004,77.466,77.285343701765,0.5910261960910193,76.1269323574266,78.4437550461034,2.3168226886767957,0.3425389344284326
ITA,2005,77.912,77.58056853684614,0.5900968652968956,76.42397868086422,78.73715839282806,2.313179711963831,0.6266562982350052
ITA,2006,76.176,76.91944441324038,0.5898364431541973,75.76336498465815,78.07552384182262,2.3121588571644534,-1.404568536846142
ITA,2007,76.194,76.57806548784946,0.5897634457603697,75.42212913415914,77.73400184153978,2.311872707380649,-0.7254444132403819
ITA,2008,75.135,75.89903625926263,0.5897429826881065,74.74314001319394,77.05493250533132,2.3117924921373776,-1.4430654878494522
ITA,2009,75.781,75.84349580631188,0.58973724622966,74.68761080370174,76.99938080892201,2.311770005220267,-0.1180362592626238
ITA,2010,76.146,75.98583451149676,0.5897356381056461,74.8299526608097,77.14171636218383,2.311763701374133,0.3025041936881223
ITA,2011,76.05,76.01602655107247,0.5897351872931235,74.86014558397795,77.17190751816699,2.311761934189044,0.0641654885032352
ITA,2012,74.783,75.43584596894377,0.5897350609147927,74.27996524955077,76.59172668833676,2.3117614387859877,-1.23302655107247
ITA,2013,76.192,75.79164190279876,0.5897350254865739,74.63576125284507,76.94752255275245,2.3117612999073693,0.7561540310562265
ITA,2014,76.334,76.04683964195303,0.589735015554818,74.89095901146558,77.20272027244047,2.3117612609748863,0.5423580972012445
ITA,2015,77.197,76.58802879683361,0.5897350127706029,75.43214817180323,77.74390942186399,2.3117612500607634,1.1501603580469748
ITA,2016,76.754,76.6661238331561,0.5897350119900912,75.51024320965553,77.82200445665669,2.311761247001157,0.1659712031663929
ITA,2017,79.173,77.84569342972122,0.5897350117712866,76.6898128066495,79.00157405279295,2.311761246143444,2.5068761668438952
ITA,2018,79.064,78.41894766872365,0.5897350117099482,77.26306704577215,79.57482829167515,2.3117612459029973,1.21830657027877
ITA,2019,79.099,78.73893517526375,0.5897350116927529,77.58305455234596,79.89481579818154,2.311761245835591,0.6800523312763573
ITA,2020,80.888,79.75014249420416,0.5897350116879325,78.59426187129581,80.9060231171125,2.311761245816696,2.149064824736257
ITA,2021,81.533,80.58903694621381,0.5897350116865812,79.43315632330811,81.74491756911951,2.311761245811398,1.782857505795846
ITA,2022,82.612,81.54090913842359,0.5897350116862023,80.38502851551863,82.69678976132855,2.311761245809913,2.022963053786185
ITA,2023,84.439,82.90455841341546,0.5897350116860962,81.74867779051071,84.0604390363202,2.311761245809497,2.8980908615764065
ITA,2024,84.109,83.47128871096814,0.5897350116860665,82.31540808806345,84.62716933387283,2.3117612458093806,1.2044415865845366
JAM,2000,47.57,47.57,0.6976244024991922,46.20265617110158,48.93734382889842,2.734687657796833,0.0
JAM,2001,45.95,46.303386188685245,0.6407638140548477,45.04748911313774,47.55928326423275,2.511794151095003,-1.6199999999999974
JAM,2002,46.518,46.4696559390476,0.6378391379928765,45.21949122858156,47.71982064951364,2.500329420932076,0.2146138113147557
JAM,2003,46.922,46.81994093941081,0.6376901363083485,45.57006827224645,48.06981360657517,2.499745334328726,0.4523440609523987
JAM,2004,47.535,47.3736533127806,0.6376825497411354,46.12379551528797,48.62351111027322,2.4997155949852505,0.7150590605891836
JAM,2005,45.667,46.05209267032042,0.6376821634754681,44.8022356299085,47.30194971073234,2.499714080823835,-1.7066533127805954
JAM,2006,45.998,46.01020558101158,0.6376821438090067,44.760348579145926,47.26006258287724,2.499714003731306,-0.054092670320422
JAM,2007,46.251,46.196666653127565,0.6376821428077017,44.94680965322447,47.44652365303066,2.4997139998061906,0.2407944189884148
JAM,2008,47.061,46.86597004967104,0.6376821427567213,45.61611304986787,48.11582704947421,2.4997139996063478,0.864333346872435
JAM,2009,47.238,47.15405439845852,0.6376821427541254,45.90419739866044,48.40391139825661,2.4997139995961715,0.3720299503289581
JAM,2010,45.87,46.15973666984453,0.6376821427539935,44.9098796700467,47.40959366964236,2.4997139995956545,-1.2840543984585224
JAM,2011,46.333,46.29390450658033,0.6376821427539864,45.04404750678252,47.54376150637815,2.4997139995956266,0.1732633301554713
JAM,2012,46.415,46.387675764329984,0.6376821427539862,45.13781876453217,47.6375327641278,2.4997139995956257,0.1210954934196664
JAM,2013,46.396,46.39412170237887,0.6376821427539864,45.144264702581054,47.64397870217668,2.4997139995956266,0.0083242356700168
JAM,2014,46.038,46.11835603182427,0.6376821427539862,44.868499032026456,47.36821303162208,2.4997139995956257,-0.3561217023788714
JAM,2015,46.889,46.71511031336128,0.6376821427539864,45.465253313563466,47.96496731315909,2.4997139995956266,0.7706439681757331
JAM,2016,46.423,46.48891237063021,0.6376821427539862,45.2390553708324,47.73876937042802,2.4997139995956257,-0.2921103133612774
JAM,2017,48.146,47.772091346324125,0.6376821427539864,46.52223434652631,49.02194834612194,2.4997139995956266,1.6570876293697907
JAM,2018,50.859,50.16246359585382,0.6376821427539862,48.91260659605601,51.41232059565164,2.4997139995956257,3.086908653675877
JAM,2019,51.223,50.98369838913748,0.6376821427539864,49.73384138933967,52.233555388935294,2.4997139995956266,1.060536404146177
JAM,2020,50.755,50.80660397390256,0.6376821427539862,49.55674697410474,52.05646097370037,2.4997139995956257,-0.2286983891374774
JAM,2021,51.592,51.414781628734886,0.6376821427539864,50.16492462893707,52.6646386285327,2.4997139995956266,0.7853960260974446
JAM,2022,51.144,51.2050997224564,0.6376821427539862,49.95524272265858,52.45495672225421,2.4997139995956257,-0.2707816287348876
JAM,2023,52.502,52.20936475963398,0.6376821427539864,50.95950775983616,53.45922175943179,2.4997139995956266,1.2969002775436067
JAM,2024,43.119,45.17016856130898,0.6376821427539862,43.92031156151117,46.4200255611068,2.4997139995956257,-9.090364759633978
JOR,2000,48.875,48.875,0.5411642662255063,47.81431803819801,49.93568196180199,2.1213639236039845,0.0
JOR,2001,46.762,47.4109184566912,0.4699128580078521,46.48988925499581,48.33194765838659,1.8420584033907803,-2.1129999999999995
JOR,2002,44.538,45.486115668426734,0.4620786620614006,44.58044149078639,46.39178984606708,1.8113483552806904,-2.8729184566912025
JOR,2003,45.675,45.61218980999181,0.4612108199894719,44.70821660281244,46.516163017171166,1.80794641435873,0.1888843315732629
JOR,2004,47.208,46.676897114442575,0.4611146751506846,45.77311235114723,47.58068187773792,1.807569526590684,1.5958101900081942
JOR,2005,47.769,47.40550268957957,0.4611040236367507,46.50173880325154,48.3092665759076,1.8075277726560623,1.0921028855574235
JOR,2006,45.924,46.41711083693245,0.4611028435969337,45.51334926348246,47.32087241038244,1.80752314689998,-1.481502689579571
JOR,2007,47.068,46.85135451767705,0.4611027128649118,45.947593200461824,47.75511583489228,1.8075226344304545,0.6508891630675464
JOR,2008,46.563,46.65897749505282,0.4611026983816196,45.75521620622485,47.5627387838808,1.8075225776559487,-0.2883545176770496
JOR,2009,45.588,45.94447001300718,0.461102696777072,45.04070872732412,46.84823129869024,1.8075225713661225,-1.0709774950528228
JOR,2010,46.864,46.55793860427083,0.4611026965993103,45.654177318936185,47.46169988960548,1.8075225706692968,0.9195299869928206
JOR,2011,47.419,47.13239961028095,0.4611026965796169,46.2286383249849,48.036160895577,1.807522570592098,0.8610613957291662
JOR,2012,47.534,47.40032912730977,0.4611026965774351,46.496567842018,48.30409041260154,1.8075225705835456,0.4016003897190501
JOR,2013,47.819,47.67964729428736,0.4611026965771934,46.77588600899607,48.58340857957866,1.807522570582598,0.4186708726902353
JOR,2014,47.884,47.81598212649049,0.4611026965771665,46.91222084119924,48.719743411781735,1.8075225705824929,0.2043527057126368
JOR,2015,47.654,47.70791501791968,0.4611026965771637,46.80415373262844,48.61167630321092,1.8075225705824816,-0.1619821264904857
JOR,2016,49.503,48.90551408551613,0.4611026965771633,48.001752800224885,49.80927537080736,1.80752257058248,1.7950849820803183
JOR,2017,49.635,49.392193913898495,0.4611026965771633,48.488432628607256,50.29595519918973,1.80752257058248,0.7294859144838739
JOR,2018,50.131,49.885091736944375,0.4611026965771633,48.981330451653136,50.788853022235614,1.80752257058248,0.7388060861015049
JOR,2019,50.76,50.46879074313491,0.4611026965771633,49.56502945784367,51.37255202842615,1.80752257058248,0.8749082630556231
JOR,2020,49.986,50.146694714482,0.4611026965771633,49.24293342919076,51.050455999773234,1.80752257058248,-0.4827907431349132
JOR,2021,50.816,50.59322476396456,0.4611026965771633,49.689463478673325,51.4969860492558,1.80752257058248,0.669305285518007
JOR,2022,49.407,49.8018295456516,0.4611026965771633,48.89806826036036,50.70559083094284,1.80752257058248,-1.186224763964567
JOR,2023,49.128,49.35228111555104,0.4611026965771633,48.448519830259805,50.25604240084228,1.80752257058248,-0.6738295456515999
JOR,2024,51.489,50.777802786823806,0.4611026965771633,49.87404150153257,51.68156407211504,1.80752257058248,2.1367188844489533
JPN,2000,73.082,73.082,0.7318017635552008,71.6476685434318,74.51633145656818,2.868662913136387,0.0
JPN,2001,73.406,73.26030558923395,0.5685926457386657,72.14586400358617,74.37474717488173,2.22888317129557,0.3240000000000123
JPN,2002,72.265,72.7993754761376,0.5215915948197214,71.77705595029094,73.82169500198425,2.044639051693308,-0.9953055892339506
JPN,2003,72.742,72.77431808096367,0.5065193893002314,71.78154007793522,73.76709608399212,1.9855560060569075,-0.0573754761375937
JPN,2004,72.797,72.78403119022352,0.5015687889191827,71.80095636394192,73.76710601650511,1.966149652563196,0.0226819190363301
JPN,2005,73.102,72.9193080209673,0.4999317443956958,71.93944180195174,73.89917423998287,1.959732438031128,0.3179688097764881
JPN,2006,75.331,73.94311417411444,0.4993892771586907,72.96431119088341,74.92191715734548,1.9576059664620675,2.411691979032696
JPN,2007,75.21,74.48054237545009,0.4992093975045864,73.50209195634109,75.45899279455908,1.9569008382179789,1.2668858258855522
JPN,2008,75.476,74.90272654116355,0.49914973686811,73.92439305690205,75.88106002542504,1.9566669685229916,0.995457624549914
JPN,2009,75.068,74.97281521506746,0.4991299477737258,73.99452051743096,75.95110991270396,1.956589395273005,0.1652734588364524
JPN,2010,75.72,75.28967076884682,0.4991233836821757,74.31138893682976,76.26795260086388,1.9565636640341288,0.7471847849325428
JPN,2011,76.102,75.63414885235709,0.4991212063390312,74.65587128793258,76.61242641678159,1.9565551288490024,0.8123292311531856
JPN,2012,76.141,75.84908461974416,0.4991204841010876,74.87080847090603,76.8273607685823,1.9565522976762637,0.5068511476429194
JPN,2013,77.502,76.55002077483317,0.4991202445301609,75.57174509555405,77.5282964541123,1.9565513585582308,1.652915380255834
JPN,2014,77.853,77.10256264620526,0.4991201650629348,76.1242871226819,78.08083816972861,1.956551047046704,1.3029792251668226
JPN,2015,77.598,77.31265797881771,0.4991201387031392,76.33438250695956,78.29093345067587,1.9565509437163056,0.4954373537947418
JPN,2016,77.756,77.5006617403922,0.4991201299594234,76.52238628567173,78.47893719511268,1.95655090944094,0.4433420211822891
JPN,2017,79.357,78.28786113686316,0.4991201270590759,77.30958568782737,79.26613658589895,1.9565508980715771,1.856338259607796
JPN,2018,78.58,78.41174563618338,0.4991201260970117,77.43347018903324,79.39002108333352,1.9565508943002856,0.2921388631368415
JPN,2019,78.127,78.2909963111935,0.4991201257778888,77.31272086466883,79.26927175771816,1.956550893049324,-0.2847456361833878
JPN,2020,78.51,78.38386708504245,0.4991201256720336,77.40559163872527,79.36214253135964,1.956550892634372,0.2190036888065094
JPN,2021,78.523,78.44286783315115,0.4991201256369207,77.4645923869028,79.42114327939952,1.9565508924967288,0.1391329149575426
JPN,2022,79.598,78.93271354669874,0.4991201256252736,77.9544381004732,79.91098899292427,1.9565508924510724,1.155132166848844
JPN,2023,80.427,79.56638113466602,0.4991201256214101,78.58810568844805,80.54465658088398,1.956550892435928,1.494286453301271
JPN,2024,79.277,79.4436660787937,0.4991201256201286,78.46539063257825,80.42194152500915,1.956550892430904,-0.2893811346660158
KAZ,2000,33.507,33.507,1.5045108088371906,30.558158814679103,36.45584118532089,5.897682370641787,0.0
KAZ,2001,35.076,34.368977556291014,1.1679876646834892,32.07972173351138,36.65823337907065,4.578511645559278,1.5690000000000026
KAZ,2002,35.584,34.92970049370136,1.0704928227003832,32.83153456120861,37.02786642619411,4.196331864985502,1.215022443708989
KAZ,2003,35.29,35.086336671930816,1.0390009735912284,33.04989476369201,37.12277858016962,4.072883816477615,0.360299506298638
KAZ,2004,33.639,34.46968524506152,1.028577064781186,32.4536741980904,36.48569629203264,4.032022093942249,-1.4473366719308132
KAZ,2005,33.817,34.193477953195,1.0251028036945211,32.184276457953736,36.20267944843626,4.018402990482524,-0.6526852450615195
KAZ,2006,34.768,34.43605750816516,1.0239423292578385,32.42913054281979,36.44298447351052,4.013853930690726,0.5745220468050007
KAZ,2007,35.37,34.83009588701519,1.023554432159641,32.823929199982295,36.836262574048085,4.0123333740657925,0.9339424918348412
KAZ,2008,35.548,35.13290906408859,1.0234247442055635,33.12699656544568,37.13882156273149,4.011824997285809,0.7179041129848116
KAZ,2009,35.311,35.208021758561955,1.0233813814553303,33.20219425090951,37.2138492662144,4.011655015304894,0.1780909359114133
KAZ,2010,36.888,35.916559316084054,1.023366882210538,33.9107602269514,37.92235840521671,4.0115981782653085,1.679978241438043
KAZ,2011,38.009,36.79904620050946,1.0233620340415364,34.793256613788046,38.80483578723087,4.011579173442822,2.092440683915946
KAZ,2012,40.11,38.19543658251052,1.0233604129356195,36.1896501731567,40.201222991864334,4.011572818707628,3.310953799490541
KAZ,2013,39.724,38.84010549743151,1.023359870877996,36.83432015051064,40.84589084435238,4.011570693841745,1.5285634174894795
KAZ,2014,40.405,39.50009674937182,1.0233596896273074,37.4943117577023,41.50588174104134,4.011569983339045,1.5648945025684924
KAZ,2015,40.456,39.90324706228756,1.0233596290215448,37.89746218940533,41.909031935169786,4.011569745764455,0.9559032506281824
KAZ,2016,40.319,40.07859003783035,1.023359608756471,38.07280520466767,42.08437487099304,4.011569666325366,0.4157529377124476
KAZ,2017,44.382,41.89354461615853,1.0233596019803293,39.88775979627708,43.89932943603998,4.01156963976289,4.3034099621696456
KAZ,2018,46.15,43.68869618667018,1.0233595997145546,41.68291137122965,45.69448100211071,4.011569630881054,4.25645538384147
KAZ,2019,46.093,44.70270652411679,1.0233595989569353,42.6969217101612,46.70849133807239,4.011569627911186,2.4043038133298253
KAZ,2020,46.705,45.54716980321061,1.0233595987036062,43.54138498975154,47.55295461666967,4.011569626918136,2.0022934758832065
KAZ,2021,47.322,46.29570089798745,1.023359598618899,44.28991608469441,48.30148571128049,4.011569626586084,1.7748301967893951
KAZ,2022,44.499,45.537945878653495,1.023359598590575,43.53216106541597,47.54373069189102,4.011569626475054,-1.7967008979874493
KAZ,2023,44.553,45.12254691929183,1.023359598581104,43.11676210607286,47.1283317325108,4.011569626437928,-0.984945878653498
KAZ,2024,49.861,47.12098005288592,1.0233595985779371,45.11519523967316,49.12676486609868,4.011569626425515,4.738453080708169
KEN,2000,33.991,33.991,0.749646827181068,32.52169221872511,35.46030778127489,2.9386155625497867,0.0
KEN,2001,33.545,33.71252501478221,0.6193006279195249,32.49869578405994,34.92635424550448,2.4276584614445373,-0.4459999999999979
KEN,2002,36.72,35.45198490755069,0.5960491223132339,34.28372862781675,36.62024118728463,2.336512559467877,3.00747498521779
KEN,2003,38.598,37.245336549865605,0.591736258617752,36.08553348297481,38.4051396167564,2.319606133781588,3.1460150924493107
KEN,2004,38.734,38.09162955273744,0.5909326242173564,36.93340160927143,39.24985749620346,2.316455886932037,1.4886634501343965
KEN,2005,38.916,38.56003975107821,0.5907827672597039,37.4021055272492,39.71797397490723,2.315868447658039,0.8243704472625524
KEN,2006,39.893,39.31736081168355,0.5907548190171842,38.15948136640987,40.47524025695723,2.315758890547362,1.3329602489217862
KEN,2007,37.724,38.41210920589281,0.5907496065530158,37.2542399770489,39.569978434736726,2.315738457687822,-1.593360811683553
KEN,2008,38.035,38.19785918284119,0.5907486344020558,37.03999185941316,39.35572650626922,2.315734646856059,-0.3771092058928147
KEN,2009,37.442,37.76842721615704,0.5907484530908201,36.61056024809903,38.926294184215045,2.3157339361160147,-0.755859182841192
KEN,2010,37.815,37.7948869593526,0.5907484192753214,36.63702005757297,38.95275386113222,2.31573380355926,0.0465727838429614
KEN,2011,38.092,37.96368800449161,0.5907484129685528,36.80582111507324,39.12155489390997,2.315733778836727,0.2971130406474032
KEN,2012,36.352,37.04802769580907,0.5907484117923073,35.890160808696145,38.20589458292199,2.3157337742258446,-1.6116880044916115
KEN,2013,36.208,36.57077650542264,0.5907484115729313,35.4129096187397,37.72864339210559,2.3157337733658907,-0.84002769580907
KEN,2014,37.08,36.860085441471526,0.5907484115320166,35.70221855486877,38.01795232807428,2.315733773205505,0.5092234945773555
KEN,2015,36.434,36.61801034665059,0.5907484115243858,35.460143460062795,37.77587723323839,2.3157337731755923,-0.4260854414715282
KEN,2016,36.995,36.83219228575992,0.5907484115229625,35.67432539917492,37.99005917234493,2.315733773170013,0.3769896533494048
KEN,2017,39.34,38.25697175749513,0.5907484115226972,37.09910487091064,39.414838644079616,2.315733773168973,2.50780771424008
KEN,2018,40.858,39.73471330214413,0.5907484115226477,38.57684641555974,40.89258018872852,2.315733773168779,2.601028242504867
KEN,2019,42.284,41.183058537724754,0.5907484115226385,40.02519165114038,42.34092542430913,2.315733773168742,2.549286697855869
KEN,2020,42.449,41.9022872878502,0.5907484115226367,40.74442040126584,43.060154174434565,2.315733773168736,1.2659414622752436
KEN,2021,43.028,42.54184683391694,0.5907484115226364,41.38397994733258,43.69971372050131,2.315733773168734,1.1257127121497987
KEN,2022,41.629,42.02322436441187,0.5907484115226364,40.8653574778275,43.18109125099623,2.315733773168734,-0.9128468339169444
KEN,2023,41.897,41.95151157629593,0.5907484115226364,40.79364468971156,43.10937846288029,2.315733773168734,-0.1262243644118683
KEN,2024,40.627,41.19900695113429,0.5907484115226364,40.04114006454993,42.35687383771866,2.315733773168734,-1.324511576295926
KGZ,2000,32.828,32.828,0.7433145519388965,31.371103478199764,34.28489652180024,2.9137930436004744,0.0
KGZ,2001,31.923,32.233092090267554,0.629454760959384,30.99936075878716,33.46682342174795,2.467462662960785,-0.9050000000000048
KGZ,2002,31.935,32.04709986634832,0.6132479543820111,30.845133875759576,33.24906585693706,2.4039319811774837,-0.2980920902675557
KGZ,2003,31.444,31.67368663559592,0.6108916310113176,30.476339038813737,32.8710342323781,2.394695193564365,-0.6030998663483196
KGZ,2004,31.985,31.86622186175432,0.6105484850465177,30.669546831063148,33.062896892445494,2.3933500613823493,0.3113133644040786
KGZ,2005,32.988,32.55988449096745,0.6104985032989552,31.363307424501496,33.7564615574334,2.393154132931904,1.121778138245677
KGZ,2006,35.175,34.176928514793545,0.6104912228767674,32.98036571795508,35.37349131163201,2.393125593676928,2.615115509032549
KGZ,2007,34.488,34.36927739453659,0.6104901623942354,33.17271667624389,35.56583811282929,2.3931214365854028,0.3110714852064546
KGZ,2008,35.618,35.14141590334442,0.6104900079218902,33.94485548781751,36.33797631887132,2.393120831053809,1.2487226054634135
KGZ,2009,33.511,34.13326020404178,0.6104899854210881,32.93669983261645,35.32982057546712,2.3931207428506656,-1.6304159033444137
KGZ,2010,34.071,34.09476206455372,0.6104899821435689,32.898201699552324,35.29132242955512,2.39312073000279,-0.0622602040417845
KGZ,2011,34.987,34.64647083214105,0.6104899816661578,33.44991046807538,35.84303119620672,2.3931207281313385,0.8922379354462819
KGZ,2012,34.699,34.678951856881106,0.6104899815966168,33.482391492951734,35.87551222081048,2.393120727858738,0.0525291678589496
KGZ,2013,34.562,34.6066355360358,0.6104899815864874,33.41007517212629,35.803195899945315,2.3931207278190305,-0.1169518568811085
KGZ,2014,34.848,34.75588147775992,0.6104899815850119,33.5593211138533,35.95244184166654,2.3931207278132467,0.2413644639641958
KGZ,2015,35.501,35.21662003770063,0.610489981584797,34.02005967379443,36.41318040160683,2.393120727812404,0.7451185222400767
KGZ,2016,36.404,35.95082770749191,0.6104899815847656,34.75426734358577,37.147388071398055,2.393120727812281,1.1873799622993744
KGZ,2017,39.181,37.94818099557841,0.6104899815847611,36.75162063167228,39.14474135948454,2.3931207278122635,3.2301722925080867
KGZ,2018,39.392,38.84095586166585,0.6104899815847604,37.64439549775972,40.03751622557198,2.393120727812261,1.4438190044215915
KGZ,2019,40.371,39.78704740536066,0.6104899815847603,38.59048704145453,40.98360776926679,2.3931207278122604,1.530044138334155
KGZ,2020,38.105,38.74696575906375,0.6104899815847603,37.55040539515762,39.94352612296988,2.3931207278122604,-1.682047405360663
KGZ,2021,38.892,38.83664661562086,0.6104899815847603,37.64008625171473,40.03320697952699,2.3931207278122604,0.1450342409362548
KGZ,2022,34.968,36.44449742405086,0.6104899815847603,35.24793706014473,37.64105778795699,2.3931207278122604,-3.868646615620854
KGZ,2023,33.382,34.550824658089844,0.6104899815847603,33.354264294183714,35.747385021995974,2.3931207278122604,-3.0624974240508607
KGZ,2024,33.581,33.95114071113881,0.6104899815847603,32.75458034723268,35.14770107504494,2.3931207278122604,-0.9698246580898412
KHM,2000,29.371,29.371,0.4056668102166527,28.57589305197536,30.16610694802464,1.5902138960492789,0.0
KHM,2001,30.476,30.175396879660536,0.3605399432972018,29.46873859079802,30.882055168523053,1.413316577725031,1.1050000000000004
KHM,2002,31.875,31.386932110194863,0.3567743309662846,30.687654421500945,32.08620979888878,1.3985553773878356,1.6996031203394644
KHM,2003,31.864,31.726404718563195,0.3564606641991791,31.027741816732803,32.425067620393584,1.3973258036607823,0.4770678898051379
KHM,2004,32.266,32.11031439535973,0.3564345498551328,31.41170267764367,32.80892611307579,1.3972234354321205,0.539595281436803
KHM,2005,31.872,31.940761232909235,0.35643237580253,31.24215377633628,32.6393686894822,1.3972149131459175,-0.2383143953597297
KHM,2006,29.133,29.943129859246437,0.3564321948105517,29.24452275741775,30.641736961075114,1.3972142036573627,-2.807761232909236
KHM,2007,30.731,30.50367395396041,0.3564321797427995,29.805066881664523,31.20228102625629,1.3972141445917745,0.7878701407535686
KHM,2008,30.279,30.343825711556345,0.356432178488395,29.64521864171909,31.0424327813936,1.3972141396745084,-0.2246739539604085
KHM,2009,30.947,30.772964684343247,0.3564321783839647,30.074357614710674,31.47157175397582,1.3972141392651418,0.603174288443654
KHM,2010,30.357,30.477019282216485,0.3564321783752707,29.778412212600955,31.175626351832012,1.3972141392310613,-0.4159646843432476
KHM,2011,31.513,31.214086013260825,0.356432178374547,30.515478943646716,31.912693082874934,1.3972141392282242,1.0359807177835163
KHM,2012,31.191,31.19766106245344,0.3564321783744867,30.499053992839443,31.896268132067437,1.3972141392279878,-0.0230860132608263
KHM,2013,31.462,31.38572965604846,0.3564321783744816,30.68712258643448,32.084336725662446,1.397214139227968,0.2643389375465617
KHM,2014,31.646,31.570903577059763,0.3564321783744812,30.87229650744578,32.269510646673744,1.3972141392279664,0.2602703439515395
KHM,2015,30.805,31.02598798534277,0.3564321783744812,30.327380915728785,31.724595054956755,1.3972141392279664,-0.7659035770597633
KHM,2016,31.999,31.718254523318887,0.3564321783744812,31.019647453704906,32.41686159293287,1.3972141392279664,0.973012014657229
KHM,2017,32.678,32.40108234915444,0.3564321783744812,31.702475279540455,33.09968941876843,1.3972141392279664,0.9597454766811104
KHM,2018,32.895,32.752488762482855,0.3564321783744812,32.05388169286887,33.45109583209684,1.3972141392279664,0.4939176508455603
KHM,2019,32.401,32.50241589074424,0.3564321783744812,31.803808821130254,33.20102296035822,1.3972141392279664,-0.3514887624828517
KHM,2020,31.998,32.14354031970757,0.3564321783744812,31.444933250093584,32.84214738932155,1.3972141392279664,-0.5044158907442373
KHM,2021,31.15,31.436668557485863,0.3564321783744812,30.73806148787188,32.13527562709985,1.3972141392279664,-0.99354031970757
KHM,2022,33.353,32.80007631950757,0.3564321783744812,32.10146924989358,33.49868338912155,1.3972141392279664,1.9163314425141351
KHM,2023,34.127,33.74413954649313,0.3564321783744812,33.045532476879146,34.442746616107115,1.3972141392279664,1.3269236804924347
KHM,2024,35.206,34.784205917626174,0.3564321783744812,34.08559884801219,35.48281298724016,1.3972141392279664,1.4618604535068729
KOR,2000,66.557,66.557,0.8561542683004016,64.87893763413122,68.23506236586879,3.3561247317375744,0.0
KOR,2001,66.408,66.47403642493762,0.6690222900671337,65.16275273640603,67.78532011346921,2.622567377063164,-0.1490000000000009
KOR,2002,67.66,67.03622940294824,0.6173010642258645,65.82631931706554,68.24613948883093,2.4198201717653887,1.1859635750623738
KOR,2003,65.896,66.523010202547,0.6015134219517129,65.34404389552164,67.70197650957236,2.357932614050714,-1.1402294029482365
KOR,2004,67.647,67.02067557502194,0.596592129715499,65.85135500077956,68.18999614926432,2.338641148484756,1.1239897974530066
KOR,2005,67.772,67.35161888805163,0.5950494304939435,66.1853220042835,68.51791577181976,2.3325937675362587,0.7513244249780655
KOR,2006,69.345,68.2282342401519,0.5945650260634175,67.0628867890676,69.39358169123621,2.3306949021685965,1.9933811119483664
KOR,2007,70.04,69.02457406488632,0.5944128457329455,67.85952488724975,70.1896232425229,2.3300983552731465,1.8117657598481005
KOR,2008,70.396,69.62727084398057,0.5943650291232895,68.46231538689892,70.79222630106221,2.3299109141632948,1.3714259351136775
KOR,2009,70.956,70.21117426450485,0.5943500038997179,69.0462482568614,71.37610027214829,2.3298520152868942,1.3287291560194348
KOR,2010,71.854,70.93309439533911,0.5943452825085287,69.7681776416224,72.09801114905582,2.3298335074334324,1.6428257354951512
KOR,2011,72.003,71.40324927624054,0.5943437988936198,70.23833543040905,72.56816312207204,2.3298276916629894,1.0699056046608888
KOR,2012,72.299,71.79687364116455,0.5943433326927582,70.63196070908674,72.96178657324236,2.329825864155612,0.8957507237594626
KOR,2013,71.462,71.6497184607592,0.5943431861969602,70.48480581581316,72.81463110570525,2.329825289892084,-0.334873641164549
KOR,2014,71.562,71.61117190966775,0.5943431401631067,70.44625935494805,72.77608446438744,2.3298251094393785,-0.0877184607592056
KOR,2015,71.825,71.70513542585616,0.5943431256977377,70.54022289948858,72.87004795222373,2.329825052735132,0.2138280903322567
KOR,2016,71.511,71.61982555416057,0.5943431211522373,70.45491303670218,72.78473807161896,2.3298250349167704,-0.1941354258561602
KOR,2017,73.057,72.2513700878217,0.5943431197238898,71.08645757316287,73.41628260248052,2.329825029317648,1.4371744458394318
KOR,2018,72.603,72.40588852447733,0.5943431192750553,71.24097601069822,73.57080103825645,2.329825027558217,0.3516299121782964
KOR,2019,72.638,72.50788639516016,0.5943431191340166,71.34297388165749,73.67279890866283,2.329825027005345,0.2321114755226716
KOR,2020,74.614,73.433386104272,0.5943431190896976,72.26847359085619,74.59829861768782,2.3298250268316147,2.106113604839848
KOR,2021,74.335,73.82958666832077,0.5943431190757711,72.66467415493226,74.99449918170929,2.3298250267770224,0.9016138957279908
KOR,2022,75.757,74.67655925023578,0.5943431190713948,73.51164673685585,75.84147176361571,2.329825026759868,1.927413331679233
KOR,2023,76.053,75.28141528008369,0.5943431190700198,74.11650276670645,76.44632779346094,2.329825026754478,1.376440749764214
KOR,2024,74.321,74.85937533872381,0.5943431190695877,73.69446282534741,76.0242878521002,2.329825026752784,-0.9604152800836944
KWT,2000,58.403,58.403,0.6924975860213429,57.04570473139817,59.76029526860183,2.714590537203664,0.0
KWT,2001,57.071,57.44234220509295,0.612786728839434,56.24128021656766,58.64340419361824,2.4021239770505813,-1.3320000000000007
KWT,2002,55.392,55.99732883403954,0.6057589858744793,54.81004122172556,57.18461644635352,2.374575224627959,-2.050342205092946
KWT,2003,55.585,55.70732711613071,0.6051395533831067,54.52125359149982,56.893400640761605,2.372147049261778,-0.4123288340395419
KWT,2004,53.488,54.146697484001656,0.6050849801729531,52.960730922862666,55.332664045140646,2.371933122277976,-2.2193271161307138
KWT,2005,49.868,51.137967532203895,0.6050801723714151,49.95201039435592,52.323924670051866,2.3719142756959477,-4.278697484001654
KWT,2006,52.882,52.36434901771917,0.6050797488143578,51.17839271004303,53.550305325395314,2.3719126153522825,1.744032467796103
KWT,2007,52.773,52.65170716394002,0.605079711499897,51.465750929400215,53.83766339847982,2.3719124690795965,0.4086509822808324
KWT,2008,53.459,53.219385159015744,0.605079708212574,52.0334289309191,54.40534138711239,2.37191245619329,0.807292836059986
KWT,2009,52.887,52.985656167435366,0.605079707922968,51.79969993990635,54.171612394964384,2.3719124550580344,-0.3323851590157431
KWT,2010,52.094,52.35865495760204,0.6050797078974544,51.172698730123024,53.544611185081045,2.371912454958021,-0.8916561674353645
KWT,2011,50.29,50.90400325607766,0.6050797078952066,49.71804702860305,52.08995948355226,2.37191245494921,-2.0686549576020354
KWT,2012,49.683,50.04540938691067,0.6050797078950085,48.859453159436455,51.231365614384885,2.3719124549484336,-1.2210032560776582
KWT,2013,50.343,50.25467129890666,0.6050797078949911,49.06871507143248,51.44062752638084,2.371912454948365,0.2975906130893335
KWT,2014,50.404,50.35967733112747,0.6050797078949897,49.17372110365329,51.54563355860165,2.3719124549483594,0.1493287010933457
KWT,2015,50.119,50.19043611090556,0.6050797078949894,49.00447988343138,51.37639233837974,2.3719124549483586,-0.2406773311274719
KWT,2016,50.672,50.52906567698624,0.6050797078949894,49.343109449512056,51.715021904460414,2.3719124549483586,0.4815638890944385
KWT,2017,52.582,51.97266282938391,0.6050797078949894,50.78670660190973,53.158619056858086,2.3719124549483586,2.052934323013765
KWT,2018,50.988,51.28026052472386,0.6050797078949894,50.09430429724968,52.46621675219804,2.3719124549483586,-0.9846628293839076
KWT,2019,50.583,50.78995584391312,0.6050797078949894,49.60399961643894,51.9759120713873,2.3719124549483586,-0.697260524723859
KWT,2020,53.019,52.35739117792411,0.6050797078949894,51.17143495044993,53.543347405398286,2.3719124549483586,2.2290441560868786
KWT,2021,54.043,53.54268973732125,0.6050797078949894,52.35673350984707,54.72864596479543,2.3719124549483586,1.685608822075892
KWT,2022,50.958,51.72516898042199,0.6050797078949894,50.53921275294781,52.91112520789617,2.3719124549483586,-2.5846897373212485
KWT,2023,51.384,51.485263318023314,0.6050797078949894,50.299307090549135,52.67121954549749,2.3719124549483586,-0.3411689804219904
KWT,2024,54.527,53.62417363932328,0.6050797078949894,52.438217411849095,54.81012986679745,2.3719124549483586,3.041736681976687
LAO,2000,16.94,16.94,1.2853594140017115,14.420695548556647,19.459304451443355,5.038608902886709,0.0
LAO,2001,16.628,16.76730132282258,1.0015214359873617,14.80431930828735,18.730283337357807,3.9259640290704576,-0.3120000000000011
LAO,2002,19.403,18.00218534617508,0.9214212997124848,16.19619959873861,19.80817109361155,3.61197149487294,2.63569867717742
LAO,2003,20.958,19.312725573435067,0.8963541216267673,17.555871495046603,21.06957965182353,3.513708156776928,2.95581465382492
LAO,2004,21.839,20.412856466909854,0.8883312866151888,18.67172714514409,22.153985788675627,3.48225864353154,2.526274426564932
LAO,2005,20.22,20.32935998275009,0.8857476970564024,18.593294496519547,22.06542546898064,3.4721309724610974,-0.1928564669098591
LAO,2006,21.525,20.846034015865385,0.8849141451578854,19.11160229135593,22.58046574037484,3.4688634490189107,1.1956400172499038
LAO,2007,23.952,22.18740442488569,0.8846450541145263,20.453500118821218,23.92130873095016,3.4678086121289438,3.1059659841346168
LAO,2008,23.627,22.80899900130325,0.8845581683876717,21.075264991263413,24.542733011343085,3.467468020079673,1.4395955751143106
LAO,2009,23.108,22.938094708944043,0.8845301124847452,21.204415688473944,24.67177372941414,3.4673580409402014,0.2990009986967514
LAO,2010,24.064,23.42420199125077,0.8845210528925186,21.690540727581432,25.157863254920105,3.467322527338673,1.1259052910559575
LAO,2011,24.814,24.02424043982553,0.8845181274213422,22.290584910079694,25.75789596957136,3.4673110594916614,1.3897980087492314
LAO,2012,24.949,24.423499974689797,0.8845171827431455,22.689846296513227,26.15715365286636,3.4673073563531305,0.924759560174472
LAO,2013,25.596,24.929719658159016,0.8845168776922886,23.19606657788213,26.6633727384359,3.4673061605537714,1.1725000253102067
LAO,2014,25.903,25.349927373467228,0.8845167791867387,23.61627448626122,27.08358026067324,3.4673057744120155,0.973280341840983
LAO,2015,27.05,26.083923070453007,0.8845167473777998,24.35027024559252,27.817575895313496,3.4673056497209758,1.7000726265327728
LAO,2016,27.301,26.60938839146239,0.8845167371062099,24.875735586734216,28.34304119619056,3.467305609456343,1.217076929546991
LAO,2017,30.762,28.402252361330504,0.8845167337893574,26.668599563103363,30.135905159557645,3.4673055964542807,4.152611608537612
LAO,2018,31.355,29.67708259822985,0.8845167327182952,27.94342980210199,31.410735394357708,3.467305592255717,2.9527476386694964
LAO,2019,30.941,30.2227709931195,0.884516732372433,28.48911819766953,31.95642378856947,3.467305590899937,1.2639174017701509
LAO,2020,30.49,30.33814543736049,0.8845167322607489,28.604492642129426,32.07179823259156,3.467305590462136,0.2672290068804983
LAO,2021,30.046,30.21201348086472,0.8845167322246843,28.478360685704335,31.9456662760251,3.4673055903207626,-0.2921454373604923
LAO,2022,27.404,28.999671308422684,0.8845167322130385,27.26601851328513,30.73332410356024,3.46730559027511,-2.8080134808647195
LAO,2023,27.373,28.297366194389465,0.884516732209278,26.56371339925928,30.031018989519648,3.4673055902603696,-1.626671308422683
LAO,2024,30.612,29.29669479284261,0.8845167322080635,27.56304199771481,31.03034758797041,3.467305590255609,2.3146338056105336
LBN,2000,38.128,38.128,0.8257497744911588,36.50953044199733,39.74646955800267,3.2369391160053427,0.0
LBN,2001,38.447,38.31836847104592,0.6673999918789265,37.01026448696322,39.62647245512862,2.616207968165392,0.3190000000000026
LBN,2002,36.15,37.15240062984343,0.6335206445683556,35.91070016648945,38.394101093197406,2.483400926707953,-2.1683684710459232
LBN,2003,37.005,37.07505314585047,0.6258315503060703,35.84842330725057,38.301682984450366,2.4532596771997954,-0.1474006298434247
LBN,2004,36.887,36.97692799829274,0.6240708358967646,35.75374915993508,38.200106836650406,2.446357676715317,-0.1880531458504677
LBN,2005,40.002,38.55335218415396,0.623666927278564,37.330965006687975,39.77573936161994,2.4447743549319707,3.025072001707258
LBN,2006,40.16,39.39035892534823,0.6235742334855721,38.16815342771651,40.61256442297995,2.4444109952634423,1.6066478158460384
LBN,2007,40.024,39.72044101164523,0.6235529590687479,38.49827721187048,40.942604811419976,2.444327599549492,0.63364107465177
LBN,2008,41.18,40.4807558807342,0.6235480762149733,39.258601651352855,41.702910110115546,2.4443084587626958,1.4595589883547715
LBN,2009,42.279,41.41749556606126,0.6235469555085823,40.19534353326444,42.63964759885808,2.4443040655936428,1.798244119265803
LBN,2010,44.483,43.01437402038458,0.6235466982851942,41.7922224917456,44.23652554902356,2.444303057277961,3.0655044339387345
LBN,2011,42.782,42.89332608056701,0.6235466392475294,41.67117466764185,44.115477493492165,2.444302825850315,-0.232374020384583
LBN,2012,42.952,42.92389041279292,0.6235466256972606,41.70173902642628,44.14604179915955,2.4443027727332614,0.0586739194329908
LBN,2013,42.146,42.51867288165573,0.6235466225872158,41.29652150138479,43.74082426192668,2.444302760541886,-0.7778904127929138
LBN,2014,42.491,42.50425756482717,0.6235466218734013,41.2821061859553,43.72640894369903,2.444302757743733,-0.0276728816557323
LBN,2015,43.27,42.90314698818459,0.6235466217095672,41.68099560963384,44.125298366735336,2.4443027571015032,0.7657424351728395
LBN,2016,43.107,43.0093377993345,0.6235466216719642,41.78718642085745,44.231489177811554,2.4443027569541,0.2038530118154113
LBN,2017,43.942,43.49517882141602,0.6235466216633335,42.273027442955886,44.71733019987615,2.4443027569202678,0.9326622006654972
LBN,2018,45.175,44.37022879956447,0.6235466216613526,43.14807742110821,45.59238017802072,2.444302756912502,1.6798211785839785
LBN,2019,44.388,44.37948614716254,0.623546621660898,43.15733476870718,45.601637525617896,2.4443027569107203,0.0177712004355328
LBN,2020,45.35,44.88504479622812,0.6235466216607937,43.66289341777296,46.10719617468328,2.4443027569103117,0.9705138528374632
LBN,2021,45.671,45.29446342521856,0.6235466216607697,44.07231204676345,46.51661480367367,2.444302756910217,0.7859552037718842
LBN,2022,44.163,44.70506316158692,0.6235466216607641,43.48291178313183,45.927214540042016,2.4443027569101954,-1.1314634252185627
LBN,2023,43.106,43.87208153089841,0.6235466216607629,42.64993015244332,45.09423290935351,2.4443027569101905,-1.599063161586919
LBN,2024,43.103,43.471452710768254,0.6235466216607627,42.24930133231316,44.69360408922335,2.4443027569101896,-0.7690815308984114
LBR,2009,28.488,28.488,1.0476044592968918,26.43469525977809,30.541304740221907,4.106609480443816,0.0
LBR,2010,27.084,27.433721278382148,0.944597489389244,25.58231019917923,29.285132357585063,3.7028221584058367,-1.404
LBR,2011,29.708,29.116036615721523,0.9375284990710646,27.27848075754224,30.95359247390081,3.675111716358573,2.2742787216178506
LBR,2012,29.918,29.70864985775001,0.937046248008896,27.872039211652577,31.54526050384745,3.673221292194872,0.8019633842784764
LBR,2013,31.702,31.18153854275573,0.9370133691864452,29.3449923391503,33.01808474636116,3.673092407210865,1.9933501422499875
LBR,2014,34.798,33.85373323782796,0.9370111276787316,32.01719142757764,35.69027504807828,3.6730836205006274,3.61646145724427
LBR,2015,34.839,34.58174424734022,0.9370109748648112,32.74520273660519,36.41828575807525,3.67308302147006,0.9852667621720386
LBR,2016,33.533,33.80682990884625,0.9370109644467832,31.97028841853055,35.64337139916194,3.673082980631391,-1.0487442473402169
LBR,2017,38.928,37.59084887967739,0.9370109637365384,35.75430739075377,39.427390368601,3.6730829778472303,5.121170091153751
LBR,2018,37.695,37.66780586569395,0.937010963688118,35.83126437686524,39.50434735452266,3.673082977657422,0.1041511203226122
LBR,2019,34.503,35.32933922227038,0.9370109636848168,33.492797733448135,37.16588071109262,3.673082977644481,-3.1648058656939497
LBR,2020,33.277,33.81287122519957,0.9370109636845916,31.97632973637777,35.64941271402137,3.6730829776436,-2.052339222270376
LBR,2021,36.448,35.75996087382233,0.9370109636845764,33.92341938500056,37.5965023626441,3.6730829776435394,2.635128774800428
LBR,2022,35.421,35.50950358497216,0.9370109636845756,33.67296209615039,37.34604507379392,3.673082977643536,-0.3389608738223302
LBR,2023,34.834,35.010375781244065,0.9370109636845754,33.1738342924223,36.84691727006583,3.673082977643536,-0.6755035849721551
LBR,2024,27.971,29.808999724218523,0.9370109636845756,27.972458235396758,31.645541213040293,3.673082977643536,-7.039375781244065
LBY,2000,23.943,23.943,0.8776647594537323,22.222777071470688,25.663222928529315,3.4404458570586307,0.0
LBY,2001,23.816,23.857301113531346,0.7525814477881863,22.382241475866497,25.332360751196187,2.95011927532969,-0.1270000000000024
LBY,2002,24.033,23.97096003659961,0.7368601038861714,22.52671423298272,25.415205840216508,2.888491607233792,0.175698886468659
LBY,2003,24.418,24.25857797644245,0.7348565851370499,22.81825906957383,25.69889688331107,2.8806378137372355,0.4470399634003854
LBY,2004,24.508,24.41894030675635,0.7346010745417809,22.97912220065446,25.858758412858244,2.8796362122037813,0.2494220235575497
LBY,2005,25.72,25.25536385322042,0.7345684866522144,23.81560961938208,26.69511808705876,2.8795084676766804,1.3010596932436478
LBY,2006,26.117,25.809285098976662,0.7345643303464865,24.36953901149755,27.24903118645578,2.879492174958227,0.8616361467795812
LBY,2007,26.246,26.090036218546967,0.7345638002447409,24.650291170067277,27.52978126702666,2.879490096959384,0.4367149010233326
LBY,2008,27.245,26.83252820646929,0.7345637326347236,25.39278329050524,28.272273122433354,2.8794898319281166,1.1549637814530342
LBY,2009,28.289,27.768850738229748,0.7345637240116346,26.329105839166942,29.208595637292557,2.879489798125608,1.4564717935307063
LBY,2010,27.349,27.49894114797902,0.7345637229118321,26.059196251071832,28.93868604488621,2.8794897938143817,-0.4198507382297478
LBY,2011,26.646,26.950610575448028,0.7345637227715617,25.51086567881577,28.390355472080287,2.8794897932645216,-0.8529411479790205
LBY,2012,31.275,29.7306323090863,0.7345637227536713,28.290887412489106,31.170377205683494,2.8794897931943915,4.3243894245519705
LBY,2013,32.711,31.64662232327896,0.7345637227513895,30.206877426686237,33.08636721987168,2.879489793185446,2.980367690913699
LBY,2014,29.102,30.010760085155024,0.7345637227510986,28.57101518856287,31.450504981747176,2.879489793184306,-2.5446223232789578
LBY,2015,29.052,29.394401655702744,0.7345637227510614,27.954656759110662,30.834146552294825,2.8794897931841605,-0.9587600851550242
LBY,2016,29.326,29.35042825950732,0.7345637227510566,27.91068336291525,30.790173156099392,2.879489793184142,-0.0684016557027433
LBY,2017,30.366,30.00330921758868,0.7345637227510561,28.56356432099661,31.44305411418075,2.87948979318414,1.0155717404926785
LBY,2018,30.028,30.019182189466235,0.734563722751056,28.579437292874164,31.458927086058303,2.8794897931841392,0.0246907824113193
LBY,2019,28.698,29.169833335745388,0.734563722751056,27.73008843915332,30.60957823233746,2.8794897931841392,-1.321182189466235
LBY,2020,31.914,30.93397671376448,0.734563722751056,29.494231817172405,32.37372161035655,2.8794897931841392,2.744166664254614
LBY,2021,32.593,32.00051359088482,0.734563722751056,30.56076869429275,33.44025848747689,2.8794897931841392,1.6590232862355272
LBY,2022,30.7,31.164451966323664,0.734563722751056,29.724707069731597,32.604196862915735,2.8794897931841392,-1.3005135908848224
LBY,2023,29.065,29.81477655043012,0.734563722751056,28.37503165383805,31.254521447022192,2.8794897931841392,-2.099451966323663
LBY,2024,33.487,32.17554011685323,0.734563722751056,30.73579522026116,33.615285013445295,2.8794897931841392,3.6722234495698807
LKA,2000,45.966,45.966,0.6624887529899306,44.66752204413974,47.264477955860265,2.596955911720528,0.0
LKA,2001,47.799,47.17847931574016,0.5626884199456984,46.075610012646585,48.281348618833725,2.2057386061871376,1.8329999999999984
LKA,2002,46.619,46.82632818488872,0.5488890499356828,45.75050564701478,47.90215072276266,2.151645075747876,-0.5594793157401554
LKA,2003,46.673,46.73050221912109,0.546943727344555,45.658492513525765,47.80251192471642,2.1440194111906554,-0.1533281848887213
LKA,2004,45.308,45.84236934777303,0.5466691128143049,44.77089788665699,46.91384080888907,2.142942922232075,-1.4225022191210923
LKA,2005,46.225,46.08122919074939,0.546630339981927,45.00983372438481,47.15262465711397,2.1427909327291537,0.3826306522269718
LKA,2006,43.568,44.51235983247548,0.5466248655195579,43.44097509605715,45.58374456889381,2.142769472836667,-2.513229190749392
LKA,2007,43.202,43.69437730105418,0.5466240925599152,42.62299407963675,44.765760522471616,2.1427664428348674,-1.3103598324754842
LKA,2008,43.73,43.71661450117442,0.5466239834228275,42.64523149366568,44.78799750868316,2.142766015017484,0.035622698945815
LKA,2009,42.231,42.78923094857483,0.5466239680133493,41.71784797126867,43.860613925881,2.142765954612329,-1.4856145011744175
LKA,2010,40.981,41.66045654152987,0.5466239658376268,40.58907356848812,42.73183951457162,2.142765946083497,-1.8082309485748311
LKA,2011,42.311,42.06655334368061,0.5466239655304284,40.995170371240974,43.137936316120246,2.142765944879279,0.650543458470132
LKA,2012,43.04,42.674220009121456,0.5466239654870538,41.60283703676683,43.74560298147608,2.142765944709251,0.9734466563193892
LKA,2013,43.902,43.44065232268693,0.5466239654809296,42.36926935034431,44.51203529502955,2.142765944685244,1.2277799908785454
LKA,2014,42.614,42.92462090264737,0.546623965480065,41.85323793030644,43.9960038749883,2.1427659446818548,-0.8266523226869325
LKA,2015,43.826,43.487299942958735,0.5466239654799429,42.41591697061805,44.55868291529942,2.142765944681376,0.9013790973526312
LKA,2016,46.036,45.07830655310689,0.5466239654799255,44.00692358076624,46.14968952544754,2.142765944681308,2.548700057041266
LKA,2017,46.696,46.08813937360288,0.5466239654799232,45.01675640126223,47.15952234594353,2.1427659446812988,1.6176934468931066
LKA,2018,47.912,47.22667048657949,0.5466239654799228,46.15528751423884,48.298053458920144,2.142765944681297,1.8238606263971209
LKA,2019,46.126,46.5395853135302,0.5466239654799228,45.468202341189546,47.61096828587085,2.142765944681297,-1.1006704865794958
LKA,2020,46.892,46.75957749901225,0.5466239654799228,45.6881945266716,47.8309604713529,2.142765944681297,0.3524146864698068
LKA,2021,47.865,47.44962908088402,0.5466239654799228,46.37824610854337,48.52101205322467,2.142765944681297,1.10542250098775
LKA,2022,48.075,47.840012116878846,0.5466239654799228,46.7686291445382,48.911395089219496,2.142765944681297,0.62537091911598
LKA,2023,47.33,47.52164093508044,0.5466239654799228,46.45025796273979,48.59302390742109,2.142765944681297,-0.5100121168788476
LKA,2024,49.086,48.49818017360563,0.5466239654799228,47.42679720126498,49.56956314594628,2.142765944681297,1.5643590649195571
LSO,2000,29.551,29.551,0.8284733172148699,27.92719229825885,31.174807701741145,3.24761540348229,0.0
LSO,2001,30.249,30.10358597202873,0.7652389290095815,28.60371767116995,31.603454272887507,2.9997366017175597,0.6980000000000004
LSO,2002,36.816,35.37675512145501,0.7622919294099829,33.882662939811446,36.87084730309858,2.9881843632871328,6.712414027971274
LSO,2003,36.392,36.174031445790064,0.7621559927893825,34.68020569992287,37.667857191657255,2.9876514917343795,1.0152448785449906
LSO,2004,34.827,35.1162190486412,0.76214972594114,33.622405585796564,36.61003251148584,2.987626925689269,-1.3470314457900656
LSO,2005,35.054,35.0673589932205,0.762149437039127,33.573546096623815,36.56117188981719,2.9876257931933776,-0.0622190486411966
LSO,2006,35.714,35.57516030189229,0.7621494237207459,34.08134743139963,37.06897317238495,2.987625740985324,0.6466410067794968
LSO,2007,32.971,33.53013687576065,0.7621494231067686,32.03632400647138,35.02394974504991,2.987625738578533,-2.6041603018922928
LSO,2008,32.305,32.56804801773543,0.7621494230784642,31.07423514850164,34.06186088696922,2.9876257384675795,-1.2251368757606471
LSO,2009,33.721,33.47345073470315,0.7621494230771596,31.97963786547192,34.967263603934384,2.9876257384624654,1.1529519822645682
LSO,2010,34.14,33.99688581706205,0.7621494230770993,32.50307294783094,35.490698686293165,2.987625738462229,0.666549265296851
LSO,2011,34.936,34.73436365296006,0.7621494230770967,33.24055078372896,36.22817652219117,2.987625738462219,0.9391141829379492
LSO,2012,36.604,36.20257209042372,0.7621494230770965,34.70875922119261,37.69638495965482,2.9876257384622185,1.869636347039936
LSO,2013,36.78,36.656020981813285,0.7621494230770964,35.16220811258218,38.14983385104439,2.987625738462218,0.5774279095762864
LSO,2014,34.35,34.84512365526802,0.7621494230770964,33.35131078603691,36.338936524499125,2.987625738462218,-2.3060209818132837
LSO,2015,36.781,36.36534976112104,0.7621494230770964,34.87153689188993,37.85916263035215,2.987625738462218,1.93587634473198
LSO,2016,36.979,36.84724371862786,0.7621494230770964,35.35343084939675,38.341056587858965,2.987625738462218,0.6136502388789609
LSO,2017,38.909,38.46632219509032,0.7621494230770964,36.972509325859214,39.96013506432143,2.987625738462218,2.0617562813721406
LSO,2018,36.902,37.23787418733761,0.7621494230770964,35.7440613181065,38.73168705656872,2.987625738462218,-1.5643221950903197
LSO,2019,36.606,36.74166912867293,0.7621494230770964,35.247856259441825,38.23548199790404,2.987625738462218,-0.6318741873376084
LSO,2020,37.303,37.18247716216888,0.7621494230770964,35.68866429293777,38.67629003139999,2.987625738462218,0.5613308713270655
LSO,2021,38.404,38.14172794903856,0.7621494230770964,36.64791507980745,39.63554081826966,2.987625738462218,1.2215228378311238
LSO,2022,39.56,39.25548410548966,0.7621494230770964,37.76167123625855,40.74929697472077,2.987625738462218,1.4182720509614484
LSO,2023,38.942,39.00930788548872,0.7621494230770964,37.51549501625761,40.50312075471982,2.987625738462218,-0.3134841054896569
LSO,2024,29.64,31.651675524282048,0.7621494230770964,30.157862655050938,33.145488393513155,2.987625738462218,-9.369307885488716
LTU,2000,53.09,53.09,1.0259719603715989,51.07909495767167,55.100905042328336,4.021810084656667,0.0
LTU,2001,54.156,53.686765537663504,0.8038377289444478,52.11124358893239,55.26228748639462,3.1510438974622352,1.0659999999999954
LTU,2002,54.982,54.30726959754321,0.7436066058307074,52.84980065011502,55.7647385449714,2.9149378948563727,1.295234462336495
LTU,2003,56.168,55.15611863758696,0.7256356734142079,53.73387271769511,56.57836455747881,2.8444918397836947,1.860730402456788
LTU,2004,55.662,55.3834319359456,0.7201669771717921,53.971904660688885,56.794959211202304,2.823054550513425,0.5058813624130423
LTU,2005,57.551,56.352889987324936,0.7184941891986338,54.94464137649561,57.76113859815426,2.816497221658645,2.1675680640544077
LTU,2006,58.588,57.351131121855296,0.7179817412289766,55.943886909046505,58.75837533466409,2.814488425617588,2.235110012675065
LTU,2007,59.241,58.1948120062034,0.7178246850404266,56.787875623524165,59.60174838888263,2.8138727653584725,1.8898688781447035
LTU,2008,59.378,58.722943462393786,0.7177765434742492,57.31610143718426,60.129785487603314,2.813684050419057,1.1831879937966008
LTU,2009,59.206,58.93855320814633,0.7177617862830844,57.53174010703149,60.34536630926117,2.813626202229691,0.4830565376062168
LTU,2010,60.083,59.449364577601145,0.7177572625933898,58.0425603429181,60.85616881228419,2.813608469366088,1.1444467918536674
LTU,2011,61.127,60.19815599577609,0.7177558758898281,58.79135447903203,61.60495751252015,2.813603033488126,1.6776354223988577
LTU,2012,61.405,60.73681496243131,0.7177554508056085,59.33001427885232,62.1436156460103,2.8136013671579856,1.2068440042239104
LTU,2013,61.109,60.90293480413917,0.7177553204989834,59.49613437596116,62.30973523231718,2.813600856356014,0.3721850375686912
LTU,2014,61.756,61.28368906673818,0.717755280554385,59.87688871685158,62.69048941662477,2.8136006997731893,0.8530651958608289
LTU,2015,62.716,61.92298191005819,0.717755268309643,60.51618158417129,63.32978223594509,2.8136006517738004,1.4323109332618245
LTU,2016,62.625,62.23631829929104,0.7177552645561015,60.82951798076108,63.643118617821,2.813600637059918,0.7020180899418094
LTU,2017,64.024,63.03422612449863,0.7177552634054791,61.62742580822389,64.44102644077337,2.8136006325494782,1.7876817007089656
LTU,2018,62.7,62.88504876269065,0.7177552630527637,61.478248447107234,64.29184907827407,2.8136006311668336,-0.3342261244986275
LTU,2019,62.689,62.79754501881375,0.7177552629446412,61.39074470344225,64.20434533418525,2.813600630742993,-0.1960487626906513
LTU,2020,63.653,63.17936591142069,0.717755262911497,61.77256559611416,64.58616622672723,2.8136006306130685,0.8554549811862486
LTU,2021,64.406,63.72685763557984,0.717755262901337,62.320057320293216,65.13365795086646,2.813600630573241,1.226634088579317
LTU,2022,65.484,64.51113463524756,0.7177552628982226,63.104334319967045,65.91793495052808,2.8136006305610324,1.7571423644201545
LTU,2023,64.963,64.71281869892773,0.7177552628972678,63.30601838364909,66.11961901420638,2.8136006305572896,0.451865364752436
LTU,2024,60.827,62.97843547981798,0.7177552628969751,61.57163516453991,64.38523579509605,2.8136006305561425,-3.885818698927736
LUX,2000,63.633,63.633,0.5799445304547304,62.49630872030873,64.76969127969127,2.273382559382543,0.0
LUX,2001,64.971,64.71467258271271,0.5407046296223472,63.65489150865291,65.77445365677251,2.119562148119601,1.338000000000001
LUX,2002,64.26,64.34918137106295,0.5391744699144734,63.29239941003058,65.40596333209533,2.113563922064736,-0.4546725827127034
LUX,2003,64.541,64.50334214735773,0.5391154611535454,63.44667584349678,65.56000845121868,2.113332607721898,0.1918186289370425
LUX,2004,65.513,65.31477702136351,0.5391131866547122,64.25811517552027,66.37143886720675,2.113323691686472,1.0096578526422777
LUX,2005,65.631,65.56891684576318,0.5391130989855635,64.51225517175148,66.62557851977489,2.1133233480234086,0.3162229786364889
LUX,2006,65.444,65.4685245688144,0.5391130956064129,64.41186290142583,66.52518623620297,2.1133233347771383,-0.124916845763181
LUX,2007,65.518,65.50828662938358,0.5391130954761657,64.45162496225029,66.56494829651686,2.1133233342665694,0.0494754311855984
LUX,2008,66.448,66.26350874799928,0.5391130954711454,65.20684708087583,67.32017041512273,2.11332333424689,0.9397133706164168
LUX,2009,66.214,66.22371991161242,0.5391130954709519,65.16705824448935,67.28038157873549,2.1133233342461315,-0.0495087479992832
LUX,2010,65.971,66.02061578110616,0.5391130954709445,64.9639541139831,67.07727744822921,2.113323334246102,-0.2527199116124166
LUX,2011,66.95,66.76753664096375,0.5391130954709443,65.7108749738407,67.8241983080868,2.1133233342461017,0.929384218893844
LUX,2012,66.975,66.93426930907891,0.5391130954709442,65.87760764195586,67.99093097620197,2.1133233342461013,0.2074633590362395
LUX,2013,67.411,67.31740482003809,0.5391130954709442,66.26074315291504,68.37406648716114,2.1133233342461013,0.4767306909210873
LUX,2014,67.55,67.50433525019179,0.5391130954709442,66.44767358306873,68.56099691731484,2.1133233342461013,0.2325951799619048
LUX,2015,67.103,67.18179300762907,0.5391130954709442,66.12513134050602,68.23845467475212,2.1133233342461013,-0.4013352501917921
LUX,2016,67.542,67.47128158619417,0.5391130954709442,66.41461991907111,68.52794325331722,2.1133233342461013,0.3602069923709337
LUX,2017,66.337,66.55969027610162,0.5391130954709442,65.50302860897857,67.61635194322467,2.1133233342461013,-1.134281586194163
LUX,2018,66.735,66.70058194076903,0.5391130954709442,65.64392027364597,67.75724360789208,2.1133233342461013,0.1753097238983798
LUX,2019,67.198,67.10034332788585,0.5391130954709442,66.0436816607628,68.1570049950089,2.1133233342461013,0.4974180592309665
LUX,2020,67.876,67.72371753277534,0.5391130954709442,66.66705586565229,68.78037919989839,2.1133233342461013,0.7756566721141525
LUX,2021,67.982,67.93129213817933,0.5391130954709442,66.87463047105628,68.98795380530238,2.1133233342461013,0.2582824672246602
LUX,2022,70.848,70.27537104528345,0.5391130954709442,69.2187093781604,71.3320327124065,2.1133233342461013,2.9167078618206688
LUX,2023,71.143,70.97266087624867,0.5391130954709442,69.91599920912562,72.02932254337172,2.1133233342461013,0.867628954716551
LUX,2024,62.269,63.97776497266425,0.5391130954709442,62.9211033055412,65.0344266397873,2.1133233342461013,-8.70366087624867
LVA,2000,49.376,49.376,1.1288127594993531,47.16352699138127,51.58847300861873,4.424946017237464,0.0
LVA,2001,51.122,50.51183766063934,0.9511361824382912,48.64761074306029,52.37606457821839,3.728453835158102,1.7460000000000022
LVA,2002,51.253,50.96747477677383,0.9246120862478868,49.15523508772797,52.77971446581969,3.624479378091716,0.7411623393606632
LVA,2003,51.084,51.03848249550439,0.9205544864827196,49.23419570199826,52.84276928901052,3.608573587012261,0.1165252232261764
LVA,2004,50.462,50.68766225849715,0.9199324679172264,48.884594621379385,52.49072989561491,3.6061352742355273,-0.5764824955043863
LVA,2005,53.99,52.69689357853455,0.919837087712805,50.89401288661745,54.499774270451645,3.605761383834196,3.3023377415028534
LVA,2006,54.355,53.705698148994806,0.9198224615218956,51.90284612441189,55.50855017357773,3.6057040491658303,1.6581064214654475
LVA,2007,53.931,53.84277284194883,0.9198202186369796,52.03992521342035,55.64562047047731,3.60569525705696,0.2253018510051916
LVA,2008,55.335,54.750650099176426,0.9198198746966,52.947803144771086,56.553497053581765,3.605693908810672,1.492227158051172
LVA,2009,54.739,54.74356213082207,0.9198198219542584,52.940715279791725,56.546408981852416,3.6056937020606927,-0.0116500991764283
LVA,2010,55.74,55.34979902654731,0.9198198138663606,53.54695219136924,57.152645861725375,3.605693670356133,0.9964378691779316
LVA,2011,54.921,55.08891593680938,0.919819812626103,53.28606910406221,56.89176276955654,3.605693665494324,-0.4287990265473098
LVA,2012,54.99,55.02873507442201,0.9198198124359128,53.22588824204762,56.8315819067964,3.6056936647487774,-0.0989159368093766
LVA,2013,55.068,55.05262401647654,0.9198198124067476,53.24977718415931,56.85547084879377,3.605693664634451,0.0392649255779886
LVA,2014,56.374,55.8565545941531,0.9198198124022752,54.05370776184464,57.65940142646157,3.605693664616919,1.3213759835234598
LVA,2015,57.551,56.887462141246175,0.9198198124015892,55.08461530893906,58.69030897355329,3.60569366461423,1.6944454058468992
LVA,2016,58.216,57.69575003323838,0.919819812401484,55.89290320093147,59.498596865545295,3.605693664613818,1.328537858753826
LVA,2017,59.9,59.036824769888185,0.919819812401468,57.23397793758131,60.83967160219506,3.6056936646137543,2.204249966761616
LVA,2018,58.74,58.8562353602879,0.9198198124014656,57.05338852798103,60.65908219259477,3.605693664613745,-0.2968247698881825
LVA,2019,58.077,58.3821453653489,0.9198198124014652,56.57929853304203,60.18499219765577,3.605693664613744,-0.779235360287899
LVA,2020,59.936,59.32751690958363,0.9198198124014652,57.52467007727676,61.1303637418905,3.605693664613743,1.5538546346511026
LVA,2021,60.146,59.82548538479475,0.9198198124014652,58.02263855248789,61.62833221710162,3.605693664613743,0.8184830904163718
LVA,2022,63.674,62.16693748954936,0.9198198124014652,60.36409065724249,63.96978432185623,3.605693664613743,3.8485146152052474
LVA,2023,63.774,63.144680924042255,0.9198198124014652,61.341834091735386,64.94752775634913,3.605693664613743,1.607062510450639
LVA,2024,55.865,58.71569313893762,0.9198198124014652,56.91284630663076,60.51853997124449,3.605693664613743,-7.279680924042253
MAR,2000,45.37,45.37,0.8635048216301813,43.67753054960484,47.06246945039516,3.3849389007903103,0.0
MAR,2001,44.901,45.12752749212972,0.650721043206751,43.85211424744448,46.40294073681495,2.5508264893704635,-0.4689999999999941
MAR,2002,44.19,44.74905251470641,0.5750115925859842,43.622029793237886,45.87607523617494,2.254045442937058,-0.9375274921297176
MAR,2003,44.003,44.48011040739087,0.5433688314626693,43.41510749772404,45.5451133170577,2.130005819333664,-0.7460525147064132
MAR,2004,44.122,44.357524345831536,0.529495282684424,43.31971359177007,45.395335099893,2.0756215081229423,-0.3581104073908676
MAR,2005,43.535,44.08250704137104,0.5233059229988123,43.05682743229337,45.10818665044871,2.051359218155344,-0.822524345831539
MAR,2006,43.657,43.94174345780688,0.5205252508730763,42.92151396609565,44.961972949518106,2.040458983422459,-0.4255070413710413
MAR,2007,44.454,44.11039009159649,0.5192722353492499,43.09261651031196,45.12816367288102,2.03554716256906,0.5122565421931213
MAR,2008,44.437,44.21768356349028,0.5187068603533125,43.20101811719779,45.234349009782775,2.033330892584985,0.3266099084035048
MAR,2009,45.025,44.482631293065566,0.5184516062441162,43.466466144827095,45.49879644130404,2.0323302964769354,0.8073164365097156
MAR,2010,46.383,45.10602316485714,0.5183363342249748,44.090083949776194,46.12196237993809,2.031878430161901,1.9003687069344368
MAR,2011,46.663,45.61666708913581,0.5182842715014586,44.60082991699295,46.63250426127867,2.031674344285718,1.556976835142855
MAR,2012,47.456,46.2198610006644,0.5182607560538821,45.2040699187988,47.23565208253001,2.0315821637312177,1.8393329108641936
MAR,2013,48.052,46.82067110119407,0.518250134448264,45.80490083767548,47.83644136471267,2.0315405270371945,1.8321389993355977
MAR,2014,48.55,47.387756367655896,0.5182453367618076,46.37199550760276,48.40351722770904,2.031521720106286,1.7293288988059246
MAR,2015,48.338,47.69935970533509,0.5182431696780087,46.68360309276619,48.71511631790399,2.031513225137794,0.9502436323441046
MAR,2016,49.11,48.161934300560965,0.5182421908181455,47.1461796065574,49.17768899456453,2.03150938800713,1.4106402946649084
MAR,2017,49.584,48.62825469800571,0.5182417486720682,47.61250087060846,49.64400852540297,2.031507654794507,1.4220656994390382
MAR,2018,50.215,49.14857603749472,0.5182415489568174,48.13282260153936,50.16432947345008,2.0315068719107243,1.5867453019942914
MAR,2019,50.762,49.677645588868685,0.5182414587463832,48.661892329725774,50.6933988480116,2.031506518285822,1.61342396250528
MAR,2020,51.497,50.27424319315006,0.518241417998753,49.25849001387251,51.289996372427616,2.031506358555112,1.8193544111313145
MAR,2021,52.207,50.90802734848915,0.5182413995932386,49.8922742052864,51.9237804916919,2.031506286405495,1.9327568068499372
MAR,2022,50.746,50.85489579952999,0.5182413912795536,49.83914267262207,51.87064892643792,2.03150625381585,-0.162027348489147
MAR,2023,50.336,50.68474096187476,0.5182413875243007,49.66898784232713,51.70049408142239,2.031506239095259,-0.518895799529993
MAR,2024,51.75,51.03405767954835,0.5182413858280704,50.01830456332533,52.04981079577136,2.031506232446036,1.065259038125241
MDA,2000,49.143,49.143,0.6272257443708644,47.913637541033104,50.3723624589669,2.4587249179337887,0.0
MDA,2001,47.093,47.64291447868619,0.5588051481899325,46.54765638823392,48.738172569138456,2.1905161809045355,-2.049999999999997
MDA,2002,46.033,46.4880750348127,0.5532720366834194,45.4036618429132,47.5724882267122,2.168826383799004,-1.6099144786861856
MDA,2003,47.631,47.30660683725381,0.5528257180483925,46.22306842987896,48.390145244628656,2.1670768147496986,1.142924965187298
MDA,2004,44.706,45.44436532930334,0.5527897360732756,44.36089744659972,46.52783321200696,2.1669357654072403,-2.6006068372538067
MDA,2005,45.589,45.54793417972902,0.5527868353589533,44.46447198242547,46.631396377032566,2.166924394607097,0.1446346706966608
MDA,2006,46.528,46.24973136280034,0.5527866015165321,45.16626962382794,47.33319310177274,2.166923477944806,0.9800658202709798
MDA,2007,48.164,47.620484446740136,0.5527865826652233,46.537022744716296,48.703946148763976,2.1669234040476755,1.9142686371996616
MDA,2008,46.556,46.85823754899717,0.5527865811455167,45.77477584995195,47.94169924804238,2.1669233980904257,-1.0644844467401384
MDA,2009,46.338,46.48571030461035,0.552786581023005,45.40224860580526,47.56917200341544,2.16692339761018,-0.5202375489971658
MDA,2010,48.069,47.6194588170071,0.5527865810131286,46.53599711822137,48.70292051579283,2.166923397571464,1.5832896953896525
MDA,2011,48.417,48.19055527043801,0.5527865810123324,47.10709357165384,49.27401696922218,2.166923397568343,0.7975411829929016
MDA,2012,48.155,48.165095157178754,0.5527865810122683,47.08163345839471,49.2485568559628,2.1669233975680915,-0.0355552704380102
MDA,2013,47.961,48.01894844662297,0.5527865810122631,46.93548674783894,49.102410145407006,2.166923397568071,-0.2040951571787559
MDA,2014,49.391,49.00143536111347,0.5527865810122627,47.91797366232944,50.08489705989751,2.1669233975680697,1.3720515533770268
MDA,2015,50.546,50.10745396701476,0.5527865810122626,49.02399226823072,51.19091566579879,2.1669233975680693,1.544564638886527
MDA,2016,50.4,50.3169378224768,0.5527865810122626,49.23347612369277,51.40039952126084,2.1669233975680693,0.2925460329852427
MDA,2017,50.171,50.2124359176032,0.5527865810122626,49.12897421881916,51.29589761638723,2.1669233975680693,-0.1459378224768031
MDA,2018,48.855,49.24041484228572,0.5527865810122626,48.15695314350169,50.32387654106976,2.1669233975680693,-1.3574359176031976
MDA,2019,48.782,48.91215707176288,0.5527865810122626,47.82869537297884,49.99561877054691,2.1669233975680693,-0.4584148422857268
MDA,2020,52.259,51.308735665150806,0.5527865810122626,50.22527396636677,52.39219736393484,2.1669233975680693,3.3468429282371237
MDA,2021,52.337,52.04504637529874,0.5527865810122626,50.961584676514704,53.12850807408277,2.1669233975680693,1.028264334849197
MDA,2022,52.316,52.23906852413676,0.5527865810122626,51.15560682535273,53.3225302229208,2.1669233975680693,0.2709536247012636
MDA,2023,50.026,50.65435338680571,0.5527865810122626,49.57089168802168,51.73781508558975,2.1669233975680693,-2.2130685241367587
MDA,2024,46.449,47.643019983789216,0.5527865810122626,46.55955828500518,48.72648168257325,2.1669233975680693,-4.205353386805712
MDG,2000,37.631,37.631,0.5412230498630177,36.570202822268485,38.69179717773152,2.1215943554630297,0.0
MDG,2001,37.745,37.71948336183098,0.4954653479821926,36.748371279785886,38.69059544387608,1.9422241640901952,0.1139999999999972
MDG,2002,36.6,36.859278310531614,0.4929774759462328,35.893042457677,37.82551416338623,1.9324717057092329,-1.11948336183098
MDG,2003,37.827,37.60246616741731,0.4928434276100417,36.63649304930163,38.568439285533,1.9319462362313635,0.9677216894683838
MDG,2004,36.095,36.44480095646848,0.4928362094185509,35.47884198600812,37.41075992692885,1.93191794092072,-1.5074661674173129
MDG,2005,37.276,37.0831228764778,0.4928358207486985,36.11716466781034,38.04908108514525,1.9319164173348984,0.8311990435315195
MDG,2006,36.162,36.37574372618037,0.4928357998204671,35.40978555853225,37.341701893828485,1.931916335296231,-0.9211228764777956
MDG,2007,36.758,36.66929860776988,0.4928357986935702,35.70334044233048,37.63525677320927,1.9319163308787952,0.3822562738196353
MDG,2008,37.367,37.2051005384588,0.4928357986328916,36.23914237313833,38.17105870377926,1.931916330640935,0.6977013922301225
MDG,2009,34.689,35.2728533890205,0.4928357986296243,34.306895223706434,36.23881155433456,1.9319163306281275,-2.516100538458794
MDG,2010,34.957,35.030292807181155,0.4928357986294484,34.06433464186743,35.99625097249488,1.9319163306274376,-0.3158533890204964
MDG,2011,33.311,33.7099566064036,0.4928357986294389,32.7439984410899,34.6759147717173,1.9319163306274003,-1.719292807181155
MDG,2012,33.299,33.39436121618442,0.4928357986294384,32.42840305087072,34.36031938149812,1.9319163306273983,-0.4109566064036016
MDG,2013,34.067,33.91091623962733,0.4928357986294383,32.94495807431363,34.876874404941034,1.9319163306273983,0.6726387838155787
MDG,2014,35.05,34.785679117861946,0.4928357986294383,33.819720952548245,35.75163728317565,1.9319163306273983,1.1390837603726638
MDG,2015,36.334,35.97471690279774,0.4928357986294383,35.00875873748404,36.94067506811144,1.9319163306273983,1.5483208821380572
MDG,2016,35.464,35.58251028604441,0.4928357986294383,34.61655212073071,36.54846845135811,1.9319163306273983,-0.5107169027977392
MDG,2017,33.436,33.934091108014776,0.4928357986294383,32.968132942701075,34.90004927332848,1.9319163306273983,-2.1465102860444105
MDG,2018,33.595,33.673685048381614,0.4928357986294383,32.70772688306791,34.639643213695315,1.9319163306273983,-0.3390911080147774
MDG,2019,35.061,34.73907783363085,0.4928357986294383,33.77311966831715,35.70503599894455,1.9319163306273983,1.3873149516183858
MDG,2020,34.449,34.51631166885297,0.4928357986294383,33.55035350353927,35.48226983416667,1.9319163306273983,-0.2900778336308534
MDG,2021,34.079,34.180476827342936,0.4928357986294383,33.214518662029235,35.14643499265664,1.9319163306273983,-0.4373116688529705
MDG,2022,34.916,34.74532411066409,0.4928357986294383,33.77936594535039,35.711282275977794,1.9319163306273983,0.7355231726570608
MDG,2023,35.968,35.684281821512,0.4928357986294383,34.7183236561983,36.6502399868257,1.9319163306273983,1.2226758893359104
MDG,2024,30.053,31.35972162172083,0.4928357986294383,30.39376345640713,32.32567978703453,1.9319163306273983,-5.631281821512001
MEX,2000,57.993,57.993,0.2856154550557278,57.433193708090776,58.55280629190923,1.1196125838184527,0.0
MEX,2001,56.99,57.32072615839498,0.2441242369539587,56.84224265396522,57.79920966282474,0.9569670088595182,-1.003
MEX,2002,58.612,58.14843414792333,0.2387358586284721,57.680511865011525,58.61635643083514,0.9358445658236108,1.291273841605019
MEX,2003,59.902,59.26578843678958,0.2380250522476929,58.7992593343841,59.73231753919506,0.9330582048109562,1.7535658520766688
MEX,2004,60.2,59.86058919106883,0.2379311999668988,59.39424403913371,60.32693434300396,0.9326903038702432,0.9342115632104252
MEX,2005,60.339,60.16515560647508,0.2379188068106857,59.69883474512613,60.63147646782402,0.932641722697888,0.4784108089311658
MEX,2006,60.391,60.30893093474968,0.2379171702782866,59.84261328100423,60.77524858849512,0.9326353074908836,0.2258443935249232
MEX,2007,60.518,60.44202664021549,0.2379169541716886,59.97570941003898,60.908343870392,0.9326344603530192,0.2090690652503255
MEX,2008,60.322,60.36561635683493,0.2379169256344765,59.89929918259136,60.8319335310785,0.932634348487148,-0.1200266402154852
MEX,2009,60.595,60.51164451017164,0.2379169218660932,60.04532734331409,60.97796167702918,0.9326343337150854,0.2293836431650717
MEX,2010,60.885,60.74932672559645,0.2379169213684723,60.28300955971425,61.215643891478656,0.9326343317644116,0.3733554898283628
MEX,2011,60.861,60.82041916155211,0.2379169213027606,60.3541019957987,61.28673632730552,0.9326343315068218,0.1116732744035431
MEX,2012,59.983,60.28730890375481,0.2379169212940833,59.82099173801841,60.75362606949122,0.9326343314728068,-0.8374191615521127
MEX,2013,60.567,60.46536333487755,0.2379169212929375,59.99904616914339,60.93168050061171,0.9326343314683152,0.2796910962451875
MEX,2014,60.307,60.36454749239693,0.2379169212927862,59.89823032666307,60.83086465813079,0.9326343314677218,-0.1583633348775492
MEX,2015,60.614,60.52335170507878,0.2379169212927662,60.05703453934496,60.9896688708126,0.9326343314676436,0.2494525076030669
MEX,2016,60.778,60.68546361317027,0.2379169212927636,60.21914644743645,61.15178077890409,0.9326343314676332,0.2546482949212176
MEX,2017,60.702,60.695990859083054,0.2379169212927632,60.22967369334924,61.16230802481687,0.932634331467632,0.0165363868297276
MEX,2018,60.876,60.81058665999734,0.2379169212927631,60.34426949426353,61.276903825731154,0.9326343314676316,0.1800091409169439
MEX,2019,60.851,60.83631423717279,0.2379169212927631,60.36999707143897,61.3026314029066,0.9326343314676316,0.040413340002658
MEX,2020,60.797,60.811286360959386,0.2379169212927631,60.34496919522557,61.2776035266932,0.9326343314676316,-0.039314237172789
MEX,2021,60.711,60.74744295947222,0.2379169212927631,60.2811257937384,61.21376012520603,0.9326343314676316,-0.1002863609593873
MEX,2022,59.869,60.18821650027432,0.2379169212927631,59.72189933454051,60.654533666008135,0.9326343314676316,-0.878442959472217
MEX,2023,60.559,60.42426135833224,0.2379169212927631,59.957944192598426,60.89057852406605,0.9326343314676316,0.3707834997256753
MEX,2024,60.923,60.741763868469725,0.2379169212927631,60.27544670273591,61.20808103420354,0.9326343314676316,0.4987386416677637
MKD,2002,42.664,42.664,1.5853429393032952,39.55672783896554,45.77127216103446,6.214544322068917,0.0
MKD,2003,42.838,42.76375140911564,1.2565718601148177,40.300870563290594,45.22663225494068,4.925761691650085,0.1739999999999995
MKD,2004,42.773,42.76838549766382,1.1747536795022713,40.46586828583937,45.07090270948827,4.605034423648903,0.0092485908843684
MKD,2005,42.456,42.61768859212568,1.1526810929349849,40.3584336499731,44.87694353427825,4.51850988430514,-0.3123854976638185
MKD,2006,42.447,42.53620847790501,1.1466371296855289,40.28879970372138,44.783617252088646,4.494817548367272,-0.1706885921256713
MKD,2007,43.111,42.80979737383888,1.1449762828854784,40.565643859383336,45.053950888294416,4.488307028911075,0.5747915220949835
MKD,2008,44.233,43.48667200098385,1.1445194656442492,41.243413848321126,45.72993015364658,4.486516305325457,1.423202626161121
MKD,2009,44.501,43.968980069082825,1.1443937858440143,41.72596824882856,46.21199188933709,4.486023640508536,1.014327999016146
MKD,2010,47.548,45.67068392937717,1.1443592063479515,43.42773988493519,47.91362797381915,4.4858880888839705,3.579019930917177
MKD,2011,48.13,46.83998673915463,1.1443496919757976,44.59706134288207,49.08291213542719,4.485850792545127,2.459316070622833
MKD,2012,49.933,48.31057955665762,1.1443470741310195,46.067659291360826,50.55349982195442,4.485840530593596,3.0930132608453675
MKD,2013,50.223,49.219850869262686,1.1443463538395406,46.976932015737184,51.46276972278819,4.485837707050999,1.912420443342377
MKD,2014,49.78,49.48617690688448,1.1443461556536034,47.24325844180341,51.729095371965535,4.485836930162125,0.5601491307373152
MKD,2015,50.113,49.78420342448276,1.1443461011233595,47.54128506628098,52.02712178268455,4.485836716403569,0.6268230931155259
MKD,2016,50.314,50.03609813932447,1.1443460861195325,47.79317981053019,52.27901646811876,4.485836657588567,0.5297965755172385
MKD,2017,56.639,53.17548436072183,1.1443460819912756,50.93256604001893,55.41840268142473,4.4858366414058,6.60290186067553
MKD,2018,56.225,54.62539344053067,1.1443460808553985,52.38247512205409,56.868311759007256,4.485836636953162,3.049515639278169
MKD,2019,57.133,55.81764884999545,1.1443460805428656,53.57473053213143,58.06056716785947,4.485836635728033,2.5076065594693304
MKD,2020,55.387,55.61289447217218,1.144346080456873,53.36997615447671,57.85581278986765,4.485836635390943,-0.4306488499954497
MKD,2021,55.035,55.338131348821264,1.1443460804332126,53.095213031172165,57.58104966647036,4.4858366352981935,-0.5778944721721828
MKD,2022,55.282,55.31144338854041,1.1443460804267025,53.06852507090407,57.55436170617675,4.4858366352726735,-0.0561313488212675
MKD,2023,56.084,55.678759702761376,1.144346080424911,53.43584138512855,57.92167802039421,4.485836635265652,0.7725566114595921
MKD,2024,50.622,53.2744953312371,1.1443460804244183,51.03157701360524,55.51741364886896,4.48583663526372,-5.056759702761376
MLI,2000,31.263,31.263,0.7183117848003397,29.855108901791336,32.67089109820867,2.815782196417332,0.0
MLI,2001,32.173,31.93652273060824,0.6433595895930656,30.67553793500583,33.19750752621065,2.521969591204817,0.91
MLI,2002,32.402,32.275016486275305,0.6377117778528643,31.02510140168369,33.52493157086692,2.499830169183228,0.4654772693917621
MLI,2003,32.303,32.29533897931604,0.6372879624934756,31.04625457282883,33.544423385803256,2.4981688129744244,0.0279835137246919
MLI,2004,32.177,32.20940612535622,0.6372561779787279,30.96038401651791,33.45842823419452,2.4980442176766133,-0.1183389793160429
MLI,2005,32.866,32.686193771964696,0.6372537943730001,31.437176334993616,33.935211208935776,2.4980348739421605,0.6565938746437823
MLI,2006,31.715,31.980958845107647,0.6372536156206554,30.731941758491164,33.229975931724134,2.498034173232969,-0.971193771964696
MLI,2007,31.944,31.95412108308524,0.6372536022155892,30.70510402274268,33.20313814342779,2.49803412068511,-0.0369588451076481
MLI,2008,32.439,32.30621717545187,0.6372536012103114,31.05720011707966,33.55523423382408,2.4980341167444204,0.4848789169147629
MLI,2009,32.464,32.42079158571147,0.6372536011349231,31.17177452748702,33.66980864393592,2.4980341164488986,0.1577828245481285
MLI,2010,33.269,33.03672034171475,0.6372536011292695,31.78770328350138,34.28573739992812,2.4980341164267363,0.8482084142885284
MLI,2011,32.767,32.840862210927085,0.6372536011288457,31.591845152714548,34.08987926913962,2.498034116425075,-0.2697203417147449
MLI,2012,25.629,27.603949625282738,0.6372536011288139,26.35493256707026,28.85296668349521,2.4980341164249507,-7.211862210927084
MLI,2013,27.35,27.419543441433607,0.6372536011288116,26.170526383221137,28.66856049964608,2.4980341164249413,-0.2539496252827362
MLI,2014,27.117,27.1998507310339,0.6372536011288114,25.95083367282143,28.44886778924637,2.4980341164249404,-0.3025434414336061
MLI,2015,28.688,28.28047421052272,0.6372536011288112,27.03145715231025,29.529491268735185,2.49803411642494,1.4881492689660971
MLI,2016,30.338,29.774551937891857,0.6372536011288112,28.525534879679388,31.023568996104327,2.49803411642494,2.0575257894772854
MLI,2017,31.244,30.84159548716337,0.6372536011288112,29.592578428950905,32.09061254537585,2.49803411642494,1.4694480621081425
MLI,2018,32.413,31.98267497949529,0.6372536011288112,30.733657921282816,33.23169203770776,2.49803411642494,1.5714045128366223
MLI,2019,30.454,30.872623649431212,0.6372536011288112,29.623606591218746,32.121640707643685,2.49803411642494,-1.5286749794952854
MLI,2020,28.647,29.25648122189645,0.6372536011288112,28.00746416368398,30.50549828010892,2.49803411642494,-2.225623649431217
MLI,2021,27.917,28.28381343318644,0.6372536011288112,27.03479637497397,29.53283049139891,2.49803411642494,-1.339481221896449
MLI,2022,29.128,28.896821714137705,0.6372536011288112,27.647804655925235,30.14583877235017,2.49803411642494,0.8441865668135584
MLI,2023,28.704,28.756803722664813,0.6372536011288112,27.507786664452343,30.005820780877283,2.49803411642494,-0.192821714137704
MLI,2024,25.069,26.078895414967597,0.6372536011288112,24.829878356755124,27.327912473180064,2.49803411642494,-3.687803722664814
MMR,2000,22.387,22.387,1.559655867569673,19.33007449956344,25.44392550043656,6.113851000873118,0.0
MMR,2001,20.961,21.59617371088899,1.216377169554773,19.212074458561634,23.980272963216347,4.76819850465471,-1.426000000000002
MMR,2002,18.611,20.192241199754083,1.1201489739335388,17.996749210844346,22.38773318866382,4.390983977819472,-2.98517371088899
MMR,2003,18.652,19.505985124913124,1.090275384189631,17.369045371901446,21.6429248779248,4.273879506023354,-1.5402411997540817
MMR,2004,19.076,19.31772195876927,1.0807952746556844,17.199363220444127,21.43608069709441,4.236717476650282,-0.4299851249131237
MMR,2005,19.756,19.50854288007461,1.077768812265844,17.39611600803356,21.62096975211567,4.224853744082108,0.4382780412307312
MMR,2006,18.424,19.037193879687624,1.0768008888282288,16.926664137584297,21.147723621790952,4.221059484206656,-1.0845428800746149
MMR,2007,19.176,19.097485172571687,1.076491152056238,16.98756251454146,21.20740783060192,4.219845316060454,0.138806120312374
MMR,2008,20.016,19.49637426496309,1.0763920180207525,17.386645909642418,21.60610262028377,4.219456710641349,0.9185148274283108
MMR,2009,19.065,19.309049750172186,1.0763602874560825,17.199383586758263,21.41871591358611,4.219332326827844,-0.4313742649630931
MMR,2010,18.313,18.87652275413865,1.076350131032337,16.766876497315273,20.98616901096203,4.21929251364676,-0.9960497501721868
MMR,2011,20.756,19.69266646237126,1.0763468801115863,17.583026577352552,21.80230634738997,4.219279770037418,1.879477245861349
MMR,2012,21.858,20.632938514016303,1.0763458395380618,18.523300668521703,22.742576359510903,4.219275690989202,2.16533353762874
MMR,2013,21.916,21.19009337639437,1.0763455064650658,19.08045618372284,23.299730569065897,4.219274385343057,1.2830614859836975
MMR,2014,22.555,21.78278844182445,1.0763453998530492,19.67315145811248,23.89242542553643,4.219273967423953,1.3649066236056306
MMR,2015,25.611,23.4451453509634,1.0763453657280286,21.335508434136464,25.554782267790337,4.219273833653872,3.828211558175546
MMR,2016,27.032,25.002695762238247,1.076345354805085,22.89305886682028,27.11233265765621,4.219273790835933,3.5868546490366
MMR,2017,30.783,27.51272643402704,1.0763453513088028,25.40308954546179,29.62236332259229,4.219273777130507,5.780304237761754
MMR,2018,33.166,29.967595491679297,1.0763453501896916,27.857958605307505,32.07723237805109,4.219273772743591,5.653273565972956
MMR,2019,32.875,31.230102475909444,1.07634534983148,29.120465590239743,33.33973936157914,4.2192737713394015,2.9074045083207025
MMR,2020,32.959,31.980856350188272,1.0763453497168212,29.8712194647433,34.09049323563324,4.219273770889939,1.7288975240905593
MMR,2021,31.008,31.55840466418971,1.0763453496801203,29.448767778816677,33.668041549562744,4.219273770746073,-0.9728563501882732
MMR,2022,27.691,29.87902864893956,1.076345349668373,27.769391763589542,31.988665534289566,4.219273770700022,-3.86740466418971
MMR,2023,27.157,28.697019000932187,1.076345349664613,26.587382115589545,30.80665588627483,4.219273770685283,-2.722028648939556
MMR,2024,29.765,29.16077747212817,1.0763453496634094,27.051140586787888,31.270414357468454,4.219273770680565,1.0679809990678135
MNE,2002,23.639,23.639,2.534991338919083,18.670416975718595,28.607583024281404,9.937166048562805,0.0
MNE,2003,24.798,24.28722034431664,1.9852292899836157,20.396170935948756,28.17826975268453,7.782098816735773,1.158999999999999
MNE,2004,28.261,26.187460473813104,1.8356649481603668,22.589557175418783,29.785363772207425,7.195806596788638,3.973779655683359
MNE,2005,30.732,28.25585058459688,1.7908629319572518,24.745759237960662,31.76594193123309,7.020182693272427,4.544539526186895
MNE,2006,42.143,34.48014382004832,1.777172284863771,30.99688614171533,37.96340149838131,6.966515356665982,13.887149415403124
MNE,2007,46.427,39.8094744139465,1.772966691164464,36.33445969926415,43.284489128628856,6.950029429364699,11.94685617995168
MNE,2008,46.386,42.73889296112428,1.7716728094236,39.26641425465402,46.21137166759453,6.9449574129405125,6.576525586053499
MNE,2009,44.722,43.62184232049394,1.771274553053473,40.15014419650913,47.09354044447875,6.943396247969615,1.9831070388757224
MNE,2010,45.552,44.48109779243125,1.7711519525127055,41.009639965506345,47.95255561935616,6.942915653849806,1.93015767950606
MNE,2011,47.13,45.660269180664514,1.771114209119223,42.18888533079084,49.13165303053819,6.942767699747353,2.648902207568753
MNE,2012,46.557,46.0594479225666,1.7711025894083856,42.58808684732616,49.53080899780704,6.942722150480871,0.8967308193354881
MNE,2013,47.346,46.63215285697802,1.7710990121403094,43.16079879318301,50.10350692077302,6.942708127590013,1.2865520774333987
MNE,2014,48.288,47.36924750453521,1.7710979108338043,43.89789559930095,50.84059940976947,6.9427038104685135,1.6558471430219797
MNE,2015,48.571,47.90420328030192,1.771097571782756,44.43285203960772,51.375554520996126,6.942702481388404,1.2017524954647882
MNE,2016,48.72,48.26735219595634,1.7710974674016169,44.79600115984917,51.73870323206352,6.942702072214338,0.8157967196980778
MNE,2017,50.356,49.19710606647796,1.7710974352665665,45.72575509335549,52.668457039600426,6.942701946244941,2.08864780404366
MNE,2018,48.977,49.09912666346385,1.7710974253733855,45.62777570973201,52.570477617195685,6.942701907463671,-0.2201060664779603
MNE,2019,48.796,48.96419094861989,1.771097422327645,45.4928400008577,52.43554189638207,6.942701895524368,-0.3031266634638498
MNE,2020,51.486,50.08676493402654,1.771097421389975,46.61541398810219,53.55811587995089,6.942701891848702,2.52180905138011
MNE,2021,52.133,50.99763891597326,1.7710974211013015,47.52628797061471,54.46898986133181,6.942701890717102,2.0462350659734625
MNE,2022,50.739,50.882506757809786,1.7710974210124304,47.411155812625424,54.35385770299415,6.942701890368727,-0.2586389159732647
MNE,2023,50.825,50.85690783697258,1.77109742098507,47.38555689184184,54.32825878210332,6.942701890261475,-0.0575067578097829
MNE,2024,46.548,48.93881342835929,1.7710974209766468,45.467462483245065,52.41016437347351,6.942701890228455,-4.30890783697258
MNG,2000,44.013,44.013,0.6135977488124238,42.81034841232765,45.21565158767235,2.4053031753447014,0.0
MNG,2001,43.333,43.49815780900916,0.5553704443226626,42.40963173813674,44.586683879881576,2.1770521417448374,-0.6799999999999997
MNG,2002,44.434,44.197089472812415,0.5515897696584822,43.11597352428179,45.27820542134304,2.16223189706125,0.93584219099084
MNG,2003,44.946,44.75591729875477,0.5513459630294815,43.67527921121699,45.83655538629256,2.161276175075568,0.7489105271875829
MNG,2004,45.021,44.95370747675113,0.5513302505111985,43.87310018574918,46.034314767753074,2.161214582003898,0.2650827012452268
MNG,2005,44.913,44.92333390103465,0.5513292379345129,43.84272859468301,46.003939207386296,2.161210612703291,-0.0407074767511304
MNG,2006,44.315,44.46943027190366,0.5513291726802514,43.38882509345037,45.55003545035695,2.1612103569065853,-0.6083339010346549
MNG,2007,44.562,44.53850045658046,0.5513291684750213,43.45789528636941,45.6191056267915,2.1612103404220835,0.0925697280963362
MNG,2008,45.068,44.93358243387927,0.5513291682040204,43.8529772641994,46.01418760355915,2.16121033935976,0.52949954341954
MNG,2009,44.879,44.8928561742074,0.5513291681865561,43.81225100456175,45.97346134385305,2.1612103392913,-0.0545824338792755
MNG,2010,43.805,44.08116072775248,0.5513291681854307,43.00055555810904,45.16176589739592,2.161210339286888,-1.0878561742074029
MNG,2011,44.164,44.14297060819916,0.5513291681853582,43.06236543855586,45.223575777842456,2.161210339286604,0.0828392722475186
MNG,2012,45.089,44.84884310103721,0.5513291681853535,43.76823793139392,45.9294482706805,2.1612103392865856,0.9460293918008418
MNG,2013,46.114,45.79283010803934,0.5513291681853532,44.71222493839605,46.87343527768263,2.161210339286584,1.2651568989627862
MNG,2014,46.214,46.10708275613168,0.5513291681853532,45.02647758648839,47.18768792577497,2.161210339286584,0.421169891960659
MNG,2015,46.469,46.37712450044166,0.5513291681853532,45.29651933079837,47.45772967008495,2.161210339286584,0.3619172438683193
MNG,2016,46.127,46.190496044521765,0.5513291681853532,45.10989087487848,47.27110121416506,2.161210339286584,-0.2501245004416574
MNG,2017,47.115,46.88030750000924,0.5513291681853532,45.799702330365946,47.96091266965253,2.161210339286584,0.9245039554782366
MNG,2018,46.836,46.8472478025474,0.5513291681853532,45.76664263290411,47.92785297219069,2.161210339286584,-0.0443075000092392
MNG,2019,47.308,47.19103448086336,0.5513291681853532,46.11042931122007,48.27163965050665,2.161210339286584,0.4607521974525994
MNG,2020,47.183,47.18503961528642,0.5513291681853532,46.10443444564313,48.26564478492971,2.161210339286584,-0.0080344808633583
MNG,2021,48.651,48.27885458565412,0.5513291681853532,47.198249416010825,49.35945975529741,2.161210339286584,1.4659603847135827
MNG,2022,50.516,49.94808328420388,0.5513291681853532,48.86747811456059,51.02868845384717,2.161210339286584,2.237145414345882
MNG,2023,51.79,51.322415154912605,0.5513291681853532,50.24180998526931,52.4030203245559,2.161210339286584,1.841916715796117
MNG,2024,44.248,46.043895159604965,0.5513291681853532,44.96328998996167,47.12450032924826,2.161210339286584,-7.074415154912607
MOZ,2000,25.27,25.27,0.5088757973543742,24.272603437185428,26.26739656281457,1.994793125629147,0.0
MOZ,2001,29.514,28.435240421473505,0.4573968888494185,27.538742519328643,29.331738323618367,1.7929958042897207,4.244
MOZ,2002,31.153,30.429580066227487,0.4537029321665553,29.54032231918104,31.31883781327393,1.7785154940928969,2.7177595785264934
MOZ,2003,30.981,30.833751430074223,0.4534392198144176,29.945010559237968,31.722492300910485,1.7774817416725168,0.5514199337725145
MOZ,2004,31.336,31.201851368803176,0.453420404914431,30.31314737517089,32.09055536243546,1.7774079872645694,0.5022485699257722
MOZ,2005,31.244,31.23274208234437,0.4534190626017383,30.34404071964496,32.121443445043774,1.777402725398814,0.0421486311968237
MOZ,2006,30.205,30.479510673686413,0.4534189668373422,29.59080949868522,31.368211848687604,1.7774023500023814,-1.0277420823443713
MOZ,2007,31.42,31.168794581495792,0.45341896000524,30.28009341988552,32.05749574310606,1.777402323220541,0.940489326313589
MOZ,2008,31.85,31.668049510542623,0.4534189595178186,30.779348349887695,32.55675067119755,1.777402321309849,0.6812054185042093
MOZ,2009,31.427,31.491384509068435,0.4534189594830445,30.60268334848167,32.3800856696552,1.7774023211735346,-0.2410495105426235
MOZ,2010,31.2,31.27782902576673,0.4534189594805638,30.38912786518483,32.16653018634864,1.77740232116381,-0.2913845090684361
MOZ,2011,31.911,31.74187954735136,0.4534189594803867,30.8531783867698,32.630580707932914,1.7774023211631158,0.6331709742332663
MOZ,2012,32.516,32.309231833605345,0.4534189594803741,31.42053067302381,33.19793299418688,1.7774023211630663,0.7741204526486385
MOZ,2013,32.078,32.13976220003369,0.4534189594803732,31.251061039452157,33.02846336061522,1.7774023211630632,-0.2312318336053422
MOZ,2014,31.28,31.509643142779865,0.4534189594803732,30.62094198219833,32.3983443033614,1.777402321163063,-0.8597622000336855
MOZ,2015,31.965,31.84337383432966,0.4534189594803732,30.954672673748128,32.732074994911194,1.777402321163063,0.4553568572201349
MOZ,2016,31.286,31.43487497846929,0.4534189594803732,30.54617381788776,32.32357613905082,1.777402321163063,-0.5573738343296597
MOZ,2017,32.439,32.17079743692015,0.4534189594803732,31.282096276338613,33.05949859750168,1.777402321163063,1.004125021530708
MOZ,2018,31.431,31.62860046257927,0.4534189594803732,30.73989930199774,32.517301623160805,1.777402321163063,-0.7397974369201457
MOZ,2019,29.254,29.88825760408152,0.4534189594803732,28.999556443499984,30.77695876466305,1.777402321163063,-2.37460046257927
MOZ,2020,30.066,30.01852486978104,0.4534189594803732,29.129823709199503,30.90722603036257,1.777402321163063,0.1777423959184823
MOZ,2021,29.071,29.32408461915408,0.4534189594803732,28.435383458572545,30.21278577973561,1.777402321163063,-0.9475248697810345
MOZ,2022,29.368,29.356270168107603,0.4534189594803732,28.46756900752607,30.244971328689136,1.777402321163063,0.0439153808459202
MOZ,2023,29.869,29.73204946880876,0.4534189594803732,28.843348308227228,30.62075062939029,1.777402321163063,0.512729831892397
MOZ,2024,26.757,27.551637993989544,0.4534189594803732,26.66293683340801,28.44033915457108,1.777402321163063,-2.975049468808759
MRT,2000,23.394,23.394,0.6410625628651703,22.137517376784263,24.650482623215733,2.512965246431468,0.0
MRT,2001,24.594,24.24852423999379,0.5638948983049447,23.1432902393161,25.35375824067148,2.210468001355383,1.2000000000000028
MRT,2002,25.732,25.277675768051708,0.5565779918909259,24.18678290394549,26.368568632157924,2.1817857282124296,1.4834757600062076
MRT,2003,24.674,24.859925124142016,0.5558828653062574,23.77039470814175,25.94945554014228,2.179060832000529,-0.6036757680517084
MRT,2004,25.128,25.04539199149173,0.5558168474345583,23.955990970519995,26.134793012463465,2.1788020419434684,0.2680748758579838
MRT,2005,26.97,26.37689672219836,0.5558105777768034,25.287507989755824,27.46628545464089,2.1787774648850693,1.9246080085082689
MRT,2006,26.173,26.235834819043408,0.5558099823550785,25.146447253627453,27.32522238445936,2.178775130831908,-0.2038967221983583
MRT,2007,27.01,26.77142553567772,0.5558099258086242,25.68203808109282,27.860812990262623,2.1787749091698068,0.7741651809565937
MRT,2008,23.325,24.38708491662466,0.5558099204384784,23.29769747256524,25.47647236068408,2.178774888118836,-3.4464255356777223
MRT,2009,23.161,23.53884257583179,0.5558099199284824,22.449455132771966,24.62823001889161,2.1787748861196508,-1.2260849166246572
MRT,2010,21.463,22.10271238496246,0.5558099198800488,21.013324941997563,23.192099827927358,2.178774885929791,-2.075842575831789
MRT,2011,22.517,22.38932898998628,0.5558099198754491,21.2999415470304,23.478716432942164,2.1787748859117606,0.4142876150375407
MRT,2012,23.118,22.89344546242816,0.5558099198750123,21.80405801947313,23.982832905383184,2.178774885910048,0.7286710100137164
MRT,2013,23.258,23.14565523195077,0.5558099198749707,22.056267788995825,24.235042674905717,2.178774885909885,0.3645545375718413
MRT,2014,22.968,23.022748010981232,0.5558099198749669,21.9333605680263,24.112135453936165,2.17877488590987,-0.1776552319507693
MRT,2015,24.722,24.198341532229893,0.5558099198749664,23.10895408927496,25.287728975184827,2.1787748859098683,1.6992519890187694
MRT,2016,26.181,25.570004160622787,0.5558099198749664,24.480616717667854,26.65939160357772,2.1787748859098683,1.982658467770108
MRT,2017,25.624,25.60736010274111,0.5558099198749664,24.517972659786174,26.696747545696045,2.1787748859098683,0.0539958393772117
MRT,2018,27.48,26.902908582352158,0.5558099198749664,25.81352113939722,27.992296025307088,2.1787748859098683,1.872639897258889
MRT,2019,29.455,28.668522014385616,0.5558099198749664,27.57913457143068,29.75790945734055,2.1787748859098683,2.552091417647844
MRT,2020,28.488,28.543631467294343,0.5558099198749664,27.45424402433941,29.63301891024928,2.1787748859098683,-0.1805220143856161
MRT,2021,27.832,28.05130346186944,0.5558099198749664,26.961916018914508,29.14069090482437,2.1787748859098683,-0.7116314672943425
MRT,2022,27.899,27.94593535625913,0.5558099198749664,26.8565479133042,29.035322799214065,2.1787748859098683,-0.1523034618694403
MRT,2023,28.027,28.0020183095821,0.5558099198749664,26.912630866627165,29.09140575253703,2.1787748859098683,0.0810646437408699
MRT,2024,24.231,25.393114673215177,0.5558099198749664,24.303727230260243,26.48250211617011,2.1787748859098683,-3.7710183095820966
MUS,2000,50.33,50.33,0.6790470195704412,48.99906784164193,51.66093215835807,2.6618643167161293,0.0
MUS,2001,50.259,50.27794951641004,0.6054963042572465,49.09117676006584,51.46472227275424,2.3735455126884064,-0.0709999999999979
MUS,2002,50.266,50.26935860866815,0.5996152217264834,49.094112774084245,51.44460444325205,2.350491669167815,-0.0119495164100413
MUS,2003,49.698,49.8592319867742,0.5991462969006667,48.68490524484889,51.033558728699504,2.348653483850613,-0.5713586086681488
MUS,2004,50.844,50.56601962248687,0.5991089280857961,49.39176612343871,51.74027312153503,2.3485069980963207,0.9847680132258034
MUS,2005,50.909,50.81218103013479,0.5991059502870797,49.63793336757211,51.986428692697466,2.348495325125352,0.342980377513129
MUS,2006,50.662,50.70439426762864,0.5991057129969108,49.5301470701547,51.87864146510259,2.3484943949478905,-0.1501810301347887
MUS,2007,49.651,49.9483603632057,0.5991056940881084,48.77411320279301,51.12260752361839,2.348494320825385,-1.05339426762864
MUS,2008,50.696,50.484950439907166,0.5991056925813338,49.31070328244776,51.65919759736658,2.3484943149188284,0.7476396367942968
MUS,2009,50.967,50.83092328242462,0.5991056924612643,49.65667612520054,52.0051704396487,2.348494314448156,0.4820495600928325
MUS,2010,52.329,51.906111194996114,0.5991056924516964,50.73186403779079,53.08035835220144,2.34849431441065,1.4980767175753795
MUS,2011,52.798,52.54623065700045,0.5991056924509339,51.37198349979662,53.72047781420428,2.348494314407661,0.8918888050038873
MUS,2012,54.178,53.71737139572883,0.5991056924508732,52.54312423852512,54.89161855293254,2.348494314407423,1.6317693429995472
MUS,2013,53.784,53.765191556808176,0.5991056924508684,52.59094439960448,54.93943871401188,2.348494314407404,0.0666286042711661
MUS,2014,53.599,53.64591385163144,0.599105692450868,52.47166669442773,54.820161008835136,2.3484943144074024,-0.1661915568081795
MUS,2015,53.78,53.7421491140031,0.599105692450868,52.5679019567994,54.9163962712068,2.3484943144074024,0.1340861483685671
MUS,2016,52.142,52.593702598882096,0.599105692450868,51.4194554416784,53.7679497560858,2.3484943144074024,-1.600149114003095
MUS,2017,53.225,53.046792435306806,0.599105692450868,51.872545278103104,54.22103959251051,2.3484943144074024,0.6312974011179051
MUS,2018,53.936,53.68498753847214,0.599105692450868,52.51074038126844,54.859234695675845,2.3484943144074024,0.8892075646931943
MUS,2019,53.96,53.882367332825424,0.599105692450868,52.70812017562172,55.056614490029126,2.3484943144074024,0.2750124615278579
MUS,2020,55.173,54.80867012295096,0.599105692450868,53.634422965747255,55.98291728015466,2.3484943144074024,1.2906326671745774
MUS,2021,55.846,55.55317441439636,0.599105692450868,54.37892725719266,56.72742157160006,2.3484943144074024,1.0373298770490391
MUS,2022,56.406,56.165257727896,0.599105692450868,54.991010570692296,57.3395048850997,2.3484943144074024,0.8528255856036395
MUS,2023,58.028,57.50217055198564,0.599105692450868,56.32792339478194,58.676417709189344,2.3484943144074024,1.8627422721040008
MUS,2024,50.566,52.52399643745908,0.599105692450868,51.349749280255374,53.69824359466278,2.3484943144074024,-6.93617055198564
MWI,2000,36.579,36.579,0.4249859502993272,35.74602753741332,37.41197246258668,1.6659449251733625,0.0
MWI,2001,35.78,35.94369326777097,0.3933161918973435,35.172793531652175,36.71459300388976,1.5417994722375867,-0.7989999999999995
MWI,2002,34.845,35.076407215516234,0.3918920342377408,34.30829882841026,35.84451560262221,1.536216774211944,-1.0986932677709689
MWI,2003,34.838,34.88827428453723,0.39182866061525,34.12029010973134,35.65625845934312,1.53596834961178,-0.2384072155162329
MWI,2004,33.595,33.86773478093858,0.3918258420921352,33.09975613043799,34.635713431439164,1.53595730100117,-1.2932742845372331
MWI,2005,33.55,33.61700630669149,0.3918257167422216,32.84902790187674,34.38498471150625,1.5359568096295086,-0.3177347809385793
MWI,2006,34.609,34.39980086690245,0.3918257111674639,33.631822473014225,35.16777926079068,1.5359567877764584,0.9919936933085084
MWI,2007,33.471,33.66687255282672,0.3918257109195344,32.89889415942443,34.434850946229005,1.535956786804575,-0.9288008669024564
MWI,2008,33.274,33.35685193588434,0.3918257109085081,32.58887354250367,34.124830329265016,1.535956786761352,-0.3928725528267165
MWI,2009,34.832,34.52090961725423,0.3918257109080177,33.75293122387452,35.28888801063395,1.5359567867594297,1.4751480641156576
MWI,2010,34.483,34.49099466685972,0.3918257109079959,33.72301627348005,35.25897306023939,1.535956786759344,-0.0379096172542361
MWI,2011,35.417,35.22171699043712,0.3918257109079949,34.45373859705745,35.989695383816795,1.5359567867593402,0.9260053331402816
MWI,2012,35.221,35.22115120436716,0.3918257109079949,34.45317281098749,35.98912959774683,1.5359567867593402,-0.0007169904371266
MWI,2013,34.249,34.45401459996477,0.3918257109079949,33.6860362065851,35.22199299334444,1.5359567867593402,-0.972151204367158
MWI,2014,34.778,34.70967550800301,0.3918257109079949,33.94169711462334,35.47765390138268,1.5359567867593402,0.3239854000352267
MWI,2015,37.224,36.69376023113201,0.3918257109079949,35.92578183775234,37.46173862451168,1.5359567867593402,2.514324491996988
MWI,2016,36.052,36.18733925223543,0.3918257109079949,35.41936085885576,36.955317645615104,1.5359567867593402,-0.641760231132011
MWI,2017,36.433,36.38119320317277,0.3918257109079949,35.6132148097931,37.14917159655244,1.5359567867593402,0.2456607477645676
MWI,2018,36.042,36.11353162856441,0.3918257109079949,35.34555323518474,36.88151002194408,1.5359567867593402,-0.3391932031727691
MWI,2019,35.455,35.5938761313958,0.3918257109079949,34.82589773801613,36.361854524775474,1.5359567867593402,-0.6585316285644112
MWI,2020,35.554,35.562409380237895,0.3918257109079949,34.794430986858224,36.330387773617566,1.5359567867593402,-0.0398761313958004
MWI,2021,37.675,37.22948090908678,0.3918257109079949,36.46150251570711,37.99745930246645,1.5359567867593402,2.112590619762102
MWI,2022,37.702,37.60235159966463,0.3918257109079949,36.83437320628496,38.3703299930443,1.5359567867593402,0.4725190909132166
MWI,2023,38.444,38.266506818558064,0.3918257109079949,37.49852842517839,39.034485211937735,1.5359567867593402,0.841648400335373
MWI,2024,33.642,34.61725098069307,0.3918257109079949,33.8492725873134,35.38522937407274,1.5359567867593402,-4.624506818558061
MYS,2000,49.416,49.416,1.3331682187830585,46.8029902911852,52.02900970881479,5.226019417629589,0.0
MYS,2001,46.089,47.64135300528834,1.020146143546003,45.64186656393817,49.6408394466385,3.998972882700332,-3.326999999999998
MYS,2002,47.07,47.39359629284151,0.919799693160981,45.59078889424598,49.19640369143704,3.605614797191045,-0.5713530052883371
MYS,2003,48.12,47.68394652120492,0.8830897899865273,45.953090532831325,49.41480250957851,3.461711976747187,0.7264037071584895
MYS,2004,49.381,48.34109853220839,0.8691964823512853,46.637473426799865,50.0447236376169,3.4072502108170384,1.697053478795084
MYS,2005,49.955,48.95843159926088,0.8638812847018418,47.26522428124527,50.651638917276486,3.3864146360312195,1.6139014677916137
MYS,2006,49.966,49.34201717338631,0.8618400403406231,47.65281069431869,51.03122365245393,3.3784129581352427,1.0075684007391246
MYS,2007,51.0,49.972068908777935,0.8610550055312892,48.28440109793661,51.65973671961926,3.3753356216826536,1.65798282661369
MYS,2008,51.833,50.6787471224888,0.860752928516984,48.99167138259551,52.36582286238209,3.374151479786577,1.860931091222064
MYS,2009,53.017,51.566445774206365,0.8606366668953236,49.87959790709153,53.2532936413212,3.3736957342296683,2.338252877511202
MYS,2010,53.146,52.1660483063405,0.8605919172477379,50.47928814853493,53.85280846414607,3.3735203156111324,1.579554225793636
MYS,2011,53.151,52.53992333960192,0.8605746923699097,50.8531969425569,54.22664973664694,3.373452794090046,0.9849516936595036
MYS,2012,53.6,52.94230864658703,0.8605680621521227,51.25559524476887,54.62902204840519,3.373426803636321,1.0600766603980816
MYS,2013,54.127,53.3919926970878,0.8605655100302705,51.70528429742847,55.07870109674713,3.3734167993186603,1.1846913534129726
MYS,2014,55.526,54.20201537016211,0.8605645276587228,52.51530889595101,55.88872184437321,3.3734129484221933,2.1340073029122024
MYS,2015,56.696,55.14867676084474,0.8605641495206238,53.46197102778432,56.83538249390516,3.373411466120845,2.4939846298378896
MYS,2016,57.295,55.96337330339757,0.860564003966267,54.27666785562369,57.650078751171456,3.3734108955477664,2.146323239155265
MYS,2017,59.993,57.492929732801386,0.860563947938924,55.806224394841095,59.17963507076168,3.373410675920582,4.029626696602428
MYS,2018,59.607,58.29538362017016,0.860563926372663,56.60867832447974,59.98208891586057,3.3734105913808388,2.1140702671986134
MYS,2019,59.83,58.87788973406944,0.8605639180712943,57.19118445464971,60.564595013489175,3.3734105588394736,1.534616379829842
MYS,2020,59.753,59.21006204967544,0.8605639148758994,57.52335677651868,60.89676732283221,3.3734105463135258,0.8751102659305587
MYS,2021,60.164,59.57215559300853,0.8605639136459157,57.885450322262535,61.25886086375453,3.3734105414919893,0.9539379503245584
MYS,2022,57.31,58.7134918475697,0.8605639131724656,57.02678657775167,60.40019711738773,3.373410539636065,-2.2621555930085293
MYS,2023,58.328,58.56716775096328,0.8605639129902234,56.88046248150244,60.25387302042412,3.3734105389216755,-0.3854918475696962
MYS,2024,59.413,58.88822678367946,0.860563912920074,57.20152151435611,60.5749320530028,3.3734105386466897,0.845832249036718
NAM,2000,41.929,41.929,0.8430258512552271,40.27666933153976,43.58133066846025,3.30466133692049,0.0
NAM,2001,43.166,42.82386056488676,0.7470523707049364,41.35963791830508,44.28808321146843,2.9284452931633504,1.2369999999999948
NAM,2002,42.989,42.94068073442819,0.7387401987921686,41.49274994479554,44.38861152406084,2.8958615792653006,0.1651394351132395
NAM,2003,43.375,43.24732152681997,0.7380208482309112,41.80080066428738,44.69384238935256,2.893041725065172,0.4343192655718084
NAM,2004,41.914,42.30612029103785,0.7379586234308886,40.85972138911331,43.75251919296239,2.892797803849083,-1.3333215268199652
NAM,2005,38.827,39.85022013055047,0.7379532411363641,38.4038317779232,41.29660848317774,2.892776705254547,-3.479120291037852
NAM,2006,37.85,38.4382727615063,0.7379527755826916,36.99188532136422,39.88466020164837,2.892774880284151,-2.000220130550467
NAM,2007,38.367,38.38796161046175,0.7379527353135925,36.94157424924711,39.83434897167639,2.892774722429283,-0.0712727615063002
NAM,2008,37.103,37.480912470035314,0.7379527318304273,36.03452511564768,38.92729982442295,2.892774708775275,-1.2849616104617496
NAM,2009,38.191,37.98216035005924,0.7379527315291434,36.53577299626212,39.42854770385636,2.892774707594242,0.7100875299646887
NAM,2010,40.247,39.58090138569355,0.737952731503083,38.13451403194751,41.02728873943959,2.892774707492085,2.264839649940761
NAM,2011,40.853,40.47887058899059,0.737952731500829,39.03248323524896,41.925257942732216,2.892774707483249,1.2720986143064508
NAM,2012,40.584,40.55308100977517,0.7379527315006341,39.106693656033926,41.999468363516414,2.8927747074824857,0.1051294110094147
NAM,2013,39.975,40.14501599189786,0.7379527315006172,38.698628638156656,41.59140334563907,2.8927747074824195,-0.5780810097751683
NAM,2014,40.547,40.428774857314295,0.7379527315006158,38.98238750357309,41.8751622110555,2.8927747074824137,0.4019840081021328
NAM,2015,41.387,41.10518206213253,0.7379527315006156,39.65879470839132,42.551569415873736,2.892774707482413,0.9582251426857056
NAM,2016,42.145,41.83918528699206,0.7379527315006157,40.39279793325085,43.28557264073327,2.8927747074824133,1.0398179378674757
NAM,2017,43.35,42.90566320695116,0.7379527315006156,41.45927585320995,44.35205056069237,2.892774707482413,1.5108147130079388
NAM,2018,43.459,43.29626138355528,0.7379527315006157,41.84987402981407,44.74264873729648,2.8927747074824133,0.5533367930488424
NAM,2019,44.66,44.25891888914592,0.7379527315006156,42.81253153540471,45.705306242887126,2.892774707482413,1.3637386164447207
NAM,2020,44.647,44.53286375631965,0.7379527315006157,43.08647640257844,45.97925111006086,2.8927747074824133,0.3880811108540811
NAM,2021,46.012,45.57697997448627,0.7379527315006156,44.13059262074506,47.02336732822748,2.892774707482413,1.479136243680351
NAM,2022,46.711,46.37748006730969,0.7379527315006157,44.93109271356848,47.8238674210509,2.8927747074824133,1.1340200255137276
NAM,2023,47.73,47.332218349972415,0.7379527315006156,45.885830996231206,48.77860570371362,2.892774707482413,1.3525199326903063
NAM,2024,39.094,41.51689374768858,0.7379527315006157,40.070506393947376,42.96328110142979,2.8927747074824133,-8.238218349972414
NER,2000,24.584,24.584,0.7136065938502775,23.18533107605345,25.982668923946544,2.7973378478930875,0.0
NER,2001,24.631,24.61216214133927,0.5778988974651917,23.479480302307493,25.744843980371044,2.265363678063552,0.0470000000000006
NER,2002,24.204,24.391186020865497,0.5493185569151621,23.31452164931178,25.467850392419216,2.1533287431074357,-0.4081621413392682
NER,2003,26.182,25.33835670154126,0.5429462565476586,24.27418203870785,26.402531364374678,2.1283493256668216,1.7908139791345017
NER,2004,28.25,26.870222557059957,0.5415134418696754,25.80885621099539,27.93158890312452,2.122732692129128,2.9116432984587384
NER,2005,28.32,27.632066689089,0.5411907340421825,26.57133285036632,28.692800527811677,2.121467677445356,1.4497774429400463
NER,2006,28.384,28.02709426215689,0.5411180251806569,26.966502932802804,29.087685591510976,2.121182658708175,0.7519333109110029
NER,2007,27.886,27.952974990961373,0.5411016419097755,26.89241577281821,29.01353420910453,2.12111843628632,-0.1410942621568907
NER,2008,27.995,27.975051158285293,0.5410979502484836,26.914499175798262,29.03560314077232,2.121103964974056,0.0420250090386282
NER,2009,27.74,27.851576759013614,0.5410971183987562,26.791026406952057,28.91212711107518,2.121100704123124,-0.2350511582852945
NER,2010,27.97,27.91378546505288,0.54109693095615,26.853235480378828,28.974335449726937,2.121099969348108,0.118423240986381
NER,2011,29.644,28.82268130078108,0.541096888719269,27.76213139889131,29.88323120267085,2.1210998037795346,1.730214534947116
NER,2012,29.046,28.93999243447025,0.5410968792019333,27.879442551234455,30.00054231770604,2.1210997664715783,0.2233186992189217
NER,2013,30.474,29.745819110888352,0.5410968770573696,28.68526923185591,30.806368989920795,2.121099758064889,1.5340075655297518
NER,2014,31.303,30.563818921586808,0.54109687657413,29.503269043501515,31.6243687996721,2.1210997561705893,1.557180889111649
NER,2015,30.742,30.657418894057912,0.5410968764652405,29.59686901618604,31.717968771929783,2.1210997557437428,0.1781810784131927
NER,2016,30.389,30.51641626170205,0.5410968764407041,29.455866383878277,31.57696613952584,2.12109975564756,-0.2684188940579126
NER,2017,30.676,30.600246899853342,0.5410968764351753,29.539697022040404,31.660796777666288,2.1210997556258877,0.1595837382979432
NER,2018,31.093,30.85909411872855,0.5410968764339296,29.798544240918048,31.91964399653905,2.121099755621004,0.4927531001466541
NER,2019,32.23,31.57924214945792,0.5410968764336488,30.518692271647968,32.63979202726787,2.121099755619903,1.3709058812714474
NER,2020,33.045,32.34921669257883,0.5410968764335855,31.288666814769,33.409766570388655,2.121099755619656,1.465757850542083
NER,2021,32.091,32.2135733597998,0.5410968764335713,31.15302348199,33.274123237609594,2.1210997556195994,-0.2582166925788272
NER,2022,31.029,31.591307320994225,0.5410968764335681,30.53075744318443,32.65185719880402,2.121099755619587,-1.1845733597997956
NER,2023,29.875,30.689717099356475,0.5410968764335673,29.629167221546684,31.750266977166262,2.121099755619584,-1.7163073209942254
NER,2024,27.507,29.01780987160148,0.5410968764335672,27.957259993791688,30.07835974941127,2.1210997556195834,-3.182717099356473
NGA,2000,31.564,31.564,0.6674757562101034,30.2557475178282,32.8722524821718,2.616504964343605,0.0
NGA,2001,28.949,29.805964183403177,0.5713340179408118,28.686149508239183,30.925778858567167,2.2396293503279825,-2.6149999999999984
NGA,2002,26.805,27.87441551124998,0.5590291991823759,26.778718280852523,28.970112741647437,2.1913944607949136,-3.000964183403177
NGA,2003,27.652,27.732076843321547,0.5574308281532162,26.639512420141244,28.82464126650185,2.185128846360608,-0.2224155112499772
NGA,2004,28.956,28.514763855617183,0.5572230310178732,27.422606714822155,29.606920996412217,2.184314281590063,1.2239231566784523
NGA,2005,27.889,28.114632730561663,0.5571960138632275,27.022528543389736,29.20673691773359,2.184208374343852,-0.625763855617187
NGA,2006,28.22,28.18200669615652,0.5571925011356813,27.089909393930583,29.27410399838245,2.1841946044518705,0.1053672694383358
NGA,2007,29.567,29.067598006691924,0.5571920444157693,27.975501599637017,30.15969441374683,2.1841928141098155,1.38499330384348
NGA,2008,28.341,28.60299738946212,0.5571919850336754,27.51090109879612,29.695093680128124,2.1841925813320078,-0.7265980066919226
NGA,2009,29.12,28.933578705535652,0.5571919773128972,27.841482430002376,30.02567498106893,2.1841925510665567,0.5170026105378795
NGA,2010,31.81,30.77281725926441,0.5571919763090522,29.68072098569867,31.86491353283016,2.1841925471314845,2.8764212944643432
NGA,2011,31.366,31.152109599978164,0.5571919761785337,30.06001332666824,32.24420587328809,2.184192546619852,0.5931827407355854
NGA,2012,31.634,31.46023949862285,0.5571919761615638,30.368143225346188,32.55233577189952,2.18419254655333,0.481890400021836
NGA,2013,32.322,32.011265574118866,0.5571919761593574,30.919169300846526,33.103361847391206,2.184192546544681,0.8617605013771481
NGA,2014,31.023,31.37934974601613,0.5571919761590706,30.287253472744357,32.47144601928791,2.1841925465435565,-0.9882655741188664
NGA,2015,31.723,31.59908626270854,0.5571919761590333,30.506989989436835,32.691182535980246,2.1841925465434104,0.343650253983867
NGA,2016,33.006,32.49869369885968,0.5571919761590284,31.406597425587982,33.590789972131375,2.184192546543392,1.406913737291461
NGA,2017,32.658,32.60055718155441,0.5571919761590277,31.508460908282714,33.6926534548261,2.1841925465433887,0.1593063011403188
NGA,2018,34.22,33.6360597594878,0.5571919761590276,32.54396348621611,34.72815603275949,2.184192546543388,1.6194428184455916
NGA,2019,32.908,33.170524484483266,0.5571919761590276,32.07842821121157,34.26262075775496,2.184192546543388,-0.7280597594877989
NGA,2020,33.581,33.432990345985004,0.5571919761590276,32.34089407271331,34.5250866192567,2.184192546543388,0.4104755155167368
NGA,2021,34.444,34.079449171899554,0.5571919761590276,32.98735289862786,35.17154544517125,2.184192546543388,1.0110096540149982
NGA,2022,32.88,33.312498529706325,0.5571919761590276,32.22040225643463,34.40459480297802,2.184192546543388,-1.199449171899552
NGA,2023,33.692,33.55515899683897,0.5571919761590276,32.46306272356728,34.64725527011066,2.184192546543388,0.3795014702936754
NGA,2024,31.54,32.266627958629584,0.5571919761590276,31.17453168535789,33.35872423190128,2.184192546543388,-2.01515899683897
NIC,2000,36.099,36.099,0.7000448820511539,34.72691203117974,37.47108796882026,2.7441759376405237,0.0
NIC,2001,35.813,35.92500787942654,0.5711031416636032,34.80564572176588,37.0443700370872,2.2387243153213245,-0.2859999999999942
NIC,2002,37.451,36.772078706084685,0.545527303774663,35.70284519068635,37.84131222148302,2.138467030796679,1.5259921205734628
NIC,2003,37.368,37.096435764342935,0.5401943027947825,36.03765493086516,38.15521659782071,2.1175616669555475,0.5959212939153176
NIC,2004,36.528,36.788320143350646,0.5390746831846471,35.731733764308736,37.84490652239256,2.1131727580838167,-0.5684357643429365
NIC,2005,36.163,36.44966673906109,0.5388393314829413,35.39354164935453,37.505791828767656,2.1122501794131296,-0.625320143350649
NIC,2006,37.959,37.26692326545349,0.5387898461935658,36.210895166914106,38.32295136399288,2.112056197078778,1.5093332609389094
NIC,2007,37.738,37.52198666038033,0.5387794408056854,36.46597895640119,38.57799436435947,2.1120154079582867,0.4710767345465072
NIC,2008,36.338,36.8809250620898,0.5387772528156226,35.824921646571184,37.93692847760842,2.1120068310372404,-1.1839866603803273
NIC,2009,35.879,36.33844041576042,0.5387767927355226,35.2824379019988,37.39444292952205,2.1120050275232485,-1.0019250620898037
NIC,2010,34.862,35.53903335485548,0.5387766959920283,34.4830310307111,36.59503567899985,2.112004648288751,-1.4764404157604218
NIC,2011,34.096,34.757714343558185,0.5387766756492561,33.70171205928564,35.81371662783073,2.112004568545084,-1.44303335485548
NIC,2012,33.407,34.0263807433019,0.5387766713716724,32.97037846741342,35.08238301919038,2.112004551776956,-1.350714343558188
NIC,2013,35.493,34.82047013958342,0.538776670472202,33.7644678654579,35.87647241370894,2.112004548251032,1.4666192566981024
NIC,2014,35.73,35.312927888213544,0.5387766702830655,34.25692561445874,36.36893016196835,2.112004547509617,0.9095298604165762
NIC,2015,35.936,35.65028535465092,0.5387766702432948,34.59428308097406,36.70628762832778,2.1120045473537155,0.6230721117864562
NIC,2016,34.435,34.992278712281305,0.5387766702349319,33.93627643862084,36.04828098594177,2.112004547320933,-1.2152853546509164
NIC,2017,35.949,35.51028788584863,0.5387766702331734,34.45428561219161,36.566290159505655,2.11200454731404,0.9567212877186932
NIC,2018,33.932,34.65573639431848,0.5387766702328037,33.599734120662184,35.71173866797478,2.1120045473125906,-1.5782878858486311
NIC,2019,33.259,33.89948452180463,0.538776670232726,32.84348224814849,34.95548679546077,2.112004547312286,-1.3967363943184807
NIC,2020,33.146,33.49151628753881,0.5387766702327096,32.435514013882695,34.54751856119492,2.112004547312221,-0.75348452180463
NIC,2021,31.927,32.64442131898043,0.5387766702327061,31.58841904532432,33.70042359263653,2.112004547312208,-1.564516287538808
NIC,2022,30.634,31.555894598258405,0.5387766702327055,30.499892324602303,32.61189687191451,2.112004547312205,-2.010421318980427
NIC,2023,30.323,30.888353570232137,0.5387766702327053,29.83235129657604,31.94435584388824,2.1120045473122047,-1.2328945982584043
NIC,2024,29.084,29.91140060207324,0.5387766702327053,28.85539832841713,30.967402875729334,2.1120045473122047,-1.8043535702321376
NLD,2000,74.071,74.071,0.4197688532090608,73.24825304771024,74.89374695228976,1.6454939045795185,0.0
NLD,2000,72.914,73.23640166159397,0.3714827451818924,72.50829548103746,73.96450784215048,1.4562123611130182,-1.1569999999999965
NLD,2000,71.821,72.23864835091213,0.3672301296996933,71.51887729670074,72.95841940512352,1.4395421084227975,-1.4154016615939753
NLD,2000,72.851,72.66943112313504,0.3668557118699144,71.95039392787001,73.38846831840007,1.4380743905300644,0.61235164908787
NLD,2001,75.794,74.86713674035846,0.3668227612436657,74.14816412832087,75.58610935239605,1.4379452240751698,3.124568876864956
NLD,2001,74.126,74.34585694441903,0.3668198615487679,73.62689001578345,75.0648238730546,1.4379338572711704,-0.7411367403584563
NLD,2001,73.232,73.56242484444256,0.3668196063730801,72.84345841595132,74.2813912729338,1.437932856982474,-1.1138569444190267
NLD,2001,74.041,73.89903099040146,0.3668195839174039,73.18006460592335,74.61799737487956,1.4379327689562231,0.4785751555574364
NLD,2002,75.653,75.1326862172456,0.3668195819412853,74.41371983664068,75.85165259785053,1.4379327612098385,1.7539690095985492
NLD,2002,74.63,74.7791215445599,0.3668195817673852,74.06015516429582,75.49808792482398,1.43793276052815,-0.5026862172456106
NLD,2002,73.376,73.79223510809175,0.3668195817520819,73.07326872785767,74.51120148832582,1.437932760468161,-1.4031215445598946
NLD,2002,74.421,74.23447729726838,0.3668195817507352,73.51551091703695,74.95344367749982,1.437932760462882,0.6287648919082613
NLD,2003,75.491,75.11825334449541,0.3668195817506168,74.3992869642642,75.83721972472662,1.437932760462418,1.2565227027316157
NLD,2003,74.307,74.54765778538679,0.3668195817506062,73.8286914051556,75.26662416561798,1.4379327604623764,-0.8112533444954124
NLD,2003,73.482,73.79812669994092,0.3668195817506054,73.07916031970974,74.5170930801721,1.4379327604623733,-1.06565778538679
NLD,2003,74.207,74.08570799724443,0.3668195817506053,73.36674161701325,74.8046743774756,1.4379327604623728,0.4088733000590707
NLD,2004,75.77,75.27035585544495,0.3668195817506053,74.55138947521377,75.98932223567613,1.4379327604623728,1.6842920027555692
NLD,2004,74.461,74.70109489647449,0.3668195817506053,73.9821285162433,75.42006127670567,1.4379327604623728,-0.8093558554449487
NLD,2004,73.913,74.14678784660437,0.3668195817506053,73.42782146637319,74.86575422683555,1.4379327604623728,-0.7880948964744903
NLD,2004,74.471,74.3748226722132,0.3668195817506053,73.65585629198202,75.09378905244438,1.4379327604623728,0.324212153395635
NLD,2005,75.522,75.1816905799842,0.3668195817506053,74.46272419975303,75.90065696021539,1.4379327604623728,1.1471773277868067
NLD,2005,74.601,74.77326148887052,0.3668195817506053,74.05429510863934,75.4922278691017,1.4379327604623728,-0.580690579984207
NLD,2005,74.253,74.40733523767041,0.3668195817506053,73.68836885743923,75.12630161790159,1.4379327604623728,-0.520261488870517
NLD,2005,74.742,74.64272191246333,0.3668195817506053,73.92375553223215,75.36168829269451,1.4379327604623728,0.3346647623295951
NLD,2006,76.757,76.12980075861522,0.3668195817506053,75.41083437838404,76.8487671388464,1.4379327604623728,2.114278087536676
NLD,2006,75.625,75.7747488219361,0.3668195817506053,75.05578244170492,76.49371520216728,1.4379327604623728,-0.5048007586152181
NLD,2006,75.149,75.33462798750519,0.3668195817506053,74.615661607274,76.05359436773637,1.4379327604623728,-0.6257488219360994
NLD,2006,75.71,75.59864613275724,0.3668195817506053,74.87967975252606,76.31761251298842,1.4379327604623728,0.3753720124948074
NLD,2007,76.718,76.38594439174568,0.3668195817506053,75.6669780115145,77.10491077197686,1.4379327604623728,1.119353867242765
NLD,2007,75.802,75.9752267300469,0.3668195817506053,75.25626034981572,76.69419311027808,1.4379327604623728,-0.5839443917456748
NLD,2007,74.974,75.27101326861465,0.3668195817506053,74.55204688838347,75.98997964884583,1.4379327604623728,-1.0012267300468949
NLD,2007,75.8,75.64307642472232,0.3668195817506053,74.92411004449114,76.3620428049535,1.4379327604623728,0.5289867313853449
NLD,2008,77.004,76.6002828924783,0.3668195817506053,75.88131651224712,77.31924927270948,1.4379327604623728,1.3609235752776812
NLD,2008,76.047,76.21113101591469,0.3668195817506053,75.49216463568351,76.93009739614587,1.4379327604623728,-0.5532828924783075
NLD,2008,74.967,75.33607066954193,0.3668195817506053,74.61710428931075,76.0550370497731,1.4379327604623728,-1.2441310159146894
NLD,2008,75.88,75.71864371227169,0.3668195817506053,74.9996773320405,76.43761009250287,1.4379327604623728,0.5439293304580701
NLD,2009,77.183,76.74859964453385,0.3668195817506053,76.02963326430267,77.46756602476503,1.4379327604623728,1.4643562877283216
NLD,2009,76.303,76.43518684933663,0.3668195817506053,75.71622046910545,77.15415322956781,1.4379327604623728,-0.445599644533857
NLD,2009,75.343,75.66699652978123,0.3668195817506053,74.94803014955005,76.38596291001241,1.4379327604623728,-1.0921868493366276
NLD,2009,76.187,76.03274130339749,0.3668195817506053,75.3137749231663,76.75170768362867,1.4379327604623728,0.5200034702187679
NLD,2010,76.695,76.49854138154384,0.3668195817506053,75.77957500131266,77.21750776177502,1.4379327604623728,0.6622586966025068
NLD,2010,76.023,76.16406904645588,0.3668195817506053,75.4451026662247,76.88303542668706,1.4379327604623728,-0.4755413815438487
NLD,2010,75.236,75.5113110886033,0.3668195817506053,74.79234470837213,76.23027746883449,1.4379327604623728,-0.9280690464558744
NLD,2010,76.026,75.87331786387037,0.3668195817506053,75.15435148363919,76.59228424410155,1.4379327604623728,0.5146889113966893
NLD,2011,76.855,76.56378462266103,0.3668195817506053,75.84481824242985,77.28275100289221,1.4379327604623728,0.9816821361296348
NLD,2011,76.116,76.24883502169953,0.3668195817506053,75.52986864146835,76.96780140193071,1.4379327604623728,-0.4477846226610324
NLD,2011,75.824,75.95002703726362,0.3668195817506053,75.23106065703244,76.6689934174948,1.4379327604623728,-0.4248350216995362
NLD,2011,76.171,76.1054485120421,0.3668195817506053,75.38648213181092,76.82441489227328,1.4379327604623728,0.2209729627363827
NLD,2012,76.79,76.58692823925719,0.3668195817506053,75.86796185902601,77.30589461948837,1.4379327604623728,0.6845514879579042
NLD,2012,76.069,76.22264308066606,0.3668195817506053,75.50367670043488,76.94160946089724,1.4379327604623728,-0.5179282392571878
NLD,2012,75.916,76.00696547360698,0.3668195817506053,75.2879990933758,76.72593185383816,1.4379327604623728,-0.3066430806660634
NLD,2012,76.143,76.10264544481694,0.3668195817506053,75.38367906458576,76.82161182504812,1.4379327604623728,0.1360345263930185
NLD,2013,76.942,76.69300600844942,0.3668195817506053,75.97403962821824,77.4119723886806,1.4379327604623728,0.8393545551830499
NLD,2013,76.172,76.32655609892694,0.3668195817506053,75.60758971869576,77.04552247915812,1.4379327604623728,-0.5210060084494188
NLD,2013,76.884,76.71863462354901,0.3668195817506053,75.99966824331783,77.43760100378019,1.4379327604623728,0.5574439010730572
NLD,2013,76.527,76.58384828841652,0.3668195817506053,75.86488190818534,77.3028146686477,1.4379327604623728,-0.1916346235490067
NLD,2014,77.342,77.11709478002784,0.3668195817506053,76.39812839979666,77.83606116025902,1.4379327604623728,0.7581517115834799
NLD,2014,76.481,76.66969710935098,0.3668195817506053,75.9507307291198,77.38866348958216,1.4379327604623728,-0.6360947800278467
NLD,2014,77.171,77.0222888183572,0.3668195817506053,76.30332243812602,77.74125519858838,1.4379327604623728,0.5013028906490291
NLD,2014,76.846,76.89829596512874,0.3668195817506053,76.17932958489756,77.61726234535992,1.4379327604623728,-0.1762888183571931
NLD,2015,76.028,76.28617274100634,0.3668195817506053,75.56720636077516,77.00513912123752,1.4379327604623728,-0.870295965128733
NLD,2015,75.419,75.6762462385695,0.3668195817506053,74.95727985833832,76.39521261880068,1.4379327604623728,-0.8671727410063426
NLD,2015,76.249,76.07909296327333,0.3668195817506053,75.36012658304215,76.7980593435045,1.4379327604623728,0.5727537614304907
NLD,2015,75.927,75.97211828020511,0.3668195817506053,75.25315189997393,76.69108466043629,1.4379327604623728,-0.1520929632733185
NLD,2016,74.951,75.25391408423711,0.3668195817506053,74.53494770400593,75.97288046446829,1.4379327604623728,-1.0211182802051155
NLD,2016,75.741,75.59650627485733,0.3668195817506053,74.87753989462615,76.31547265508851,1.4379327604623728,0.4870859157628899
NLD,2017,74.497,74.82316783267702,0.3668195817506053,74.10420145244584,75.5421342129082,1.4379327604623728,-1.0995062748573332
NLD,2017,75.311,75.16628489980968,0.3668195817506053,74.4473185195785,75.88525128004086,1.4379327604623728,0.4878321673229919
NLD,2018,75.431,75.35247243496435,0.3668195817506053,74.63350605473318,76.07143881519553,1.4379327604623728,0.2647151001903154
NLD,2018,75.037,75.13058469590818,0.3668195817506053,74.411618315677,75.84955107613936,1.4379327604623728,-0.3154724349643487
NLD,2018,75.78,75.5873513657115,0.3668195817506053,74.86838498548032,76.30631774594268,1.4379327604623728,0.6494153040918178
NLD,2018,75.706,75.67080295858158,0.3668195817506053,74.9518365783504,76.38976933881275,1.4379327604623728,0.1186486342885047
NLD,2019,75.924,75.8488892597267,0.3668195817506053,75.12992287949552,76.56785563995788,1.4379327604623728,0.2531970414184314
NLD,2019,75.7,75.7441679035986,0.3668195817506053,75.02520152336741,76.46313428382977,1.4379327604623728,-0.148889259726701
NLD,2019,76.326,76.15339988101496,0.3668195817506053,75.43443350078378,76.87236626124614,1.4379327604623728,0.5818320964013992
NLD,2019,76.346,76.28886529798038,0.3668195817506053,75.5698989177492,77.00783167821156,1.4379327604623728,0.192600118985041
NLD,2020,76.128,76.17572058768106,0.3668195817506053,75.45675420744988,76.89468696791224,1.4379327604623728,-0.1608652979803793
NLD,2020,76.184,76.18154391763497,0.3668195817506053,75.46257753740379,76.90051029786615,1.4379327604623728,0.0082794123189415
NLD,2020,76.65,76.51103280301044,0.3668195817506053,75.79206642277926,77.22999918324162,1.4379327604623728,0.4684560823650372
NLD,2020,76.454,76.47091874450814,0.3668195817506053,75.75195236427696,77.18988512473932,1.4379327604623728,-0.0570328030104434
NLD,2021,75.994,76.13547764029764,0.3668195817506053,75.41651126006646,76.85444402052882,1.4379327604623728,-0.47691874450814
NLD,2021,76.112,76.11896462696699,0.3668195817506053,75.3999982467358,76.83793100719816,1.4379327604623728,-0.0234776402976422
NLD,2021,76.488,76.3785258927977,0.3668195817506053,75.65955951256652,77.09749227302888,1.4379327604623728,0.3690353730330145
NLD,2021,76.415,76.40417997944436,0.3668195817506053,75.68521359921318,77.12314635967554,1.4379327604623728,0.0364741072023093
NLD,2022,79.129,78.32068388497385,0.3668195817506053,77.60171750474267,79.03965026520503,1.4379327604623728,2.72482002055564
NLD,2022,78.218,78.24846110875276,0.3668195817506053,77.52949472852158,78.96742748898394,1.4379327604623728,-0.1026838849738425
NLD,2022,78.798,78.63497963965409,0.3668195817506053,77.91601325942291,79.35394601988527,1.4379327604623728,0.5495388912472379
NLD,2022,78.559,78.5815393114712,0.3668195817506053,77.86257293124002,79.30050569170238,1.4379327604623728,-0.0759796396540934
NLD,2023,78.968,78.85335668410927,0.3668195817506053,78.13439030387809,79.57232306434045,1.4379327604623728,0.3864606885287998
NLD,2023,78.336,78.48947352919726,0.3668195817506053,77.77050714896608,79.20843990942844,1.4379327604623728,-0.5173566841092736
NLD,2023,78.656,78.60660002902473,0.3668195817506053,77.88763364879355,79.32556640925591,1.4379327604623728,0.1665264708027507
NLD,2023,78.47,78.5105223111768,0.3668195817506053,77.79155593094562,79.22948869140798,1.4379327604623728,-0.1366000290247342
NLD,2024,73.719,75.14040202670772,0.3668195817506053,74.42143564647654,75.8593684069389,1.4379327604623728,-4.791522311176806
NLD,2024,74.009,74.34462968704796,0.3668195817506053,73.62566330681678,75.06359606727914,1.4379327604623728,-1.1314020267077185
NOR,2000,68.546,68.546,0.6367258586210784,67.29801731710269,69.79398268289732,2.4959653657946275,0.0
NOR,2001,68.073,68.25665733299739,0.5208308841147485,67.23582880013248,69.2774858658623,2.0416570657298143,-0.4730000000000132
NOR,2002,68.928,68.63263440909103,0.4983444403962237,67.65587930591443,69.60938951226763,1.953510206353197,0.6713426670026053
NOR,2003,68.002,68.28591091626367,0.4937690474200329,67.31812358332041,69.25369824920693,1.935574665886529,-0.6306344090910301
NOR,2004,67.92,68.08549536357721,0.4928322126896885,67.11954422670541,69.051446500449,1.931902273743579,-0.3659109162636724
NOR,2005,68.904,68.53345478353265,0.4926401731211005,67.56788004421529,69.49902952285001,1.9311494786347136,0.8185046364227873
NOR,2006,70.227,69.46016702705641,0.4926007984656282,68.49466946206378,70.42566459204905,1.9309951299852623,1.6935452164673563
NOR,2007,70.543,70.05267655746837,0.4925927249470242,69.08719481657221,71.01815829836454,1.930963481792335,1.0828329729435922
NOR,2008,70.871,70.50044753586255,0.4925910695085753,69.53496903962574,71.46592603209936,1.9309569924736156,0.8183234425316215
NOR,2009,71.057,70.80498200840421,0.4925907300677564,69.83950417747141,71.77045983933701,1.930955661865605,0.5565524641374537
NOR,2010,70.51,70.64357374819272,0.4925906604667903,69.67809605367782,71.60905144270762,1.930955389029818,-0.2949820084042045
NOR,2011,71.19,70.94256725632117,0.4925906461953928,69.9770895897782,71.90804492286414,1.93095533308594,0.5464262518072758
NOR,2012,71.44,71.21475249418538,0.4925906432691002,70.24927483337794,72.18023015499281,1.9309553216148727,0.4974327436788286
NOR,2013,72.4,71.8632961970512,0.4925906426690756,70.89781853741981,72.82877385668259,1.9309553192627764,1.1852475058146297
NOR,2014,72.563,72.24616010760222,0.492590642546043,71.28068244821198,73.21163776699247,1.9309553187804889,0.6997038029488039
NOR,2015,72.573,72.42500035227047,0.4925906425208157,71.45952269292968,73.39047801161126,1.9309553186815973,0.3268398923977713
NOR,2016,72.546,72.49120893668015,0.4925906425156429,71.5257312773495,73.45668659601081,1.93095531866132,0.1209996477295334
NOR,2017,72.852,72.68862658225348,0.4925906425145823,71.72314892292489,73.65410424158206,1.9309553186571624,0.3607910633198514
NOR,2018,73.435,73.09702717148669,0.4925906425143648,72.13154951215853,74.06250483081485,1.9309553186563104,0.7463734177465255
NOR,2019,73.289,73.2020708592942,0.4925906425143202,72.23659319996612,74.16754851862227,1.9309553186561352,0.1919728285133146
NOR,2020,73.275,73.24197622479669,0.492590642514311,72.27649856546864,74.20745388412473,1.9309553186560997,0.0729291407058099
NOR,2021,73.18,73.2080640755647,0.4925906425143092,72.24258641623666,74.17354173489275,1.930955318656092,-0.0619762247966804
NOR,2022,75.248,74.32427616689634,0.4925906425143088,73.3587985075683,75.28975382622438,1.9309553186560904,2.039935924435298
NOR,2023,75.372,74.89756966934317,0.4925906425143087,73.93209201001513,75.86304732867121,1.9309553186560904,1.0477238331036602
NOR,2024,71.823,73.21522670971694,0.4925906425143087,72.2497490503889,74.18070436904499,1.9309553186560904,-3.0745696693431768
NPL,2000,34.801,34.801,1.0774341186055103,32.6892291275332,36.9127708724668,4.223541744933601,0.0
NPL,2001,31.73,32.98461857328558,0.8670554043435282,31.285189980772262,34.684047165798894,3.3988571850266305,-3.071000000000001
NPL,2002,30.651,31.748700683237693,0.8204707530826386,30.14057800719572,33.356823359279666,3.216245352083943,-2.3336185732855803
NPL,2003,31.083,31.405518926922632,0.8094794472664316,29.818939210280423,32.99209864356484,3.173159433284412,-0.665700683237695
NPL,2004,30.484,30.93352750499493,0.8068599419484587,29.35208201877596,32.51497299121392,3.162890972437958,-0.92151892692263
NPL,2005,28.715,29.798984579895706,0.8062343338124588,28.218765285623288,31.379203874168123,3.1604385885448383,-2.2185275049949347
NPL,2006,33.966,31.929183506148284,0.8060848492999856,30.349257201520317,33.50910981077626,3.159852609255944,4.167015420104296
NPL,2007,34.308,33.14513850317377,0.8060491269570771,31.5652822143379,34.72499479200964,3.1597125776717423,2.378816493851716
NPL,2008,35.612,34.40607184342076,0.8060405901478359,32.826232286731006,35.98591140011052,3.159679113379517,2.466861496826233
NPL,2009,35.289,34.85737724319895,0.8060385500355891,33.277541685129194,36.4372128012687,3.159671116139509,0.88292815657924
NPL,2010,35.518,35.195051667180024,0.8060380624922489,33.615217064695216,36.77488626966483,3.159669204969616,0.6606227568010539
NPL,2011,33.26,34.20595878253555,0.8060379459797394,32.62612440841526,35.785793156655835,3.1596687482405783,-1.9350516671800264
NPL,2012,34.442,34.32661017211175,0.8060379181357203,32.74677585256574,35.90644449165776,3.159668639092024,0.2360412174644537
NPL,2013,34.695,34.5149109459514,0.8060379114815901,32.93507663944748,36.09474525245532,3.1596686130078333,0.3683898278882509
NPL,2014,36.037,35.292919793921726,0.806037909891394,33.7130854905346,36.87275409730886,3.1596686067742645,1.5220890540485996
NPL,2015,37.064,36.19819932788172,0.8060379095113708,34.61836502523943,37.77803363052401,3.159668605284573,1.771080206078274
NPL,2016,37.673,36.95203693515452,0.8060379094205533,35.37220263269023,38.5318712376188,3.159668604928569,1.4748006721182847
NPL,2017,38.173,37.57612661230392,0.8060379093988499,35.99629230988217,39.15596091472566,3.159668604843492,1.2209630648454848
NPL,2018,38.825,38.214482523108096,0.8060379093936632,36.63464822069652,39.79431682551967,3.1596686048231595,1.2488733876960865
NPL,2019,39.187,38.71158037614,0.8060379093924238,37.131746073730845,40.29141467854915,3.159668604818301,0.9725174768919018
NPL,2020,39.87,39.30370125994229,0.8060379093921274,37.72386695753372,40.88353556235086,3.1596686048171394,1.1584196238599986
NPL,2021,40.331,39.82880030467788,0.8060379093920568,38.24896600226945,41.40863460708631,3.1596686048168623,1.0272987400577165
NPL,2022,40.462,40.15245742813723,0.8060379093920398,38.57262312572883,41.73229173054563,3.159668604816796,0.6331996953221264
NPL,2023,41.55,40.86680491134469,0.8060379093920358,39.28697060893629,42.44663921375308,3.15966860481678,1.3975425718627648
NPL,2024,41.648,41.26610920211211,0.8060379093920348,39.686274899703726,42.8459435045205,3.159668604816776,0.7811950886553163
NZL,2000,69.682,69.682,0.2973028488572525,69.09928641623979,70.26471358376021,1.1654271675204295,0.0
NZL,2001,69.878,69.83068406540566,0.2693308071071464,69.30279568347565,70.35857244733567,1.055776763860014,0.1959999999999979
NZL,2002,70.919,70.6453209636977,0.2675385686247782,70.12094536919314,71.16969655820226,1.0487511890091308,1.088315934594334
NZL,2003,70.521,70.55234232708716,0.2674245399675107,70.02819022875084,71.07649442542348,1.048304196672642,-0.1243209636976985
NZL,2004,70.681,70.64855913582166,0.2674172896659285,70.12442124807643,71.17269702356688,1.0482757754904397,0.128657672912837
NZL,2005,70.61,70.6197227351508,0.2674168286879068,70.09558575092251,71.1438597193791,1.0482739684565945,-0.0385591358216572
NZL,2006,70.747,70.71490685488672,0.2674167993787564,70.19076992810436,71.23904378166908,1.0482738535647254,0.127277264849198
NZL,2007,70.607,70.63420886954829,0.2674167975152703,70.11007194641836,71.15834579267822,1.0482738462598595,-0.1079068548867212
NZL,2008,70.839,70.78736162008799,0.2674167973967892,70.26322469719028,71.3114985429857,1.048273845795414,0.20479113045171
NZL,2009,71.726,71.48932097409163,0.2674167973892561,70.96518405120868,72.01345789697457,1.0482738457658842,0.9386383799120068
NZL,2010,71.655,71.61322379384323,0.2674167973887772,71.08908687096122,72.13736071672524,1.0482738457640066,0.1656790259083749
NZL,2011,72.034,71.92790067066184,0.2674167973887467,71.4037637477799,72.45203759354378,1.0482738457638872,0.4207762061567734
NZL,2012,71.688,71.74849130129644,0.2674167973887448,71.2243543784145,72.27262822417838,1.0482738457638796,-0.2399006706618394
NZL,2013,72.036,71.96350426553356,0.2674167973887447,71.43936734265162,72.4876411884155,1.0482738457638792,0.2875086987035615
NZL,2014,71.851,71.8793681133727,0.2674167973887447,71.35523119049077,72.40350503625464,1.0482738457638792,-0.112504265533559
NZL,2015,71.588,71.66146889146069,0.2674167973887447,71.13733196857875,72.18560581434262,1.0482738457638792,-0.2913681133727124
NZL,2016,71.616,71.6274650467853,0.2674167973887447,71.10332812390337,72.15160196966724,1.0482738457638792,-0.0454688914606862
NZL,2017,71.416,71.46932121758336,0.2674167973887447,70.94518429470142,71.9934581404653,1.0482738457638792,-0.2114650467853067
NZL,2018,72.039,71.89535467056311,0.2674167973887447,71.37121774768117,72.41949159344504,1.0482738457638792,0.5696787824166449
NZL,2019,71.922,71.91528134162083,0.2674167973887447,71.39114441873889,72.43941826450276,1.0482738457638792,0.0266453294368886
NZL,2020,71.346,71.48954511416504,0.2674167973887447,70.9654081912831,72.01368203704698,1.0482738457638792,-0.5692813416208224
NZL,2021,71.257,71.31563658708066,0.2674167973887447,70.79149966419872,71.8397735099626,1.0482738457638792,-0.2325451141650347
NZL,2022,70.995,71.07584897946407,0.2674167973887447,70.55171205658213,71.599985902346,1.0482738457638792,-0.3206365870806564
NZL,2023,71.1,71.09391028522002,0.2674167973887447,70.56977336233808,71.61804720810196,1.0482738457638792,0.0241510205359247
NZL,2024,67.407,68.33665976418855,0.2674167973887447,67.81252284130662,68.86079668707049,1.0482738457638792,-3.686910285220023
OMN,2000,42.757,42.757,0.7167446136855576,41.352180557176304,44.16181944282369,2.8096388856473857,0.0
OMN,2001,42.776,42.76910329858087,0.5978630725095613,41.59729167646213,43.940914920699605,2.34362324423748,0.0190000000000054
OMN,2002,43.266,43.065348746994665,0.5783882250780019,41.93170782584178,44.19898966814755,2.2672818423057675,0.4968967014191321
OMN,2003,45.033,44.22512711940512,0.5750956680141759,43.097939610097335,45.35231462871291,2.254375018615569,1.967651253005336
OMN,2004,45.036,44.70214625097154,0.5745372183280165,43.576053303048624,45.82823919889445,2.2521858958458245,0.8108728805948786
OMN,2005,44.192,44.40213713952917,0.5744424545246379,43.27622992866088,45.52804435039746,2.2518144217365808,-0.5101462509715375
OMN,2006,43.551,43.90162459160658,0.5744263726996782,42.775748901115215,45.027500282097954,2.2517513809827387,-0.8511371395291647
OMN,2007,44.234,44.09707662161687,0.5744236435082708,42.97120628034066,45.22294696289308,2.251740682552421,0.3323754083934176
OMN,2008,42.773,43.31845991377912,0.5744231803454969,42.192590480301945,44.4443293472563,2.251738866954348,-1.324076621616868
OMN,2009,43.664,43.52165299666955,0.5744231017435208,42.39578371725225,44.64752227608685,2.2517385588346017,0.345540086220879
OMN,2010,44.003,43.804706630399686,0.5744230884042125,42.67883737712743,44.93057588367194,2.251738506544513,0.4813470033304483
OMN,2011,45.275,44.66930509004515,0.574423086140438,43.54343584120989,45.79517433888041,2.251738497670517,1.4702933696003129
OMN,2012,44.964,44.84259891707286,0.5744230857562596,43.7167296689906,45.96846816515513,2.251738496164537,0.294694909954849
OMN,2013,44.783,44.80755208024252,0.5744230856910617,43.68168283228804,45.93342132819701,2.251738495908962,-0.0595989170728614
OMN,2014,45.336,45.118303163080434,0.5744230856799972,43.99243391514764,46.24417241101323,2.251738495865589,0.5284479197574754
OMN,2015,46.034,45.65677398108031,0.5744230856781195,44.5309047331512,46.78264322900943,2.2517384958582283,0.9156968369195652
OMN,2016,46.423,46.10734925287877,0.5744230856778008,44.98148000495028,47.23321850080726,2.251738495856979,0.7662260189196886
OMN,2017,46.754,46.48760890074816,0.5744230856777468,45.36173965281978,47.61347814867655,2.251738495856767,0.6466507471212282
OMN,2018,47.806,47.26288200974473,0.5744230856777376,46.137012761816365,48.38875125767309,2.2517384958567312,1.3183910992518335
OMN,2019,47.861,47.614602219411736,0.574423085677736,46.48873297148337,48.7404714673401,2.251738495856725,0.5981179902552682
OMN,2020,50.698,49.42777843471409,0.5744230856777358,48.30190918678573,50.553647682642456,2.251738495856724,3.083397780588264
OMN,2021,51.436,50.60870280333026,0.5744230856777357,49.482833555401896,51.734572051258624,2.251738495856724,2.008221565285908
OMN,2022,48.066,49.11347949007307,0.5744230856777357,47.987610242144704,50.23934873800143,2.251738495856724,-2.5427028033302577
OMN,2023,46.927,47.82773146508404,0.5744230856777357,46.70186221715568,48.953600713012406,2.251738495856724,-2.1864794900730686
OMN,2024,49.456,48.785226407261625,0.5744230856777357,47.65935715933326,49.91109565518999,2.251738495856724,1.628268534915961
PAK,2000,32.768,32.768,0.8576246308849641,31.087055723465472,34.44894427653453,3.3618885530690594,0.0
PAK,2001,31.024,31.78171804807327,0.6752734097234132,30.45818216501538,33.10525393113116,2.64707176611578,-1.7439999999999998
PAK,2002,32.236,32.00362796997477,0.6275928177552115,30.77354604717456,33.23370989277499,2.460163845600429,0.4542819519267276
PAK,2003,33.464,32.686351478129055,0.6139641619733782,31.482981720661236,33.88972123559687,2.4067395149356425,1.4603720300252263
PAK,2004,34.186,33.37841220536248,0.609999819659398,32.18281255883006,34.5740118518949,2.39119929306484,1.4996485218709452
PAK,2005,34.038,33.68164523872718,0.6088415683209779,32.48831576481806,34.874974712636295,2.3866589478182334,0.6595877946375168
PAK,2006,35.171,34.36558610761616,0.6085027495332515,33.17292071853099,35.55825149670133,2.3853307781703457,1.4893547612728213
PAK,2007,35.261,34.77664371293795,0.6084036011056647,33.584172654770846,35.96911477110505,2.384942116334205,0.8954138923838428
PAK,2008,36.869,35.73708997598971,0.6083745843432089,34.54467579067702,36.9295041613024,2.384828370625379,2.092356287062053
PAK,2009,37.353,36.47881423457726,0.6083660920463794,35.28641669416636,37.67121177498816,2.384795080821807,1.6159100240102902
PAK,2010,37.041,36.73686289242193,0.6083636065953785,35.54447022349499,37.92925556134888,2.3847853378538835,0.5621857654227398
PAK,2011,37.486,37.08072318691982,0.608362879173488,35.888331943739786,38.27311443009985,2.3847824863600726,0.7491371075780648
PAK,2012,37.096,37.08773536895562,0.6083626662773148,35.89534454305208,38.28012619485916,2.384781651807074,0.0152768130801774
PAK,2013,37.403,37.23244438109639,0.6083626039685073,36.04005367731812,38.424835084874665,2.3847814075565483,0.3152646310443785
PAK,2014,37.526,37.367188773235945,0.6083625857324456,36.17479810520035,38.55957944127154,2.3847813360711867,0.2935556189036106
PAK,2015,38.637,37.95004233781497,0.6083625803952555,36.75765168024027,39.14243299538967,2.384781315149401,1.2698112267640551
PAK,2016,39.142,38.497160487364354,0.6083625788332078,37.304769832851264,39.689551141877445,2.3847813090261742,1.1919576621850323
PAK,2017,40.192,39.275105447962126,0.6083625783760398,38.08271479434509,40.467496101579165,2.384781307234076,1.694839512635646
PAK,2018,38.856,39.08273267837124,0.6083625782422392,37.89034202501645,40.27512333172603,2.3847813067095776,-0.4191054479621243
PAK,2019,40.203,39.59694438419383,0.6083625782030796,38.404553730915794,40.78933503747187,2.384781306556072,1.1202673216287664
PAK,2020,40.93,40.20882762750547,0.6083625781916187,39.0164369742499,41.40121828076104,2.384781306511145,1.3330556158061668
PAK,2021,41.509,40.80561719780128,0.6083625781882643,39.61322654455228,41.99800785105028,2.384781306497996,1.300172372494529
PAK,2022,38.995,39.9745293495267,0.6083625781872827,38.78213869627962,41.16692000277377,2.384781306494148,-1.8106171978012784
PAK,2023,38.984,39.51986841581313,0.6083625781869954,38.327477762566616,40.71225906905964,2.384781306493022,-0.990529349526696
PAK,2024,40.768,40.09277084594789,0.6083625781869112,38.90038019270154,41.28516149919424,2.384781306492692,1.248131584186872
PAN,2000,49.956,49.956,0.5948420366298858,48.79010960820543,51.12189039179458,2.331780783589152,0.0
PAN,2001,50.325,50.24675330093825,0.5482765268194938,49.172131308372045,51.32137529350446,2.1492439851324154,0.3689999999999998
PAN,2002,48.252,48.6878851193712,0.5460225881152435,47.61768084666532,49.75808939207708,2.1404085454117547,-1.9947533009382497
PAN,2003,47.025,47.38888074338698,0.5459145790574992,46.318888168434285,48.45887331833968,2.139985149905397,-1.6628851193711969
PAN,2004,45.685,46.05787683281786,0.5459094062272363,44.98789439661248,47.12785926902325,2.1399648724107663,-1.703880743386982
PAN,2005,46.558,46.44855281745597,0.5459091584940412,45.37857086680765,47.51853476810429,2.1399639012966416,0.5001231671821387
PAN,2006,47.778,47.48706312565793,0.5459091466298102,46.4170811982635,48.55704505305236,2.139963854788856,1.3294471825440295
PAN,2007,46.869,47.00425723896532,0.5459091460616182,45.93427531268455,48.0742391652461,2.1399638525615434,-0.6180631256579332
PAN,2008,47.002,47.00249397528759,0.5459091460344069,45.93251204906015,48.07247590151502,2.139963852454875,-0.0022572389653205
PAN,2009,47.381,47.298167555014814,0.5459091460331037,46.22818562878993,48.3681494812397,2.1399638524497666,0.378506024712415
PAN,2010,48.071,47.901872966868375,0.5459091460330413,46.83189104064361,48.97185489309314,2.139963852449522,0.772832444985184
PAN,2011,48.154,48.098824395815,0.5459091460330383,47.028842469590245,49.16880632203976,2.13996385244951,0.2521270331316287
PAN,2012,48.053,48.06302823336355,0.5459091460330382,46.9930463071388,49.13301015958831,2.139963852449509,-0.0458243958150035
PAN,2013,46.051,46.49131325016689,0.5459091460330382,45.42133132394213,47.561295176391646,2.139963852449509,-2.0120282333635515
PAN,2014,47.092,46.960545415633135,0.5459091460330382,45.89056348940838,48.03052734185789,2.139963852449509,0.600686749833109
PAN,2015,47.063,47.04057878826499,0.5459091460330382,45.97059686204023,48.11056071448974,2.139963852449509,0.1024545843668676
PAN,2016,47.418,47.33540495602134,0.5459091460330382,46.26542302979659,48.4053868822461,2.139963852449509,0.3774212117350117
PAN,2017,49.88,49.32313956653592,0.5459091460330382,48.253157640311166,50.39312149276068,2.139963852449509,2.54459504397866
PAN,2018,51.304,50.87050752652338,0.5459091460330382,49.80052560029863,51.94048945274814,2.139963852449509,1.9808604334640805
PAN,2019,51.166,51.10133428147833,0.5459091460330382,50.03135235525357,52.171316207703086,2.139963852449509,0.2954924734766138
PAN,2020,49.414,49.78325706571906,0.5459091460330382,48.71327513949431,50.85323899194382,2.139963852449509,-1.6873342814783283
PAN,2021,50.451,50.304870807181615,0.5459091460330382,49.23488888095686,51.37485273340637,2.139963852449509,0.6677429342809376
PAN,2022,51.324,51.100973265191385,0.5459091460330382,50.03099133896663,52.17095519141614,2.139963852449509,1.019129192818383
PAN,2023,51.745,51.60406087196207,0.5459091460330382,50.53407894573731,52.674042798186825,2.139963852449509,0.6440267348086124
PAN,2024,44.222,45.83749383928356,0.5459091460330382,44.7675119130588,46.90747576550832,2.139963852449509,-7.382060871962068
PER,2000,48.174,48.174,0.731804464829062,46.73966324893504,49.60833675106496,2.8686735021299232,0.0
PER,2001,51.48,50.40699937436526,0.6277942764663335,49.17652259249125,51.63747615623927,2.4609535637480278,3.3059999999999974
PER,2002,47.462,48.49943470694677,0.6147825150597441,47.29446097742967,49.70440843646387,2.409947459034197,-2.94499937436526
PER,2003,47.546,47.885177015173824,0.6131324462279043,46.68343742056713,49.08691660978052,2.403479189213385,-0.9534347069467728
PER,2004,47.445,47.60178323252223,0.6129230504438573,46.40045405365227,48.80311241139219,2.4026583577399205,-0.4401770151738233
PER,2005,46.457,46.86481535838058,0.612896476005302,45.66353826541019,48.066092451350976,2.4025541859407835,-1.1447832325222294
PER,2006,46.838,46.84755284124248,0.6128931034119451,45.64628235855507,48.048823323929895,2.402540965374825,-0.0268153583805812
PER,2007,47.635,47.3544750644851,0.6128926753916794,46.15320542071741,48.55574470825279,2.402539287535383,0.7874471587575158
PER,2008,47.82,47.6541585300116,0.6128926210710561,46.45288899271233,48.85542806731087,2.40253907459854,0.4655249355148996
PER,2009,47.434,47.51243063377794,0.6128926141771532,46.31116110999072,48.71370015756516,2.402539047574441,-0.2201585300116022
PER,2010,49.449,48.7591045709047,0.6128926133022388,47.55783504883231,49.96037409297709,2.402539044144776,1.9365693662220596
PER,2011,50.024,49.57338584147381,0.6128926131912023,48.37211631961905,50.77465536332856,2.402539043709513,1.2648954290953045
PER,2012,49.803,49.72120083426771,0.6128926131771103,48.519931312440576,50.92247035609485,2.402539043654272,0.2296141585261892
PER,2013,50.078,49.95089166191442,0.612892613175322,48.74962214009079,51.15216118373805,2.4025390436472622,0.3567991657322906
PER,2014,49.862,49.893667314558975,0.6128926131750949,48.69239779273579,51.09493683638216,2.402539043646372,-0.0888916619144168
PER,2015,50.991,50.60007942795397,0.6128926131750662,49.39880990613084,51.8013489497771,2.4025390436462595,1.0973326854410246
PER,2016,50.775,50.71268521525505,0.6128926131750625,49.51141569343193,51.91395473707817,2.402539043646245,0.1749205720460267
PER,2017,52.931,52.14073384267492,0.612892613175062,50.9394643208518,53.34200336449804,2.402539043646243,2.218314784744948
PER,2018,53.445,52.98036017008653,0.612892613175062,51.779090648263406,54.18162969190965,2.402539043646243,1.304266157325081
PER,2019,53.002,52.99429089336262,0.612892613175062,51.793021371539496,54.19556041518574,2.402539043646243,0.0216398299134752
PER,2020,52.247,52.51321952247846,0.612892613175062,51.31195000065534,53.71448904430158,2.402539043646243,-0.7472908933626172
PER,2021,53.496,53.14588821387928,0.612892613175062,51.94461869205616,54.3471577357024,2.402539043646243,0.982780477521544
PER,2022,53.618,53.44981198195531,0.612892613175062,52.248542460132185,54.65108150377843,2.402539043646243,0.4721117861207204
PER,2023,54.426,54.07823675235269,0.612892613175062,52.876967230529566,55.27950627417581,2.402539043646243,0.9761880180446952
PER,2024,50.989,52.08952877713198,0.612892613175062,50.88825925530886,53.2907982989551,2.402539043646243,-3.08923675235269
PHL,2000,44.46,44.46,1.1377943271360684,42.2299231188133,46.6900768811867,4.4601537623733885,0.0
PHL,2001,43.378,43.86185694783676,0.885987642630438,42.125321168281104,45.59839272739242,3.4730715591113173,-1.0820000000000007
PHL,2002,43.254,43.57779065724342,0.8146065940643393,41.98116173287731,45.17441958160953,3.1932578487322103,-0.6078569478367655
PHL,2003,43.122,43.37637209659188,0.7921470302797079,41.82376391724365,44.928980275940106,3.1052163586964547,-0.4557906572434191
PHL,2004,41.491,42.55834532633096,0.7849174500255254,41.01990712428093,44.09678352838099,3.07687640410006,-1.88537209659188
PHL,2005,38.331,40.73510947883263,0.7825756420003489,39.201261220511945,42.26895773715331,3.067696516641368,-4.227345326330955
PHL,2006,38.248,39.66451236962403,0.7818156246166359,38.13215374537542,41.19687099387264,3.0647172484972125,-2.487109478832629
PHL,2007,38.11,38.995781917473785,0.7815688154871708,37.46390703911893,40.52765679582864,3.0637497567097096,-1.5545123696240282
PHL,2008,38.539,38.79932074743646,0.7814886505294948,37.26760299239865,40.33103850247427,3.06343551007562,-0.4567819174737835
PHL,2009,38.952,38.864983473006426,0.7814626108474318,37.33331675574546,40.396650190267394,3.0633334345219327,0.1526792525635372
PHL,2010,39.905,39.31225342169567,0.7814541522998092,37.78060328318804,40.843903560203294,3.063300277015252,1.0400165269935755
PHL,2011,39.833,39.53620434116489,0.7814514046660301,38.00455958801947,41.06784909431031,3.0632895062908383,0.5207465783043332
PHL,2012,40.866,40.10809149823653,0.7814505121359828,38.576448494450005,41.63973450202306,3.0632860075730526,1.32979565883511
PHL,2013,41.749,40.81377420635122,0.7814502222099898,39.28213177081964,42.3454166418828,3.06328487106316,1.6409085017634697
PHL,2014,43.404,41.92771633666721,0.781450128031535,40.3960740857254,43.45935858760902,3.063284501883617,2.590225793648784
PHL,2015,44.256,42.92900860516498,0.7814500974389622,41.39736641418462,44.46065079614535,3.063284381960732,2.3282836633327904
PHL,2016,45.026,43.830832231907245,0.7814500875013864,42.29919006040453,45.36247440340996,3.0632843430054346,2.0969913948350225
PHL,2017,48.377,45.78593871475991,0.7814500842733019,44.25429654958424,47.317580879935576,3.063284330351343,4.546167768092758
PHL,2018,47.915,46.70155417866935,0.781450083224703,45.16991201554893,48.23319634178976,3.063284326240836,2.129061285240091
PHL,2019,47.336,46.97440137595007,0.7814500828840801,45.44275921349728,48.50604353840287,3.063284324905594,0.634445821330651
PHL,2020,47.905,47.3746108465726,0.7814500827734334,45.84296868433667,48.90625300880853,3.063284324471859,0.930598624049928
PHL,2021,49.562,48.31531055580745,0.7814500827374915,46.78366839364197,49.84695271797293,3.0632843243309664,2.1873891534273966
PHL,2022,48.442,48.36979410443654,0.7814500827258162,46.83815194229393,49.90143626657914,3.0632843242851995,0.1266894441925501
PHL,2023,48.38,48.37418321049643,0.7814500827220237,46.84254104836127,49.9058253726316,3.0632843242703327,0.010205895563466
PHL,2024,47.923,48.180149188592985,0.7814500827207916,46.64850702646023,49.71179135072574,3.0632843242655032,-0.4511832104964313
PNG,2000,38.359,38.359,1.0758916158863692,36.25025243286272,40.46774756713729,4.217495134274567,0.0
PNG,2001,38.644,38.57300766873428,0.9700992965194054,36.67161304755624,40.47440228991231,3.802789242356069,0.2849999999999966
PNG,2002,37.17,37.53519433817077,0.9628387305175936,35.648030426356286,39.42235824998525,3.7743278236289663,-1.4030076687342756
PNG,2003,35.382,35.94410175036215,0.9623433803779566,34.05790872482135,37.83029477590295,3.77238605108159,-2.1531943381707705
PNG,2004,33.037,33.796063691472554,0.96230960646628,31.909936862798645,35.68219052014646,3.772253657347817,-2.907101750362152
PNG,2005,32.761,33.03126570596971,0.9623073037981152,31.1451433905254,34.91738802141401,3.772244630888612,-1.0350636914725513
PNG,2006,33.331,33.25273624092605,0.9623071468052028,31.36661423318785,35.13885824866424,3.7722440154763945,0.2997342940302943
PNG,2008,23.05,25.71404131000306,0.9623071361016328,23.82791932324386,27.60016329676226,3.772243973518401,-10.202736240926049
PNG,2009,28.134,27.502123433352928,0.9623071353718776,25.616001448024047,29.38824541868181,3.77224397065776,2.419958689996939
PNG,2010,28.748,28.422688575931705,0.9623071353221238,26.536566590700343,30.308810561163067,3.772243970462725,1.2458765666470732
PNG,2011,29.811,29.448497342422616,0.9623071353187316,27.5623753571979,31.33461932764733,3.772243970449428,1.388311424068295
PNG,2012,29.676,29.61659667265709,0.9623071353185004,27.730474687432828,31.50271865788135,3.772243970448521,0.2275026575773822
PNG,2013,30.752,30.455534296088626,0.9623071353184846,28.5694123108644,32.34165628131286,3.7722439704484594,1.1354033273429105
PNG,2014,29.826,29.99037800007424,0.9623071353184834,28.10425601485001,31.87649998529847,3.772243970448455,-0.6295342960886252
PNG,2015,29.419,29.56819278190588,0.9623071353184836,27.682070796681653,31.45431476713011,3.772243970448456,-0.5713780000742403
PNG,2016,31.371,30.9002681481042,0.9623071353184834,29.01414616287997,32.786390133328425,3.772243970448455,1.8028072180941168
PNG,2017,34.857,33.82385586045797,0.9623071353184836,31.93773387523374,35.7099778456822,3.772243970448456,3.9567318518958
PNG,2018,33.669,33.70943448752516,0.9623071353184834,31.82331250230093,35.59555647274939,3.772243970448455,-0.154855860457971
PNG,2019,34.004,33.92708585865409,0.9623071353184836,32.04096387342986,35.81320784387832,3.772243970448456,0.2945655124748398
PNG,2020,34.589,34.416167283099085,0.9623071353184834,32.53004529787486,36.302289268323314,3.772243970448455,0.6619141413459104
PNG,2021,34.997,34.84533849247759,0.9623071353184836,32.95921650725336,36.731460477701816,3.772243970448456,0.5808327169009146
PNG,2022,32.466,33.08727020771251,0.9623071353184834,31.20114822248828,34.973392192936736,3.772243970448455,-2.3793384924775864
PNG,2023,33.971,33.74024889276915,0.9623071353184836,31.854126907544924,35.62637087799338,3.772243970448456,0.8837297922874896
PNG,2024,28.312,29.72937265537793,0.9623071353184834,27.843250670153697,31.615494640602154,3.772243970448455,-5.428248892769151
POL,2000,61.958,61.958,0.717567744466562,60.551567220845534,63.36443277915446,2.812865558308923,0.0
POL,2001,61.512,61.69359368522375,0.5781083314293051,60.56050135562231,62.82668601482519,2.266184659202876,-0.4459999999999979
POL,2002,62.336,62.03517853426274,0.5475012878377614,60.96207601010073,63.10828105842475,2.146205048324025,0.6424063147762524
POL,2003,61.216,61.610900026797886,0.5403522702965327,60.55180957701669,62.66999047657909,2.118180899562408,-0.8191785342627398
POL,2004,60.423,60.99948278745404,0.5386660938623533,59.94369724348383,62.05526833142424,2.111571087940425,-1.187900026797884
POL,2005,60.12,60.54747875618601,0.5382675863272457,59.49247428698461,61.60248322538741,2.110008938402803,-0.8794827874540374
POL,2006,59.447,59.982093389480426,0.5381733604037156,58.92727360308914,61.03691317587171,2.109639572782565,-1.100478756186007
POL,2007,59.141,59.55000643176764,0.5381510785534659,58.49523031780284,60.60478254573243,2.109552227929586,-0.8410933894804273
POL,2008,60.322,59.94658762520039,0.5381458093716056,58.89182183883204,61.001353411568736,2.109531572736694,0.771993568232368
POL,2009,60.812,60.391156980660895,0.5381445633150743,59.33639363656335,61.44592032475844,2.109526688195092,0.865412374799611
POL,2010,62.558,61.50428059386012,0.5381442686471094,60.44951782731179,62.55904336040846,2.1095255330966687,2.1668430193391046
POL,2011,63.715,62.63994354400474,0.5381441989638835,61.58518091403553,63.69470617397396,2.1095252599384238,2.21071940613988
POL,2012,64.424,63.556426517072175,0.5381441824851585,62.50166391940127,64.61118911474308,2.109525195341821,1.7840564559952623
POL,2013,64.828,64.20964319377173,0.538144178588261,63.15488060373873,65.26440578380472,2.109525180065983,1.2715734829278276
POL,2014,65.801,65.02713491942016,0.5381441776667206,63.97237233119339,66.08189750764694,2.1095251764535448,1.5913568062282764
POL,2015,66.233,65.64659670257642,0.5381441774487944,64.59183411477677,66.70135929037606,2.109525175599274,1.2058650805798408
POL,2016,66.336,66.00074825960522,0.5381441773972591,64.94598567190658,67.05551084730385,2.1095251753972555,0.6894032974235813
POL,2017,65.492,65.73940052753017,0.538144177385072,64.68463793985542,66.79416311520491,2.109525175349482,-0.5087482596052126
POL,2018,64.318,65.0092165962385,0.5381441773821899,63.95445400856941,66.06397918390759,2.1095251753381845,-1.421400527530167
POL,2019,63.968,64.47433595363266,0.5381441773815083,63.41957336596491,65.52909854130041,2.1095251753355124,-1.041216596238499
POL,2020,65.259,64.87742365975127,0.5381441773813471,63.82266107208383,65.93218624741871,2.1095251753348805,0.7846640463673396
POL,2021,65.735,65.317966948835,0.5381441773813092,64.26320436116762,66.37272953650236,2.109525175334732,0.8575763402487269
POL,2022,66.783,66.0705652292276,0.5381441773813002,65.01580264156024,67.12532781689495,2.1095251753346966,1.4650330511650085
POL,2023,66.212,66.14322131380288,0.538144177381298,65.08845872613554,67.19798390147022,2.109525175334688,0.1414347707724061
POL,2024,63.419,64.74376873862273,0.5381441773812975,63.68900615095539,65.79853132629007,2.109525175334686,-2.724221313802886
PRK,2000,17.06,17.06,0.9531108399951288,15.191902753609549,18.92809724639045,3.736194492780904,0.0
PRK,2001,15.775,16.221497931857293,0.8042695989518255,14.645129517911716,17.79786634580287,3.152736827891156,-1.2849999999999984
PRK,2002,16.883,16.62994697714984,0.7823561252747195,15.096528971611388,18.16336498268829,3.0668360110769006,0.6615020681427062
PRK,2003,16.883,16.78487981955078,0.7790532203297653,15.257935507704442,18.31182413139712,3.05388862369268,0.2530530228501604
PRK,2004,17.23,17.05705777040851,0.7785544215775638,15.531091104116484,18.583024436700533,3.05193333258405,0.4451201804492193
PRK,2005,18.209,17.761300368391012,0.7784790746966609,16.235481381985558,19.287119354796467,3.0516379728109104,1.1519422295914907
PRK,2006,14.902,16.01331146235207,0.7784676926196092,14.487514784817638,17.539108139886505,3.051593355068868,-2.859300368391013
PRK,2007,16.261,16.164731337015727,0.7784659732065516,14.638938029530886,17.690524644500567,3.051586614969682,0.2476885376479281
PRK,2008,16.965,16.653960676953396,0.7784657134662799,15.128167878559488,18.179753475347304,3.051585596787817,0.8002686629842728
PRK,2009,15.308,15.831132772218307,0.778465674229043,14.305340050729384,17.356925493707234,3.0515854429778484,-1.3459606769533965
PRK,2010,14.96,15.298582040931356,0.7784656683017341,13.772789331059958,16.824374750802754,3.0515854197427976,-0.8711327722183082
PRK,2011,14.817,15.004175865820308,0.7784656674063349,13.478383157703892,16.529968573936724,3.051585416232833,-0.4815820409313556
PRK,2012,17.676,16.637545586415843,0.7784656672710729,15.11175287856454,18.163338294267145,3.051585415702606,2.6718241341796904
PRK,2013,17.828,17.365307630302237,0.7784656672506399,15.839514922490984,18.891100338113493,3.0515854156225086,1.1904544135841562
PRK,2014,17.846,17.659169921421654,0.7784656672475532,16.13337721361645,19.18496262922686,3.0515854156104085,0.4806923696977634
PRK,2015,19.331,18.681211976222105,0.778465667247087,17.155419268417816,20.207004684026398,3.051585415608581,1.6718300785783455
PRK,2016,19.421,19.133467550294284,0.7784656672470164,17.607674842490134,20.659260258098435,3.051585415608304,0.7397880237778942
PRK,2017,22.036,20.90787648516893,0.7784656672470058,19.3820837773648,22.433669192973067,3.0515854156082627,2.902532449705717
PRK,2018,22.713,22.01140498959386,0.7784656672470042,20.48561228178973,23.53719769739799,3.0515854156082565,1.8051235148310667
PRK,2019,23.809,23.11033108362396,0.7784656672470038,21.584538375819832,24.63612379142809,3.051585415608255,1.7975950104061411
PRK,2020,22.651,22.82952761528353,0.778465667247004,21.3037349074794,24.35532032308766,3.051585415608256,-0.4593310836239617
PRK,2021,20.275,21.267864928135047,0.778465667247004,19.74207222033092,22.793657635939176,3.051585415608256,-2.554527615283533
PRK,2022,22.246,21.86582951289185,0.778465667247004,20.34003680508772,23.39162222069597,3.051585415608256,0.9781350718649512
PRK,2023,21.506,21.645854469108404,0.778465667247004,20.120061761304274,23.171647176912533,3.051585415608256,-0.3598295128918458
PRK,2024,26.974,24.90311660145252,0.778465667247004,23.377323893648388,26.42890930925665,3.051585415608256,5.328145530891597
PRT,2000,65.798,65.798,0.5761930917212056,64.66866154022644,66.92733845977357,2.258676919547126,0.0
PRT,2001,66.368,66.16932005302392,0.4858222501929332,65.21710844264578,67.12153166340207,1.904423220756298,0.5699999999999932
PRT,2002,66.839,66.58183021727781,0.4724156832505552,65.65589547810673,67.5077649564489,1.8518694783421763,0.6696799469760748
PRT,2003,66.758,66.68941356657807,0.4703784840482295,65.76747173784354,67.6113553953126,1.84388365746906,0.1761697827221837
PRT,2004,66.668,66.67635397265397,0.4700682946120065,65.75502011521444,67.5976878300935,1.842667714879065,-0.0214135665780617
PRT,2005,67.293,67.05235523548833,0.4700210517046563,66.13111397414721,67.97359649682946,1.8424825226822528,0.6166460273460359
PRT,2006,67.647,67.41493007867106,0.4700138561628418,66.49370292059189,68.33615723675024,1.84245431615834,0.5946447645116706
PRT,2007,68.187,67.8856847912163,0.470012760207123,66.96445978121035,68.80690980122226,1.8424500200119225,0.772069921328935
PRT,2008,68.953,68.53645914926206,0.470012593281536,67.61523446643025,69.45768383209386,1.8424493656636207,1.0673152087836968
PRT,2009,68.868,68.73860960977002,0.4700125678570092,67.81738497677028,69.65983424276976,1.842449265999476,0.3315408507379374
PRT,2010,68.731,68.73396980115963,0.4700125639845856,67.81274517574984,69.65519442656942,1.842449250819576,-0.0076096097700286
PRT,2011,68.393,68.52607022902082,0.4700125633947747,67.60484560476706,69.44729485327457,1.8424492485075168,-0.3409698011596305
PRT,2012,68.929,68.7717486635087,0.4700125633049403,67.85052403943102,69.69297328758638,1.8424492481553656,0.4029297709791848
PRT,2013,69.098,68.97067394371153,0.4700125632912575,68.04944931966067,69.8918985677624,1.8424492481017296,0.3262513364912962
PRT,2014,69.385,69.22330103706899,0.4700125632891735,68.3020764130222,70.14452566111578,1.8424492480935604,0.4143260562884734
PRT,2015,69.678,69.5005447093274,0.4700125632888561,68.57932008528124,70.42176933337356,1.842449248092316,0.4546989629310047
PRT,2016,69.683,69.61179320323855,0.4700125632888078,68.69056857919249,70.53301782728461,1.8424492480921264,0.1824552906726069
PRT,2017,69.764,69.7045982780617,0.4700125632888004,68.78337365401565,70.62582290210774,1.842449248092097,0.1522067967614475
PRT,2018,69.362,69.49570577453157,0.4700125632887993,68.57448115048552,70.41693039857762,1.842449248092093,-0.3425982780617005
PRT,2019,69.521,69.51112842672016,0.4700125632887991,68.58990380267412,70.43235305076621,1.8424492480920929,0.0252942254684285
PRT,2020,70.574,70.15919328311574,0.4700125632887991,69.2379686590697,71.08041790716179,1.8424492480920924,1.0628715732798355
PRT,2021,70.732,70.50845081530706,0.4700125632887991,69.58722619126101,71.4296754393531,1.8424492480920924,0.5728067168842585
PRT,2022,73.113,72.09652301122121,0.4700125632887991,71.17529838717516,73.01774763526726,1.8424492480920924,2.6045491846929423
PRT,2023,74.191,73.37358880456837,0.4700125632887991,72.45236418052232,74.29481342861442,1.8424492480920924,2.094476988778794
PRT,2024,69.995,71.31356130595371,0.4700125632887991,70.39233668190766,72.23478592999976,1.8424492480920924,-3.3785888045683663
PRY,2000,34.904,34.904,0.8826254930399561,33.17405403364169,36.63394596635832,3.459891932716628,0.0
PRY,2001,36.434,35.91561290334471,0.7495067280549138,34.44657971635708,37.38464609033234,2.938066373975262,1.529999999999994
PRY,2002,36.118,36.04292339813088,0.7310629319764781,34.610040051456984,37.47580674480478,2.865766693347794,0.2023870966552934
PRY,2003,36.22,36.15351984515212,0.728457248353899,34.725743638378475,37.58129605192576,2.8555524135472843,0.1770766018691176
PRY,2004,36.25,36.213717327058646,0.7280886106519805,34.78666365018076,37.64077100393653,2.8541073537557637,0.0964801548478817
PRY,2005,36.267,36.246957563683935,0.7280364490371316,34.820006123571154,37.67390900379672,2.853902880225556,0.0532826729413571
PRY,2006,36.327,36.296890786415055,0.7280290680846457,34.86995381296915,37.72382775986096,2.8538739468918117,0.080042436316063
PRY,2007,36.961,36.71118374976184,0.7280280236645592,35.28424882337931,38.13811867614438,2.853869852765072,0.6641092135849433
PRY,2008,38.916,38.08661939861239,0.7280278758768821,36.65968476189369,39.51355403533108,2.8538692734373776,2.204816250238153
PRY,2009,39.023,38.67076385324031,0.7280278549646081,37.24382925750968,40.09769844897094,2.853869191461264,0.9363806013876186
PRY,2010,39.384,39.11570358817883,0.7280278520054765,37.6887689982481,40.54263817810956,2.853869179861468,0.7132361467596908
PRY,2011,39.702,39.48145421783521,0.7280278515867529,38.05451962872517,40.90838880694524,2.853869178220071,0.5862964118211664
PRY,2012,39.814,39.68890701260627,0.7280278515275026,38.26197242361237,41.115841601600174,2.8538691779878103,0.332545782164793
PRY,2013,39.88,39.80811698735622,0.7280278515191186,38.38118239837875,41.235051576333696,2.853869177954945,0.1910929873937306
PRY,2014,40.234,40.07379655977783,0.7280278515179321,38.64686197080268,41.500731148752976,2.853869177950294,0.42588301264378
PRY,2015,40.752,40.496881760792206,0.7280278515177643,39.06994717181739,41.92381634976702,2.853869177949636,0.6782034402221768
PRY,2016,41.149,40.903694171283625,0.7280278515177405,39.47675958230885,42.3306287602584,2.853869177949542,0.6521182392077947
PRY,2017,42.621,41.97500498844427,0.7280278515177372,40.5480703994695,43.40193957741904,2.8538691779495298,1.717305828716377
PRY,2018,42.517,42.3131189743269,0.7280278515177369,40.88618438535213,43.740053563301664,2.8538691779495284,0.5419950115557342
PRY,2019,42.841,42.64242820016244,0.7280278515177366,41.21549361118767,44.0693627891372,2.8538691779495275,0.5278810256731035
PRY,2020,43.039,42.8898224917572,0.7280278515177367,41.462887902782434,44.31675708073197,2.853869177949528,0.3965717998375666
PRY,2021,43.244,43.1107698556051,0.7280278515177367,41.68383526663033,44.537704444579866,2.853869177949528,0.3541775082427989
PRY,2022,44.42,43.92750988664048,0.7280278515177367,42.50057529766571,45.354444475615246,2.853869177949528,1.3092301443949026
PRY,2023,45.134,44.680157369474415,0.7280278515177367,43.25322278049965,46.10709195844918,2.853869177949528,1.2064901133595214
PRY,2024,37.463,40.17786160492336,0.7280278515177367,38.75092701594859,41.604796193898125,2.853869177949528,-7.217157369474414
QAT,2000,41.456,41.456,1.337215522777017,38.83505757535705,44.07694242464296,5.241884849285907,0.0
QAT,2001,40.12,40.73577673641769,1.02856134972354,38.71979649095955,42.75175698187583,4.031960490916276,-1.3360000000000056
QAT,2002,40.417,40.59434163259981,0.9331149638306516,38.76543630349174,42.42324696170789,3.657810658216154,-0.3187767364176892
QAT,2003,40.905,40.72248744557521,0.8997265573732579,38.95902339312362,42.4859514980268,3.526928104903171,0.3106583674001868
QAT,2004,42.304,41.35751772775004,0.8876888261208813,39.61764762855312,43.09738782694697,3.4797401983938547,1.5815125544247906
QAT,2005,39.485,40.613040879505,0.8833086564724849,38.88175591281893,42.34432584619107,3.4625699333721407,-1.8725177277500435
QAT,2006,40.513,40.57341041315926,0.8817098613507017,38.84525908491188,42.30156174140664,3.4563026564947505,-0.100040879505002
QAT,2007,40.925,40.71250555737012,0.8811256416882514,38.98549929966115,42.43951181507909,3.4540125154179453,0.3515895868407384
QAT,2008,41.976,41.21212432934166,0.8809120749218263,39.48553666249488,42.938711996188445,3.45317533369356,1.263494442629877
QAT,2009,44.067,42.34081677234117,0.8808339922623848,40.61438214750689,44.06725139717544,3.452869249668548,2.8548756706583376
QAT,2010,47.073,44.21159288802489,0.8808054427511846,42.48521422023256,45.937971555817214,3.4527573355846437,4.732183227658837
QAT,2011,48.565,45.93258647894175,0.880795003935736,44.20622827122771,47.65894468665579,3.452716415428085,4.353407111975109
QAT,2012,49.956,47.52311286291635,0.880791187070242,45.79676213625868,49.24946358957402,3.4527014533153486,4.023413521058252
QAT,2013,49.93,48.47459481802154,0.8807897914616872,46.74824682675663,50.200942809286445,3.452695982529814,2.4068871370836504
QAT,2014,50.498,49.27447914082594,0.8807892811672857,47.54813214973806,51.00082613191382,3.45269398217576,2.023405181978461
QAT,2015,50.097,49.59963461020289,0.8807890945816805,47.8732879848228,51.32598123558299,3.452693250760188,0.8225208591740625
QAT,2016,50.009,49.76146318070198,0.8807890263579407,48.035116689040414,51.48780967236355,3.4526929833231272,0.4093653897971094
QAT,2017,50.172,49.92375482649538,0.8807890014123995,48.19740838372708,51.650101269263686,3.4526928855366057,0.4105368192980165
QAT,2018,51.423,50.516429953741095,0.8807889922912338,48.79008352885028,52.24277637863192,3.452692849781636,1.4992451735046188
QAT,2019,51.635,50.958618230345344,0.8807889889561422,49.2322718119913,52.684964648699385,3.4526928367080774,1.1185700462589026
QAT,2020,50.689,50.8520339170195,0.8807889877366888,49.12568750105559,52.57838033298341,3.45269283192782,-0.269618230345344
QAT,2021,50.045,50.53300075787841,0.8807889872908041,48.806654342788434,52.25934717296839,3.452692830179952,-0.8070339170194956
QAT,2022,48.84,49.863731017631295,0.8807889871277694,48.13738460286087,51.59007743240172,3.452692829540856,-1.6930007578784083
QAT,2023,48.511,49.32897524008144,0.8807889870681569,47.60262882542786,51.05532165473503,3.452692829307175,-1.3527310176312923
QAT,2024,51.283,50.101431860186096,0.88078898704636,48.37508544557523,51.82777827479696,3.452692829221731,1.9540247599185605
ROU,2000,50.121,50.121,1.355435680977888,47.464346065283344,52.77765393471666,5.313307869433321,0.0
ROU,2001,49.262,49.64891518419216,1.0524391908705415,47.5861343700859,51.71169599829842,4.125561628212523,-0.8590000000000018
ROU,2002,50.099,49.85677517075861,0.9647656773815764,47.96583444309072,51.7477158984265,3.781881455335779,0.4500848158078341
ROU,2003,49.756,49.81292298477906,0.9364884603641394,47.97740560246535,51.64844036709277,3.6710347646274255,-0.1007751707586095
ROU,2004,47.27,48.72834709415709,0.9271434775373316,46.91114587818392,50.545548310130265,3.63440243194634,-2.5429229847790538
ROU,2005,48.824,48.76887058092648,0.9240338844445672,46.95776416741513,50.57997699443784,3.622212827022704,0.095652905842904
ROU,2006,51.817,50.05731815209363,0.922996920981703,48.24824418696949,51.86639211721776,3.618147930248276,3.0481294190735184
ROU,2007,52.21,50.96657690948419,0.9226508791560304,49.15818118633837,52.77497263263001,3.6167914462916393,2.152681847906372
ROU,2008,53.672,52.10901873316227,0.92253537572825,50.3008493967349,53.91718806958964,3.61633867285474,2.705423090515808
ROU,2009,54.916,53.29424730780201,0.9224968194746086,51.48615354163178,55.10234107397224,3.6161875323404655,2.806981266837724
ROU,2010,56.643,54.70819569236968,0.9224839486605224,52.900127152995054,56.5162642317443,3.616137078749248,3.3487526921979907
ROU,2011,56.805,55.59352396789427,0.9224796520997958,53.78546384977867,57.40158408600987,3.6161202362312,2.0968043076303218
ROU,2012,56.681,56.052684740693806,0.9224782178092262,54.24462743378772,57.86074204759989,3.616114613812167,1.0874760321057266
ROU,2013,56.515,56.24788611076001,0.9224777390096588,54.43982974230107,58.05594247921894,3.616112736917863,0.4623152593061945
ROU,2014,56.719,56.44680241931314,0.9224775791751708,54.6387463641298,58.25485847449647,3.616112110366669,0.4711138892399944
ROU,2015,57.532,56.90500048300847,0.9224775258186764,55.09694453240387,58.71305643361308,3.6161119012092113,1.0851975806868597
ROU,2016,56.361,56.67530962967983,0.9224775080070288,54.86725371398605,58.48336554537361,3.616111831387552,-0.5440004830084746
ROU,2017,59.933,58.05078942200504,0.9224775020610836,56.24273351796531,59.858845326044765,3.616111808079447,3.2576903703201694
ROU,2018,59.336,58.59343803815742,0.9224775000761876,56.785382138008096,60.40149393830675,3.616111800298656,1.2852105779949596
ROU,2019,59.088,58.8022546853318,0.9224774994135828,56.99419878648117,60.61031058418242,3.6161117977012447,0.494561961842578
ROU,2020,60.852,59.6677093239588,0.92247749919239,57.85965342554172,61.47576522237589,3.616111796834168,2.0497453146682005
ROU,2021,61.18,60.30623693563653,0.9224774991185504,58.49818103736417,62.11429283390888,3.616111796544718,1.5122906760411965
ROU,2022,61.918,60.986764321229785,0.9224774990939012,59.17870842300574,62.79482021945383,3.616111796448093,1.6117630643634726
ROU,2023,62.774,61.74138071043903,0.9224774990856726,59.93332481223111,63.54943660864695,3.616111796415837,1.787235678770216
ROU,2024,59.942,60.98163637976939,0.9224774990829258,59.17358048156686,62.78969227797192,3.616111796405069,-1.7993807104390314
RUS,2000,51.652,51.652,0.8317775225093763,50.021716055881626,53.282283944118376,3.2605678882367557,0.0
RUS,2001,51.697,51.68558905673858,0.7479155290143904,50.219674619870375,53.15150349360678,2.93182887373641,0.0450000000000017
RUS,2002,50.476,50.79711770706241,0.7419295911549799,49.34293570839865,52.251299705726176,2.908363997327521,-1.2095890567385794
RUS,2003,50.468,50.55564998730109,0.7415045489352184,49.10230107138806,52.00899890321411,2.9066978318260563,-0.3291177070624087
RUS,2004,49.539,49.80981292696995,0.7414743866738617,48.356523129089176,51.26310272485072,2.9065795957615377,-1.0166499873010864
RUS,2005,48.455,48.815897744925536,0.7414722463665906,47.36261214204702,50.26918334780405,2.906571205757035,-1.3548129269699487
RUS,2006,48.766,48.77929187489924,0.7414720944913561,47.326006569696176,50.2325771801023,2.906570610406116,-0.0498977449255377
RUS,2007,48.506,48.57880011768809,0.7414720837143606,47.12551483360794,50.03208540176824,2.9065705681602934,-0.2732918748992361
RUS,2008,48.06,48.19819916839009,0.7414720829496301,46.74491388580881,49.65148445097137,2.90657056516255,-0.5188001176880874
RUS,2009,48.009,48.05939930958124,0.7414720828953651,46.60611402710632,49.51268459205616,2.9065705649498312,-0.1891991683900897
RUS,2010,47.175,47.410588321965534,0.7414720828915145,45.95730303949816,48.8638736044329,2.9065705649347366,-0.8843993095812408
RUS,2011,47.564,47.52313384439972,0.7414720828912414,46.069848561932886,48.97641912686655,2.9065705649336664,0.1534116780344661
RUS,2012,48.377,48.14954516980942,0.7414720828912219,46.69625988734263,49.602830452276216,2.90657056493359,0.8538661556002864
RUS,2013,49.402,49.068368202025646,0.7414720828912206,47.61508291955885,50.52165348449244,2.9065705649335847,1.2524548301905796
RUS,2014,48.64,48.75410970678688,0.7414720828912204,47.30082442432008,50.20739498925367,2.906570564933584,-0.4283682020256449
RUS,2015,49.557,49.34312423726284,0.7414720828912206,47.88983895479605,50.79640951972964,2.9065705649335847,0.8028902932131246
RUS,2016,48.504,48.72752784408142,0.7414720828912204,47.27424256161463,50.180813126548216,2.906570564933584,-0.839124237262844
RUS,2017,53.007,51.86702436547507,0.7414720828912206,50.413739083008274,53.32030964794186,2.9065705649335847,4.279472155918576
RUS,2018,53.439,53.02025351535541,0.7414720828912204,51.56696823288862,54.47353879782221,2.906570564933584,1.5719756345249325
RUS,2019,53.909,53.672253667543245,0.7414720828912206,52.21896838507645,55.12553895001004,2.9065705649335847,0.8887464846445852
RUS,2020,54.647,54.3873448303066,0.7414720828912204,52.9340595478398,55.84063011277339,2.906570564933584,0.9747463324567534
RUS,2021,54.696,54.61377972607345,0.7414720828912206,53.16049444360666,56.06706500854025,2.9065705649335847,0.3086551696934023
RUS,2022,50.448,51.55768998360087,0.7414720828912204,50.10440470113407,53.01097526606766,2.906570564933584,-4.165779726073453
RUS,2023,49.925,50.359919712578055,0.7414720828912206,48.90663443011126,51.81320499504485,2.9065705649335847,-1.6326899836008693
RUS,2024,58.561,56.37637737276457,0.7414720828912204,54.92309209029778,57.82966265523137,2.906570564933584,8.201080287421945
RWA,2000,17.003,17.003,2.272539326055975,12.548822920930288,21.457177079069712,8.908354158139423,0.0
RWA,2001,17.345,17.178080849658205,1.7042913725081736,13.837669759542184,20.518491939774226,6.680822180232041,0.3419999999999987
RWA,2002,21.287,18.797659828492996,1.495460145518805,15.866557943276137,21.72876171370985,5.862203770433716,4.108919150341794
RWA,2003,21.941,19.890329371061902,1.404385391136781,17.137734004433817,22.642924737689995,5.505190733256181,3.143340171507006
RWA,2004,23.243,20.987265187988683,1.3624881678419785,18.316788379018405,23.65774199695896,5.340953617940556,3.3526706289380925
RWA,2005,22.825,21.57130614130056,1.3428200130758188,18.939378915671952,24.20323336692916,5.26385445125721,1.837734812011316
RWA,2006,24.065,22.35286052905795,1.3335079546900737,19.739184937865403,24.966536120250492,5.227351182385089,2.4936938586994444
RWA,2007,25.476,23.32520451012514,1.3290822295564777,20.720203340194445,25.930205680055835,5.210002339861393,3.12313947094205
RWA,2008,27.21,24.53084705663631,1.3269751137677606,21.9299758336515,27.13171827962112,5.2017424459696215,3.884795489874861
RWA,2009,29.751,26.148465816666373,1.3259710723309217,23.549562514897765,28.74736911843498,5.197806603537213,5.22015294336369
RWA,2010,30.496,27.494705463398606,1.325492458864137,24.896740244024897,30.092670682772315,5.195930438747417,4.347534183333625
RWA,2011,32.383,29.00787361253734,1.3252642676142874,26.41035564801334,31.605391577061344,5.195035929048006,4.888294536601396
RWA,2012,32.993,30.24126414344694,1.325155461945804,27.643959438033164,32.83856884886072,5.194609410827551,3.98512638746266
RWA,2013,34.778,31.645267016729846,1.3251035792681771,29.048064001364217,34.24247003209548,5.194406030731255,4.536735856553058
RWA,2014,33.799,32.31176700283497,1.3250788391381996,29.7146124781241,34.90892152754584,5.194309049421742,2.153732983270153
RWA,2015,34.37,32.94870196545893,1.3250670417536223,30.35157056362183,35.54583336729603,5.194262803674199,2.058232997165028
RWA,2016,34.428,33.40647746473683,1.3250614161195058,30.8093570891426,36.00359784033106,5.194240751188462,1.479298034541067
RWA,2017,37.629,34.713150961221245,1.3250587335055748,32.11603584355032,37.31026607889217,5.194230235341853,4.222522535263167
RWA,2018,39.961,36.33711198339341,1.3250574542853422,33.73999937299414,38.934224593792685,5.1942252207985415,5.247849038778753
RWA,2019,41.853,38.04401681773771,1.325056844281347,35.44690540294627,40.64112823252916,5.1942228295828805,5.5158880166065885
RWA,2020,40.97,38.949468964552295,1.3250565533971408,36.3523581198939,41.54657980921069,5.194221689316792,2.9259831822622857
RWA,2021,41.39,39.70469668293401,1.3250564146871788,37.107586110147146,42.30180725572088,5.194221145573741,2.440531035447705
RWA,2022,37.101,38.89897707505693,1.325056348542458,36.30186663191372,41.49608751820015,5.194220886286435,-2.6036966829340145
RWA,2023,36.922,38.2871972435952,1.3250563170009295,35.69008686227338,40.88430762491702,5.194220762643645,-1.9769770750569364
RWA,2024,39.096,38.537483000070985,1.3250563019601522,35.940372648229086,41.13459335191288,5.194220703683797,0.8088027564047948
SAU,2000,43.991,43.991,1.0424749479284512,41.94774910206024,46.03425089793976,4.086501795879529,0.0
SAU,2001,43.916,43.938265640323166,0.9115188904503296,42.15168861504052,45.72484266560581,3.573154050565293,-0.0750000000000028
SAU,2002,46.315,45.56092950270685,0.8982007771183894,43.800455979554805,47.32140302585889,3.5209470463040864,2.3767343596768318
SAU,2003,43.193,43.94917031247283,0.8968403923586358,42.19136314344991,45.70697748149576,3.515614338045852,-2.3679295027068505
SAU,2004,42.396,42.89231411566307,0.8967014569132944,41.13477926011301,44.649848971213125,3.515069711100114,-1.5531703124728296
SAU,2005,42.856,42.86760492357615,0.8966872678248494,41.11009787863945,44.62511196851285,3.515014089873409,-0.0363141156630675
SAU,2006,40.699,41.39202713656473,0.8966858187363956,39.6345229318414,43.14953134128806,3.5150084094466707,-2.1686049235761544
SAU,2007,41.058,41.16474606064233,0.8966856707454346,39.40724214598128,42.92224997530338,3.515007829322104,-0.3340271365647282
SAU,2008,42.384,41.99435930903931,0.896685655631572,40.23685542400143,43.75186319407719,3.515007770075762,1.219253939357671
SAU,2009,43.115,42.756873442233584,0.8966856540880396,40.99936956022103,44.51437732424614,3.515007764025115,1.1206406909606912
SAU,2010,44.878,44.200145126965474,0.8966856539304033,42.44264124526188,45.957649008669065,3.515007763407181,2.1211265577664165
SAU,2011,45.479,45.07031245399637,0.8966856539143045,43.312808572324336,46.82781633566841,3.515007763344074,1.2788548730345255
SAU,2012,46.172,45.81993035618331,0.8966856539126603,44.062426474514496,47.57743423785213,3.5150077633376284,1.1016875460036246
SAU,2013,44.438,44.87962769203139,0.8966856539124924,43.12212381036291,46.63713157369988,3.5150077633369703,-1.381930356183311
SAU,2014,44.532,44.643092440100986,0.8966856539124752,42.88558855843254,46.40059632176944,3.515007763336903,-0.347627692031395
SAU,2015,44.774,44.732165472457424,0.8966856539124735,42.974661590788976,46.48966935412587,3.515007763336896,0.1309075598990148
SAU,2016,45.968,45.57306059680262,0.8966856539124732,43.81555671513417,47.33056447847107,3.515007763336895,1.235834527542579
SAU,2017,49.009,47.910966382166485,0.8966856539124732,46.15346250049804,49.66847026383493,3.515007763336895,3.4359394031973807
SAU,2018,48.58,48.36619488947961,0.8966856539124732,46.60869100781116,50.12369877114806,3.515007763336895,0.669033617833513
SAU,2019,49.617,49.21727640201358,0.8966856539124732,47.45977252034513,50.97478028368203,3.515007763336895,1.250805110520389
SAU,2020,49.808,49.61922066098341,0.8966856539124732,47.86171677931496,51.37672454265186,3.515007763336895,0.5907235979864183
SAU,2021,51.75,51.06906035821002,0.8966856539124732,49.311556476541575,52.82656423987847,3.515007763336895,2.1307793390165912
SAU,2022,47.303,48.50653137667579,0.8966856539124732,46.74902749500734,50.26403525834424,3.515007763336895,-3.7660603582100265
SAU,2023,47.057,47.52023115600159,0.8966856539124732,45.76272727433314,49.277735037670034,3.515007763336895,-1.449531376675786
SAU,2024,55.818,53.16625674304874,0.8966856539124732,51.40875286138029,54.92376062471719,3.515007763336895,8.297768843998412
SDN,2000,24.977,24.977,0.5808986511432915,23.838438643759147,26.115561356240853,2.277122712481703,0.0
SDN,2001,24.759,24.81142819902017,0.5265348572572499,23.77941987879596,25.84343651924438,2.06401664044842,-0.2179999999999999
SDN,2002,24.76,24.772879149094,0.523080306152065,23.747641749035957,25.798116549152045,2.050474800116095,-0.0514281990201688
SDN,2003,21.216,22.108969587330964,0.5228623509415052,21.08415937948561,23.13377979517632,2.0496204156907005,-3.556879149093998
SDN,2004,21.554,21.693349315889503,0.5228486084117185,20.66856604340254,22.718132588376477,2.0495665449739366,-0.5549695873309659
SDN,2005,22.061,21.96868435075756,0.5228477419520324,20.943902776531576,22.993465924983543,2.049563148451967,0.3676506841104938
SDN,2006,22.219,22.15614668005145,0.52284768732232,21.131365212899706,23.1809281472032,2.0495629343034945,0.2503156492424416
SDN,2007,22.108,22.120089451114264,0.5228476838779532,21.09530799071348,23.144870911515053,2.0495629208015766,-0.0481466800514489
SDN,2008,21.196,21.428035402237352,0.5228476836607882,20.403253942262207,22.452816862212497,2.0495629199502896,-0.9240894511142628
SDN,2009,21.444,21.43999134925788,0.522847683647096,20.415209889309573,22.46477280920619,2.049562919896616,0.0159645977626468
SDN,2010,21.955,21.82568325549392,0.5228476836462328,20.8009017955473,22.85046471544053,2.0495629198932326,0.5150086507421179
SDN,2011,23.741,23.260071134551318,0.5228476836461783,22.235289674604804,24.284852594497824,2.049562919893019,1.9153167445060824
SDN,2012,22.711,22.8488697066936,0.522847683646175,21.824088246747092,23.8736511666401,2.0495629198930057,-0.5490711345513155
SDN,2013,26.444,25.541276240047708,0.5228476836461747,24.516494780101205,26.56605769999421,2.0495629198930048,3.5951302933064007
SDN,2014,24.016,24.39899115471429,0.5228476836461746,23.374209694767792,25.4237726146608,2.0495629198930043,-1.5252762400477096
SDN,2015,23.892,24.019303581263344,0.5228476836461746,22.99452212131684,25.044085041209847,2.0495629198930043,-0.5069911547142958
SDN,2016,23.435,23.581716442186725,0.5228476836461746,22.55693498224022,24.606497902133228,2.0495629198930043,-0.5843035812633453
SDN,2017,25.78,25.228019226884424,0.5228476836461746,24.20323776693792,26.252800686830927,2.0495629198930043,2.1982835578132764
SDN,2018,25.639,25.53580426618592,0.5228476836461746,24.511022806239414,26.56058572613242,2.0495629198930043,0.4109807731155754
SDN,2019,26.769,26.45934916713353,0.5228476836461746,25.434567707187032,27.48413062708004,2.0495629198930043,1.2331957338140818
SDN,2020,27.085,26.92790141769992,0.5228476836461746,25.903119957753415,27.952682877646424,2.0495629198930043,0.6256508328664658
SDN,2021,27.032,27.00586123562904,0.5228476836461746,25.981079775682534,28.030642695575544,2.0495629198930043,0.1040985823000788
SDN,2022,23.835,24.631191387623254,0.5228476836461746,23.60640992767675,25.65597284756976,2.0495629198930043,-3.17086123562904
SDN,2023,23.309,23.640997308424136,0.5228476836461746,22.616215848477637,24.66577876837064,2.0495629198930043,-1.3221913876232527
SDN,2024,26.381,25.692995580070075,0.5228476836461746,24.66821412012357,26.71777704001658,2.0495629198930043,2.740002691575864
SEN,2000,37.81,37.81,0.6276691986390718,36.57976837066742,39.04023162933258,2.460463258665161,0.0
SEN,2001,37.979,37.92619960746482,0.5430390424897387,36.86184308418493,38.99055613074472,2.1287130465597754,0.1689999999999969
SEN,2002,40.251,39.46816627541171,0.5333554466470886,38.42278959998342,40.513542950840005,2.090753350856587,2.324800392535174
SEN,2003,39.829,39.70649333396782,0.532237159383046,38.66330850157705,40.74967816635859,2.0863696647815404,0.3608337245882893
SEN,2004,39.847,39.79925153716774,0.5321079847728358,38.756319887012985,40.8421831873225,2.0858633003095166,0.1405066660321807
SEN,2005,40.278,40.11528890336127,0.5320930634197899,39.07238649905848,41.158191307664055,2.0858048086055763,0.4787484628322573
SEN,2006,39.789,39.89989642574229,0.5320913398057501,38.85699739972301,40.94279545176156,2.08579805203854,-0.3262889033612666
SEN,2007,40.223,40.11318601845586,0.5320911407054438,39.07028738267319,41.15608465423853,2.08579727156534,0.3231035742577148
SEN,2008,39.615,39.78431969739913,0.5320911177067145,38.74142110669396,40.82721828810429,2.085797181410321,-0.4981860184558613
SEN,2009,40.146,40.023074830865056,0.5320911150500558,38.98017624536695,41.06597341636317,2.085797170996219,0.3616803026008739
SEN,2010,39.115,39.42362961465872,0.5320911147431765,38.38073102976209,40.46652819955534,2.085797169793252,-0.908074830865054
SEN,2011,39.167,39.25422133508224,0.5320911147077277,38.21132275025509,40.29711991990939,2.0857971696542927,-0.2566296146587135
SEN,2012,39.49,39.40986532822411,0.532091114703633,38.36696674340499,40.45276391304323,2.0857971696382416,0.2357786649177597
SEN,2013,40.714,40.27076055799562,0.53209111470316,39.22786197317743,41.31365914281382,2.085797169636387,1.3041346717758913
SEN,2014,40.813,40.62870775403157,0.5320911147031053,39.58580916921349,41.67160633884966,2.085797169636173,0.5422394420043801
SEN,2015,43.441,42.48517935291959,0.5320911147030991,41.44228076810151,43.52807793773766,2.0857971696361486,2.812292245968429
SEN,2016,43.802,43.35444894452716,0.5320911147030983,42.31155035970908,44.39734752934523,2.085797169636145,1.3168206470804122
SEN,2017,43.176,43.23664987942604,0.5320911147030982,42.19375129460797,44.27954846424412,2.085797169636145,-0.1784489445271546
SEN,2018,43.396,43.34184128460416,0.5320911147030982,42.29894269978608,44.38473986942223,2.085797169636145,0.1593501205739613
SEN,2019,42.465,42.76301419295546,0.5320911147030982,41.72011560813738,43.805912777773536,2.085797169636145,-0.8768412846041542
SEN,2020,43.131,43.005931763329386,0.5320911147030982,41.96303317851131,44.04883034814746,2.085797169636145,0.3679858070445405
SEN,2021,43.413,43.27464872234094,0.5320911147030982,42.23175013752287,44.31754730715902,2.085797169636145,0.4070682366706109
SEN,2022,44.842,44.309300486084965,0.5320911147030982,43.26640190126689,45.35219907090304,2.085797169636145,1.567351277659057
SEN,2023,45.329,44.98243223108656,0.5320911147030982,43.93953364626848,46.02533081590463,2.085797169636145,1.019699513915036
SEN,2024,40.448,41.98912857775455,0.5320911147030982,40.94622999293647,43.03202716257263,2.085797169636145,-4.534432231086555
SGP,2000,65.32,65.32,0.3917790335339258,64.5521130942735,66.08788690572649,1.5357738114529893,0.0
SGP,2001,65.411,65.38498750437603,0.3450839095883571,64.70862304158285,66.0613519671692,1.35272892558636,0.0910000000000081
SGP,2002,67.608,66.93271709410429,0.3407274059356248,66.26489137847047,67.60054280973812,1.335651431267649,2.2230124956239763
SGP,2003,67.578,67.38091014740054,0.3403203790464507,66.7138822044695,68.04793809033158,1.3340558858620866,0.6452829058957121
SGP,2004,68.317,68.03094324172145,0.3402823639786006,67.36398980832338,68.69789667511951,1.3339068667961145,0.9360898525994514
SGP,2005,68.597,68.42401229057849,0.3402788136198652,67.75706581588355,69.09095876527343,1.3338929493898717,0.566056758278549
SGP,2006,68.27,68.31706657231756,0.3402784820407455,67.65012074751769,68.98401239711743,1.3338916495997226,-0.1540122905784926
SGP,2007,68.218,68.24827502481186,0.3402784510735435,67.58132926070772,68.915220788916,1.3338915282082906,-0.0990665723175538
SGP,2008,68.928,68.72027411625848,0.3402784481814206,68.05332835782289,69.38721987469407,1.3338915168711687,0.6797249751881367
SGP,2009,68.007,68.22497859736315,0.3402784479113163,67.55803283945697,68.89192435526932,1.33389151581236,-0.713274116258475
SGP,2010,67.728,67.87987807203417,0.3402784478860904,67.21293231417744,68.54682382989091,1.3338915157134743,-0.4969785973631531
SGP,2011,68.7,68.44936840757892,0.3402784478837344,67.7824226497268,69.11631416543104,1.333891515704239,0.820121927965829
SGP,2012,68.813,68.70187315171607,0.3402784478835144,68.03492739386438,69.36881890956776,1.3338915157033764,0.3636315924210862
SGP,2013,68.697,68.6984892490166,0.3402784478834939,68.03154349116495,69.36543500686825,1.3338915157032962,-0.0048731517160689
SGP,2014,69.517,69.26686078784378,0.340278447883492,68.59991502999213,69.93380654569543,1.333891515703289,0.8185107509833927
SGP,2015,68.809,68.9489235582561,0.3402784478834917,68.28197780040445,69.61586931610775,1.3338915157032878,-0.457860787843785
SGP,2016,68.405,68.57122458553161,0.3402784478834918,67.90427882767996,69.23817034338326,1.333891515703288,-0.5439235582560968
SGP,2017,69.56,69.25782742269737,0.3402784478834918,68.59088166484572,69.92477318054902,1.333891515703288,0.9887754144683925
SGP,2018,69.831,69.65583683110604,0.3402784478834918,68.9888910732544,70.3227825889577,1.333891515703288,0.5731725773026284
SGP,2019,70.383,70.16077686859016,0.3402784478834918,69.49383111073851,70.82772262644181,1.333891515703288,0.7271631688939522
SGP,2020,70.382,70.31439358220389,0.3402784478834918,69.64744782435224,70.98133934005554,1.333891515703288,0.2212231314098431
SGP,2021,70.596,70.5099402782419,0.3402784478834918,69.84299452039025,71.17688603609355,1.333891515703288,0.2816064177961124
SGP,2022,68.173,68.88717559189448,0.3402784478834918,68.22022983404283,69.55412134974613,1.333891515703288,-2.3369402782418973
SGP,2023,66.659,67.33993679457791,0.3402784478834918,66.67299103672626,68.00688255242956,1.333891515703288,-2.2281755918944697
SGP,2024,68.124,67.8843880556861,0.3402784478834918,67.21744229783445,68.55133381353775,1.333891515703288,0.7840632054220862
SLE,2000,17.596,17.596,1.4399943290305195,14.773611115100184,20.41838888489982,5.644777769799636,0.0
SLE,2001,16.646,17.041496625973586,1.1513967498321742,14.784758996302523,19.298234255644648,4.513475259342123,-0.9499999999999992
SLE,2002,15.887,16.44398246076184,1.0842076669181089,14.318935433602348,18.56902948792133,4.2500940543189865,-1.1544966259735858
SLE,2003,16.147,16.295000147863863,1.0674232563528678,14.202850565412245,18.387149730315485,4.1842991649032415,-0.2969824607618427
SLE,2004,16.985,16.63839459335448,1.063180100853038,14.554561595682523,18.722227591026435,4.167665995343909,0.6899998521361361
SLE,2005,17.939,17.284362159504415,1.0621045862106129,15.202637170531611,19.366087148477217,4.163449977945603,1.30060540664552
SLE,2006,18.998,18.135032102186333,1.0618317995793056,16.053841775010895,20.21622242936177,4.162380654350878,1.7136378404955863
SLE,2007,19.89,19.006105224679565,1.0617626005498977,16.925050527601766,21.087159921757365,4.162109394155599,1.7549678978136676
SLE,2008,20.278,19.63738555722944,1.061745045798732,17.55636526746392,21.71840584699495,4.16204057953103,1.2718947753204333
SLE,2009,20.857,20.24271248145173,1.061740592376696,18.161700920393404,22.32372404251005,4.162023122116649,1.2196144427705633
SLE,2010,21.569,20.900982675302373,1.061739462595944,18.819973328614324,22.981992021990425,4.1620186933761,1.32628751854827
SLE,2011,22.131,21.51147119630797,1.061739175983674,19.430462411379967,23.59247998123597,4.162017569856002,1.2300173246976271
SLE,2012,23.465,22.48105652069054,1.0617391032734542,20.40004787827457,24.56206516310651,4.162017284831941,1.9535288036920304
SLE,2013,23.235,22.85525755943174,1.0617390848277108,20.77424895316943,24.93626616569405,4.162017212524627,0.7539434793094593
SLE,2014,24.786,23.813533398750067,1.061739080148239,21.73252480165952,25.894541995840616,4.162017194181097,1.93074244056826
SLE,2015,25.351,24.57661658555173,1.0617390789611107,22.495607990787956,26.657625180315502,4.162017189527554,1.5374666012499318
SLE,2016,26.257,25.41063296624966,1.06173907865995,23.32962437207616,27.49164156042316,4.162017188347004,1.680383414448272
SLE,2017,27.572,26.483373565263918,1.061739078583549,24.40236497124016,28.56438215928767,4.162017188047512,2.161367033750338
SLE,2018,27.673,27.07381496379909,1.0617390785641672,24.992806369813326,29.154823557784862,4.162017187971535,1.189626434736084
SLE,2019,28.199,27.63227248204225,1.0617390785592502,25.55126388806612,29.71328107601838,4.1620171879522605,1.1251850362009073
SLE,2020,29.263,28.441643397320544,1.0617390785580023,26.36063480334686,30.52265199129423,4.16201718794737,1.6307275179577516
SLE,2021,30.85,29.636971106187065,1.0617390785576863,27.555962512214,31.71797970016013,4.16201718794613,2.408356602679458
SLE,2022,30.376,30.003769658131,1.0617390785576055,27.92276106415809,32.08477825210391,4.162017187945814,0.7390288938129359
SLE,2023,30.229,30.115557118598407,1.0617390785575855,28.03454852462554,32.19656571257127,4.162017187945735,0.2252303418689969
SLE,2024,21.749,25.963025246637837,1.0617390785575804,23.882016652664976,28.04403384061069,4.162017187945716,-8.366557118598408
SLV,2000,42.696,42.696,0.524129620149601,41.66870594450678,43.72329405549321,2.054588110986436,0.0
SLV,2001,41.321,41.669894878818425,0.4712371795111149,40.74627000697664,42.59351975066021,1.8472497436835704,-1.375
SLV,2002,42.297,42.130397996373006,0.4674563708990422,41.21418350941088,43.04661248333513,1.8324289739242452,0.6271051211815717
SLV,2003,40.695,41.077551994163656,0.4671875145074138,40.16186446572912,41.99323952259819,1.831375056869062,-1.4353979963730057
SLV,2004,41.997,41.75190014053764,0.4671684076961537,40.83625006145317,42.6675502196221,1.8313001581689223,0.919448005836344
SLV,2005,42.074,41.98813555482245,0.467167049894149,41.07248813702992,42.90378297261498,1.831294835585064,0.3220998594623623
SLV,2006,41.421,41.57218552110167,0.4671669534039326,40.65653829242997,42.48783274977338,1.831294457343416,-0.5671355548224497
SLV,2007,43.489,42.97802054052452,0.4671669465469979,42.062373325292405,43.89366775575663,1.831294430464232,1.916814478898324
SLV,2008,43.626,43.4532633061262,0.4671669460597198,42.537616091849145,44.36891052040325,1.8312944285541015,0.6479794594754793
SLV,2009,43.982,43.841050735125606,0.4671669460250923,42.925403520916426,44.75669794933479,1.8312944284183617,0.5287366938738032
SLV,2010,44.475,44.30600343916054,0.4671669460226315,43.390356224956186,45.2216506533649,1.8312944284087156,0.6339492648743956
SLV,2011,42.82,43.21613496620114,0.4671669460224565,42.300487751997125,44.13178218040515,1.8312944284080293,-1.486003439160541
SLV,2012,42.778,42.89479688986837,0.467166946022444,41.97914967566437,43.81044410407236,1.8312944284079808,-0.4381349662011402
SLV,2013,41.998,42.237065803143786,0.4671669460224432,41.3214185889398,43.15271301734777,1.8312944284079773,-0.8967968898683694
SLV,2014,42.146,42.170276087053225,0.4671669460224431,41.25462887284924,43.08592330125721,1.831294428407977,-0.0910658031437847
SLV,2015,42.343,42.29695570453325,0.4671669460224432,41.38130849032927,43.21260291873724,1.8312944284079773,0.172723912946779
SLV,2016,42.815,42.67690108712576,0.4671669460224431,41.76125387292178,43.59254830132975,1.831294428407977,0.5180442954667441
SLV,2017,43.529,43.30184966834115,0.4671669460224432,42.38620245413716,44.217496882545134,1.8312944284079773,0.85209891287424
SLV,2018,43.03,43.10246898381404,0.4671669460224431,42.18682176961005,44.01811619801802,1.831294428407977,-0.2718496683411473
SLV,2019,40.408,41.12628459592013,0.4671669460224432,40.21063738171615,42.04193181012412,1.8312944284079773,-2.694468983814033
SLV,2020,40.563,40.71315895554894,0.4671669460224431,39.79751174134496,41.62880616975293,1.831294428407977,-0.5632845959201305
SLV,2021,40.19,40.3294623657744,0.4671669460224432,39.41381515157042,41.24510957997839,1.8312944284079773,-0.5231589555489435
SLV,2022,42.084,41.6162798803041,0.4671669460224431,40.70063266610011,42.531927094508085,1.831294428407977,1.7545376342255992
SLV,2023,40.055,40.47120196583412,0.4671669460224432,39.55555475163013,41.386849180038105,1.8312944284079773,-1.5612798803040988
SLV,2024,35.728,36.99243055305619,0.4671669460224431,36.0767833388522,37.908077767260174,1.831294428407977,-4.743201965834118
SOM,2013,8.267,8.267,1.087945326996778,6.134627159086314,10.399372840913683,4.26474568182737,0.0
SOM,2014,8.234,8.242134824364662,0.9825259773819286,6.316383908696082,10.167885740033242,3.85150183133716,-0.0329999999999994
SOM,2015,8.132,8.160339476101292,0.9754549505406136,6.24844777304169,10.072231179160894,3.8237834061192055,-0.1101348243646622
SOM,2016,8.09,8.108149956552516,0.9749836452933872,6.197182011777477,10.019117901327554,3.8219358895500775,-0.0703394761012923
SOM,2017,15.712,13.74958697951595,0.9749522512281342,11.838680567108806,15.660493391923094,3.821812824814286,7.603850043447483
SOM,2018,17.791,16.747973205911286,0.9749501601314348,14.837070892053674,18.6588755197689,3.821804627715224,4.04141302048405
SOM,2019,13.893,14.629825457077954,0.9749500208480132,12.71892341621585,16.54072749794006,3.821804081724211,-2.8549732059112856
SOM,2020,13.021,13.436213570190352,0.974950011570648,11.525311547511883,15.34711559286882,3.82180404535694,-1.6088254570779537
SOM,2021,13.496,13.480570024702526,0.9749500109527028,11.569668003235227,15.391472046169824,3.8218040429345943,0.0597864298096482
SOM,2022,10.253,11.085987116351928,0.9749500109115428,9.175085094965302,12.99688913773855,3.821804042773248,-3.2275700247025263
SOM,2023,6.899,7.979598189230766,0.9749500109088012,6.068696167849516,9.890500210612016,3.821804042762501,-4.186987116351927
SOM,2024,6.791,7.097759255597184,0.9749500109086184,5.186857234216292,9.008661276978076,3.821804042761784,-1.188598189230766
SRB,2002,27.912,27.912,2.7872059492978103,22.44907633937629,33.37492366062371,10.925847321247415,0.0
SRB,2003,27.758,27.824054230355756,2.205043749680462,23.502168480982046,32.145939979729455,8.64377149874741,-0.1539999999999999
SRB,2004,28.995,28.406605001427344,2.0581100520991478,24.372709299313016,32.44050070354167,8.067791404228657,1.1709457696442485
SRB,2005,31.466,29.86965140935773,2.0178151060001457,25.91473380159744,33.82456901711801,7.909835215520571,3.0593949985726567
SRB,2006,45.742,37.37582688617746,2.0065909726325035,33.442908579817754,41.30874519253717,7.865836612719414,15.872348590642272
SRB,2007,52.89,44.68968658151245,2.0034526832584607,40.76291932232587,48.61645384069904,7.853534518373165,15.514173113822537
SRB,2008,53.69,48.92899226091812,2.002574325813743,45.00394658232319,52.854037939513056,7.850091357189873,9.000313418487544
SRB,2009,49.917,49.39424697365347,2.0023284189510453,45.46968327250943,53.31881067479752,7.849127402288097,0.9880077390818798
SRB,2010,50.948,50.12586189634268,2.0022595689768945,46.201433141147966,54.05029065153739,7.848857510389426,1.5537530263465271
SRB,2011,52.142,51.07518157284009,2.0022402916700863,47.15079060116672,54.999572544513455,7.848781943346738,2.016138103657326
SRB,2012,52.473,51.73335542529182,2.002234894183382,47.80897503269239,55.65773581789125,7.8487607851988574,1.397818427159912
SRB,2013,52.611,52.14660068490856,2.0022333829291044,48.22222325436751,56.0709781154496,7.848754861082089,0.877644574708178
SRB,2014,53.555,52.809755350684185,2.002232959789464,48.88537874949684,56.73413195187153,7.8487532023746995,1.4083993150914438
SRB,2015,54.904,53.79584497117119,2.0022328413135853,49.87146860219656,57.72022134014581,7.848752737949254,2.0942446493158187
SRB,2016,54.227,53.99885730060463,2.0022328081412395,50.0744809966478,57.92323360456145,7.848752607913658,0.4311550288288117
SRB,2017,54.134,54.06249017537398,2.002232798853235,50.13811388962164,57.98686646112632,7.848752571504681,0.1351426993953737
SRB,2018,53.241,53.67568584519627,2.002232796252664,49.751309564541046,57.60006212585149,7.848752561310443,-0.821490175373981
SRB,2019,52.892,53.306681945591,2.002232795524524,49.38230566636294,57.231058224819066,7.848752558456133,-0.7836858451962669
SRB,2020,53.685,53.48481561764247,2.00223279532065,49.56043933881399,57.409191896470944,7.848752557656948,0.3783180544090001
SRB,2021,54.529,53.97647705475815,2.0022327952635672,50.05210077604156,57.90085333347474,7.848752557433183,1.0441843823575354
SRB,2022,54.224,54.09302494517957,2.002232795247584,50.16864866649431,58.01740122386484,7.8487525573705295,0.2475229452418474
SRB,2023,54.76,54.40707476196216,2.002232795243109,50.48269848328567,58.33145104063865,7.848752557352987,0.6669750548204263
SRB,2024,52.792,53.64660564183844,2.002232795241856,49.7222293631644,57.57098192051248,7.848752557348076,-1.6150747619621555
SSD,2013,18.383,18.383,0.9442554597764704,16.532259298838117,20.23374070116188,3.701481402323764,0.0
SSD,2014,16.917,17.420683673633622,0.7990716333807277,15.854503272207396,18.98686407505985,3.1323608028524528,-1.4659999999999975
SSD,2015,18.029,17.799477464230293,0.778270306854202,16.274067662796057,19.32488726566453,3.050819602868472,0.6083163263663778
SSD,2016,15.106,16.135371017215057,0.7752247869153625,14.615930434860946,17.654811599569168,3.038881164708221,-2.693477464230293
SSD,2017,16.114,16.122182609390563,0.7747781403172452,14.603617454368765,17.640747764412364,3.0371303100436013,-0.0213710172150562
SSD,2018,20.561,18.860986897870912,0.7747126225373385,17.34255015769773,20.37942363804409,3.036873480346367,4.438817390609437
SSD,2019,21.122,20.256024852926707,0.7747030115596419,18.737606950269807,21.774442755583607,3.0368358053137965,2.261013102129088
SSD,2020,21.38,20.94951145065434,0.7747016016934274,19.431096311335224,22.46792658997346,3.0368302786382357,1.123975147073292
SSD,2021,22.464,21.88394221039465,0.7747013948753381,20.365527476438988,23.402356944350316,3.036829467911325,1.514488549345657
SSD,2022,23.426,22.83538295893401,0.7747013645364835,21.316968284442503,24.353797633425515,3.036829348983016,1.542057789605348
SSD,2023,24.954,24.142557420129712,0.7747013600859727,22.624142754361205,25.66097208589822,3.036829331537013,2.118617041065992
SSD,2024,24.045,24.08236505624001,0.774701359433112,22.563950391751117,25.60077972072892,3.0368293289777992,-0.0975574201297106
SVK,2000,53.616,53.616,0.8632607156538864,51.92400899731838,55.30799100268162,3.383982005363235,0.0
SVK,2001,54.073,53.9202209286336,0.7354474306028118,52.4787439646521,55.36169789261511,2.882953927963022,0.4570000000000007
SVK,2002,54.288,54.15376234402212,0.7182963163728691,52.7459015639313,55.56162312411294,2.8157215601816468,0.3677790713663924
SVK,2003,54.474,54.35579073814203,0.7159541288607603,52.95252064557494,55.75906083070912,2.80654018513418,0.320237655977877
SVK,2004,56.254,55.55224341381047,0.7156339076387792,54.14960095483846,56.95488587278248,2.8052849179440145,1.898209261857964
SVK,2005,56.126,55.9138413763853,0.7155901215688462,54.51128473811036,57.31639801466024,2.8051132765498767,0.5737565861895249
SVK,2006,56.904,56.53785748042952,0.7155841342902507,55.13531257722063,57.940402383638414,2.8050898064177825,0.990158623614704
SVK,2007,57.355,57.05283448772556,0.715583315591724,55.650291189165785,58.45537778628534,2.805086597119558,0.8171425195704742
SVK,2008,58.222,57.78966209580761,0.715583203643117,56.3871190166671,59.192205174948114,2.8050861582810187,1.169165512274439
SVK,2009,58.558,58.273881438560885,0.7155831883352953,56.871338389423705,59.676424487698064,2.8050860982743577,0.7683379041923928
SVK,2010,59.284,58.91047497428598,0.7155831862421079,57.50793192925145,60.31301801932052,2.805086090069063,1.0101185614391142
SVK,2011,58.99,58.96059296952932,0.7155831859558861,57.55804992505578,60.36313601400286,2.805086088947073,0.0795250257140196
SVK,2012,58.91,58.9287084377964,0.7155831859167481,57.52616539339957,60.33125148219323,2.8050860887936526,-0.0505929695293261
SVK,2013,59.266,59.141275195949085,0.7155831859113965,57.73873215156275,60.54381824033542,2.8050860887726743,0.3372915622035961
SVK,2014,59.675,59.47763745357966,0.7155831859106647,58.07509440919476,60.88018049796457,2.805086088769805,0.5337248040509124
SVK,2015,60.446,60.087915652843705,0.7155831859105646,58.685372608459,61.49045869722841,2.805086088769413,0.9683625464203374
SVK,2016,60.439,60.3091748537126,0.7155831859105509,58.90663180932792,61.71171789809728,2.80508608876936,0.351084347156295
SVK,2017,60.167,60.21957389379827,0.715583185910549,58.81703084941359,61.62211693818295,2.805086088769352,-0.1421748537125964
SVK,2018,58.966,59.42955075486172,0.7155831859105487,58.02700771047704,60.8320937992464,2.8050860887693507,-1.2535738937982686
SVK,2019,58.841,59.05863627021933,0.7155831859105487,57.65609322583465,60.46117931460401,2.8050860887693507,-0.5885507548617142
SVK,2020,61.139,60.369716129222496,0.7155831859105487,58.96717308483782,61.772259173607175,2.8050860887693507,2.080363729780672
SVK,2021,60.872,60.68626378723611,0.7155831859105487,59.28372074285143,62.08880683162079,2.8050860887693507,0.5022838707775037
SVK,2022,64.687,63.20759435777645,0.7155831859105487,61.80505131339177,64.61013740216113,2.8050860887693507,4.00073621276389
SVK,2023,65.348,64.55651362965392,0.7155831859105487,63.15397058526924,65.95905667403859,2.8050860887693507,2.1404056422235485
SVK,2024,58.835,60.95072048133643,0.7155831859105487,59.54817743695176,62.35326352572111,2.8050860887693507,-5.72151362965392
SVN,2000,57.574,57.574,0.7768732318761253,56.05132846552279,59.0966715344772,3.0453430689544114,0.0
SVN,2001,59.998,59.292825292111225,0.6819925890103042,57.95611981765103,60.62953076657142,2.6734109489203925,2.4239999999999995
SVN,2002,59.358,59.33779969254474,0.6727802591073645,58.01915038469431,60.65644900039518,2.637298615700869,0.0651747078887723
SVN,2003,58.861,59.009656398909065,0.6718833491562008,57.69276503456291,60.32654776325522,2.6337827286923075,-0.4767996925447448
SVN,2004,59.828,59.57271084467291,0.671796049777648,58.25599058710872,60.889431102237104,2.63344051512838,0.8183436010909375
SVN,2005,59.798,59.727715235907176,0.6717875528935141,58.41101163223589,61.04441883957846,2.633407207342575,0.2252891553270899
SVN,2006,60.825,60.482671850925726,0.6717867258909089,59.165969868179545,61.79937383367191,2.633403965492363,1.0972847640928265
SVN,2007,60.736,60.65696727754754,0.6717866453986853,59.34026545256612,61.97366910252896,2.633403649962846,0.2533281490742709
SVN,2008,61.042,60.921878387123,0.6717866375643714,59.60517657749683,62.23858019674916,2.633403619252336,0.3850327224524648
SVN,2009,62.855,62.25190921408014,0.671786636801857,60.9352074059485,63.56861102221178,2.6334036162632795,1.9331216128770023
SVN,2010,63.923,63.40165698195003,0.6717866367276416,62.084955173963856,64.7183587899362,2.633403615972355,1.6710907859198585
SVN,2011,64.383,64.0768428868692,0.6717866367204182,62.76014107889719,65.39354469484122,2.6334036159440397,0.9813430180499624
SVN,2012,63.98,64.01021281868411,0.6717866367197151,62.69351101071347,65.32691462665476,2.633403615941283,-0.0968428868692043
SVN,2013,63.247,63.48510536069054,0.6717866367196467,62.16840355272003,64.80180716866104,2.633403615941015,-0.7632128186841101
SVN,2014,63.679,63.618509201236506,0.67178663671964,62.30180739326601,64.935211009207,2.633403615940989,0.1938946393094625
SVN,2015,63.117,63.27345967458452,0.6717866367196393,61.95675786661402,64.590161482555,2.633403615940986,-0.5015092012365088
SVN,2016,63.184,63.21190942128164,0.6717866367196392,61.89520761331114,64.52861122925214,2.6334036159409857,-0.0894596745845177
SVN,2017,63.492,63.404617992466704,0.6717866367196392,62.08791618449621,64.7213198004372,2.6334036159409857,0.2800905787183581
SVN,2018,63.616,63.55005353275645,0.6717866367196392,62.23335172478596,64.86675534072694,2.6334036159409857,0.2113820075332952
SVN,2019,63.467,63.49291084804851,0.6717866367196392,62.176209040078014,64.809612656019,2.6334036159409857,-0.0830535327564518
SVN,2020,64.942,64.48991653553058,0.6717866367196392,63.17321472756009,65.80661834350107,2.6334036159409857,1.4490891519514832
SVN,2021,64.548,64.52987925579986,0.6717866367196392,63.21317744782936,65.84658106377034,2.6334036159409857,0.0580834644694192
SVN,2022,68.097,66.98413796383959,0.6717866367196392,65.6674361558691,68.30083977181008,2.6334036159409857,3.567120744200139
SVN,2023,67.964,67.65830492015424,0.6717866367196392,66.34160311218375,68.97500672812473,2.6334036159409857,0.9798620361604122
SVN,2024,60.856,62.97816727351746,0.6717866367196392,61.66146546554696,64.29486908148795,2.6334036159409857,-6.802304920154235
SWE,2000,70.84,70.84,0.5020385162145722,69.85600450821944,71.82399549178056,1.967990983561123,0.0
SWE,2001,74.488,73.64553075831537,0.4576700768522242,72.74849740768501,74.54256410894574,1.794066701260719,3.647999999999996
SWE,2002,76.515,75.82750254905702,0.455088849907665,74.935528403238,76.71947669487604,1.7839482916380471,2.8694692416846266
SWE,2003,75.842,75.83851933519892,0.4549399250389033,74.94683708212267,76.73020158827518,1.7833645061525012,0.0144974509429829
SWE,2004,75.949,75.92247174280762,0.4549313381588553,75.03080632001625,76.81413716559898,1.7833308455827128,0.1104806648010736
SWE,2005,76.31,76.216947336832,0.4549308430649232,75.32528288442475,77.10861178923926,1.7833289048144991,0.3875282571923861
SWE,2006,77.865,77.4692720823414,0.4549308145193421,76.57760768588349,78.36093647879932,1.783328792915821,1.648052663167988
SWE,2007,76.822,76.97742199887975,0.4549308128734926,76.0857576056477,77.8690863921118,1.7833287864640908,-0.6472720823414022
SWE,2008,77.237,77.174670520708,0.454930812778598,76.28300612766195,78.06633491375406,1.783328786092104,0.2595780011202464
SWE,2009,77.377,77.328416949679,0.4549308127731266,76.43675255664367,78.22008134271432,1.783328786070656,0.2023294792919898
SWE,2010,78.044,77.87217527399169,0.4549308127728111,76.98051088095697,78.7638396670264,1.7833287860694198,0.7155830503210012
SWE,2011,77.603,77.66763396202732,0.4549308127727929,76.77596956899265,78.559298355062,1.7833287860693483,-0.2691752739916921
SWE,2012,78.074,77.9764239980217,0.4549308127727918,77.08475960498703,78.86808839105638,1.783328786069344,0.4063660379726741
SWE,2013,78.013,78.00421742540495,0.4549308127727919,77.11255303237027,78.89588181843962,1.7833287860693443,0.0365760019783039
SWE,2014,77.85,77.8870304562888,0.4549308127727919,76.99536606325412,78.77869484932347,1.7833287860693443,-0.1542174254049513
SWE,2015,77.06,77.25858530954393,0.4549308127727919,76.36692091650926,78.1502497025786,1.7833287860693443,-0.8270304562887958
SWE,2016,76.765,76.88351896231484,0.4549308127727919,75.99185456928016,77.77518335534951,1.7833287860693443,-0.4935853095439313
SWE,2017,76.666,76.71823032614398,0.4549308127727919,75.82656593310931,77.60989471917866,1.7833287860693443,-0.2175189623148412
SWE,2018,77.743,77.49693384687774,0.4549308127727919,76.60526945384306,78.38859823991241,1.7833287860693443,1.0247696738560137
SWE,2019,76.953,77.08360857738946,0.4549308127727919,76.19194418435478,77.97527297042413,1.7833287860693443,-0.543933846877735
SWE,2020,76.981,77.00563821730844,0.4549308127727919,76.11397382427377,77.89730261034312,1.7833287860693443,-0.1026085773894607
SWE,2021,76.799,76.84861765801462,0.4549308127727919,75.95695326497994,77.74028205104929,1.7833287860693443,-0.2066382173084378
SWE,2022,78.871,78.38538859313411,0.4549308127727919,77.49372420009944,79.27705298616878,1.7833287860693443,2.0223823419853773
SWE,2023,78.904,78.77947180882839,0.4549308127727919,77.88780741579372,79.67113620186306,1.7833287860693443,0.5186114068658867
SWE,2024,74.067,75.19855164450973,0.4549308127727919,74.30688725147506,76.09021603754441,1.7833287860693443,-4.712471808828397
SWZ,2003,31.692,31.692,0.5107943953518617,30.69084298511035,32.69315701488965,2.002314029779298,0.0
SWZ,2005,30.538,30.8142860368042,0.4632938713591091,29.906230048940348,31.722342024668052,1.816111975727708,-1.154
SWZ,2007,28.229,28.873248096244303,0.4603049739917408,27.97105034722049,29.77544584526812,1.804395498047624,-2.5852860368042023
SWZ,2008,29.319,29.207648081379403,0.4601182690351081,28.30581627407059,30.109479888688217,1.803663614617624,0.4457519037556956
SWZ,2009,31.042,30.583696445756463,0.4601066137066374,29.681887482891455,31.485505408621474,1.803617925730019,1.834351918620598
SWZ,2010,32.315,31.882438451249627,0.460105886135237,30.98063091442456,32.784245988074694,1.8036150736501293,1.7313035542435316
SWZ,2011,31.81,31.828098563454198,0.4601058407174861,30.92629111564792,32.72990601126047,1.8036148956125455,-0.0724384512496278
SWZ,2012,30.679,30.966099374386943,0.4601058378823393,30.06429193213756,31.867906816636328,1.80361488449877,-1.1490985634541957
SWZ,2013,31.164,31.11455502831303,0.4601058377053588,30.21274758641053,32.01636247021553,1.8036148838050063,0.1979006256130588
SWZ,2014,31.098,31.10213623202957,0.4601058376943109,30.20032879014872,32.00394367391042,1.803614883761699,-0.0165550283130322
SWZ,2015,34.176,33.40800289777077,0.4601058376936213,32.50619545589127,34.30981033965027,1.803614883758996,3.0738637679704333
SWZ,2016,34.566,34.276677347457856,0.4601058376935784,33.37486990557844,35.17848478933727,1.8036148837588275,1.1579971022292312
SWZ,2017,33.25,33.506512743339016,0.4601058376935756,32.60470530145961,34.40832018521842,1.8036148837588168,-1.0266773474578557
SWZ,2018,31.544,32.03432885441386,0.4601058376935755,31.132521412534448,32.93613629629326,1.803614883758816,-1.9625127433390157
SWZ,2019,33.316,32.99577769994944,0.4601058376935755,32.09397025807004,33.89758514182885,1.803614883758816,1.2816711455861451
SWZ,2020,34.626,34.21869307394982,0.4601058376935754,33.31688563207042,35.12050051582923,1.803614883758816,1.630222300050555
SWZ,2021,34.427,34.374955040412694,0.4601058376935755,33.47314759853329,35.2767624822921,1.803614883758816,0.2083069260501773
SWZ,2022,31.966,32.56787133526093,0.4601058376935754,31.666063893381523,33.46967877714034,1.803614883758816,-2.4089550404126925
SWZ,2023,32.002,32.14338152453067,0.4601058376935755,31.24157408265126,33.04518896641007,1.803614883758816,-0.5658713352609297
SWZ,2024,32.952,32.74996871532147,0.4601058376935754,31.848161273442063,33.65177615720088,1.803614883758816,0.8086184754693306
SYC,2000,33.963,33.963,1.1424111694274757,31.72387410792215,36.20212589207785,4.478251784155704,0.0
SYC,2001,37.87,36.55489591230412,0.9716629786028343,34.65043647424256,38.45935535036568,3.808918876123111,3.906999999999997
SYC,2002,38.203,37.5964609501956,0.9483736125300072,35.73764866963678,39.455273230754415,3.717624561117628,1.6481040876958843
SYC,2003,38.942,38.44101860054848,0.9451376856671596,36.588548736640846,40.2934884644561,3.704939727815266,1.345539049804401
SYC,2004,38.033,38.18516052283243,0.9446874993500451,36.33357302410634,40.03674802155852,3.703174997452177,-0.4080186005484734
SYC,2005,38.164,38.17189305727599,0.9446248594511504,36.32042833275173,40.02335778180024,3.702929449048509,-0.0211605228324316
SYC,2006,39.163,38.79329710626082,0.9446161434226298,36.94184946515247,40.64474474736917,3.702895282216709,0.9911069427240092
SYC,2007,39.678,39.34798653981139,0.9446149306274492,37.49654127578159,41.19943180384119,3.702890528059601,0.8847028937391741
SYC,2008,37.15,37.96989737368679,0.9446147618725256,36.11845244041664,39.82134230695694,3.7028898665403,-2.1979865398113887
SYC,2009,39.241,38.7668506941639,0.9446147383910454,36.91540580691745,40.61829558141035,3.7028897744928977,1.2711026263132084
SYC,2010,40.36,39.76572017506583,0.9446147351237042,37.91427529422337,41.61716505590829,3.70288976168492,1.5931493058361
SYC,2011,39.651,39.69379315530258,0.9446147346690686,37.842348275351206,41.54523803525395,3.702889759902749,-0.1147201750658268
SYC,2012,39.844,39.78796953430026,0.9446147346058082,37.93652465447288,41.63941441412764,3.702889759654768,0.150206844697422
SYC,2013,41.71,40.99304024824863,0.9446147345970058,39.141595368438495,42.84448512805876,3.702889759620263,1.9220304656997411
SYC,2014,41.2,41.12279944835067,0.9446147345957808,39.27135456854294,42.9742443281584,3.702889759615461,0.206959751751377
SYC,2015,42.774,42.15806577901088,0.9446147345956106,40.30662089920349,44.00951065881828,3.7028897596147936,1.6512005516493318
SYC,2016,43.835,43.20946655282225,0.9446147345955868,41.358021673014896,45.0609114326296,3.7028897596147,1.6769342209891178
SYC,2017,43.564,43.431751205397845,0.9446147345955836,41.5803063255905,45.28319608520519,3.702889759614688,0.3545334471777508
SYC,2018,42.65,42.94161044018736,0.9446147345955832,41.090165560380015,44.79305531999471,3.7028897596146857,-0.7817512053978461
SYC,2019,41.007,41.72865235967496,0.9446147345955832,39.877207479867614,43.58009723948231,3.7028897596146857,-1.9346104401873632
SYC,2020,45.89,44.3377255566875,0.9446147345955832,42.48628067688016,46.18917043649485,3.7028897596146857,4.16134764032504
SYC,2021,47.769,46.4890589600514,0.9446147345955832,44.63761408024405,48.34050383985874,3.7028897596146857,3.431274443312496
SYC,2022,49.712,48.50977191404647,0.9446147345955832,46.65832703423912,50.36121679385381,3.7028897596146857,3.2229410399486085
SYC,2023,49.617,49.20397950536783,0.9446147345955832,47.35253462556048,51.05542438517517,3.7028897596146857,1.1072280859535295
SYC,2024,42.522,45.01452571844976,0.9446147345955832,43.16308083864241,46.8659705982571,3.7028897596146857,-6.681979505367828
SYR,2000,28.203,28.203,0.665764568534929,26.89810144567154,29.50789855432846,2.6097971086569216,0.0
SYR,2001,28.18,28.185547158853623,0.6032084285396582,27.00325863891589,29.36783567879135,2.36457703987546,-0.0229999999999996
SYR,2002,28.271,28.249533309403667,0.5992085335816313,27.07508458358367,29.423982035223663,2.3488974516399947,0.0854528411463775
SYR,2003,27.954,28.02842874431568,0.5989545763516235,26.854477774666496,29.202379713964863,2.347901939298364,-0.295533309403666
SYR,2004,29.283,28.966991328800507,0.5989384626096128,27.793071942085668,30.140910715515343,2.3478387734296824,1.254571255684322
SYR,2005,31.43,30.809596825702407,0.5989374402248788,29.635679442861644,31.98351420854317,2.347834765681525,2.4630086711994927
SYR,2006,33.568,32.87318994663185,0.59893737535678,31.69927269093256,34.047107202331134,2.347834511398578,2.758403174297591
SYR,2007,33.864,33.614426326153705,0.5989373712410401,32.440509078521266,34.78834357378614,2.347834495264877,0.9908100533681504
SYR,2008,33.473,33.50862366749125,0.5989373709799053,32.33470642037064,34.68254091461186,2.3478344942412286,-0.1414263261537058
SYR,2009,32.572,32.807924746177484,0.598937370963337,31.634007499089343,33.981841993265625,2.347834494176281,-0.9366236674912471
SYR,2010,31.583,31.89154447721305,0.5989373709622858,30.717627230126965,33.065461724299126,2.3478344941721603,-1.2249247461774857
SYR,2011,31.209,31.380925115851955,0.598937370962219,30.20700786876601,32.554842362937904,2.3478344941718983,-0.682544477213046
SYR,2012,31.031,31.119142118339315,0.5989373709622149,29.945224871253373,32.29305936542526,2.3478344941718823,-0.3499251158519563
SYR,2013,29.129,29.630293945933666,0.5989373709622144,28.456376698847727,30.804211193019604,2.3478344941718805,-1.990142118339314
SYR,2014,28.003,28.412896658049608,0.5989373709622146,27.238979410963665,29.58681390513555,2.347834494171881,-1.6272939459336655
SYR,2015,27.16,27.475590280600105,0.5989373709622146,26.301673033514163,28.649507527686048,2.347834494171881,-1.2528966580496077
SYR,2016,27.664,27.616541755274724,0.5989373709622146,26.442624508188786,28.790459002360663,2.347834494171881,0.1884097193998961
SYR,2017,31.338,30.40060740329318,0.5989373709622146,29.22669015620724,31.57452465037912,2.347834494171881,3.7214582447252766
SYR,2018,31.263,31.0457732081225,0.5989373709622146,29.87185596103656,32.21969045520844,2.347834494171881,0.8623925967068224
SYR,2019,30.258,30.45643102478032,0.5989373709622146,29.282513777694383,31.63034827186626,2.347834494171881,-0.787773208122502
SYR,2020,31.888,31.527404214477446,0.5989373709622146,30.353486967391504,32.70132146156339,2.347834494171881,1.4315689752196796
SYR,2021,31.976,31.86300387304929,0.5989373709622146,30.689086625963355,33.03692112013523,2.347834494171881,0.4485957855225528
SYR,2022,28.704,29.49971679939222,0.5989373709622146,28.32579955230628,30.673634046478163,2.347834494171881,-3.159003873049293
SYR,2023,25.346,26.3922735628126,0.5989373709622146,25.21835631572666,27.566190809898536,2.347834494171881,-4.153716799392221
SYR,2024,30.561,29.51094568178906,0.5989373709622146,28.33702843470312,30.684862928875,2.347834494171881,4.168726437187402
TCD,2000,15.264,15.264,0.6631243455613606,13.964276282699732,16.563723717300267,2.5994474346005334,0.0
TCD,2001,15.969,15.731574961077143,0.5639422375331484,14.626248175512172,16.836901746642113,2.2106535711299418,0.7050000000000001
TCD,2002,16.194,16.02371261650186,0.550397759400971,14.944933008075958,17.102492224927765,2.1575592168518063,0.4624250389228557
TCD,2003,17.185,16.752342669457505,0.548513403641114,15.67725639832092,17.82742894059409,2.150172542273167,1.161287383498138
TCD,2004,18.621,17.923678081379453,0.5482509091581024,16.84910629942957,18.99824986332933,2.149143563899761,1.8686573305424936
TCD,2005,18.155,18.068658866767507,0.5482143376200013,16.994158765032303,19.14315896850271,2.149000203470405,0.2313219186205479
TCD,2006,16.836,17.296105493376142,0.5482092422561321,16.221615378554123,18.37059560819816,2.148980229644038,-1.2326588667675082
TCD,2007,14.133,15.313674217215071,0.5482085323377524,14.239185493833078,16.388162940597066,2.1489774467639893,-3.1631054933761438
TCD,2008,14.012,14.497868752042034,0.548208433427386,13.423380222524358,15.57235728155971,2.148977059035353,-1.3016742172150728
TCD,2009,14.433,14.457213203154035,0.5482084196465609,13.382724700646778,15.531701705661296,2.1489770050145185,-0.0648687520420345
TCD,2010,13.115,13.616000563802707,0.5482084177265281,12.541512065058711,14.690489062546702,2.1489769974879898,-1.3422132031540368
TCD,2011,13.459,13.517602739808073,0.5482084174590168,12.4431142415884,14.592091238027743,2.148976996439346,-0.1570005638027076
TCD,2012,13.258,13.35490049162515,0.5482084174217454,12.280411993478529,14.429388989771772,2.148976996293242,-0.2596027398080718
TCD,2013,13.748,13.601269901355812,0.5482084174165526,12.526781403219369,14.675758399492254,2.148976996272886,0.3930995083748492
TCD,2014,14.013,13.859315763052283,0.5482084174158289,12.78482726491726,14.93380426118731,2.1489769962700493,0.4117300986441883
TCD,2015,14.357,14.17123213302081,0.5482084174157282,13.096743634885982,15.245720631155638,2.1489769962696545,0.4976842369477143
TCD,2016,17.725,16.398504548914776,0.5482084174157141,15.324016050779976,17.472993047049577,2.1489769962695995,3.5537678669791912
TCD,2017,20.478,18.95526909546645,0.5482084174157122,17.880780597331658,20.029757593601246,2.148976996269592,4.079495451085226
TCD,2018,19.8,19.48469192581018,0.5482084174157119,18.410203427675384,20.559180423944973,2.1489769962695906,0.8447309045335487
TCD,2019,18.644,18.957800466742142,0.5482084174157119,17.883311968607348,20.032288964876937,2.1489769962695906,-0.8406919258101802
TCD,2020,17.994,18.35375251697405,0.5482084174157119,17.27926401883926,19.42824101510885,2.1489769962695906,-0.9638004667421428
TCD,2021,18.466,18.42410199731581,0.5482084174157119,17.349613499181014,19.498590495450603,2.1489769962695906,0.1122474830259463
TCD,2022,17.49,17.838667132088826,0.5482084174157119,16.76417863395403,18.91315563022362,2.1489769962695906,-0.9341019973158105
TCD,2023,18.595,18.312687776370367,0.5482084174157119,17.238199278235573,19.38717627450516,2.1489769962695906,0.7563328679111727
TCD,2024,17.316,17.68802818276124,0.5482084174157119,16.613539684626446,18.762516680896034,2.1489769962695906,-0.9966877763703684
TGO,2000,25.251,25.251,1.5278051886709334,22.25650183020497,28.24549816979503,5.9889963395900585,0.0
TGO,2001,25.005,25.116858649580717,1.1817487984167716,22.80063100468384,27.433086294477587,4.632455289793745,-0.2460000000000022
TGO,2002,23.349,24.31341696339855,1.0788592700581576,22.19885279408456,26.42798113271254,4.229128338627977,-1.7678586495807131
TGO,2003,23.833,24.10874244089534,1.0445617336535695,22.061401442934343,26.15608343885634,4.094681995921993,-0.4804169633985502
TGO,2004,23.718,23.945993629464407,1.0328208724884231,21.9216647193871,25.97032253954172,4.048657820154618,-0.390742440895341
TGO,2005,23.813,23.891033841787745,1.0287704703909195,21.874643719821535,25.907423963753946,4.032780243932406,-0.1329936294644085
TGO,2006,23.942,23.91203835330501,1.0273696451911465,21.898393848730365,25.925682857879657,4.027289009149293,0.0509661582122582
TGO,2007,27.768,25.499683179598083,1.0268847619065524,23.48698904626124,27.512377312934927,4.025388266673685,3.8559616466949898
TGO,2008,28.015,26.53499536007796,1.026716875076901,24.522630284927235,28.547360435228686,4.02473015030145,2.5153168204019174
TGO,2009,29.323,27.68241673947826,1.026658739820079,25.670165609430907,29.694667869525613,4.024502260094709,2.78800463992204
TGO,2010,30.572,28.87159682033136,1.0266386082508565,26.85938514815968,30.88380849250304,4.024423344343356,2.8895832605217397
TGO,2011,30.858,29.68907076031302,1.0266316368368036,27.676872752112885,31.701268768513152,4.02439601640027,1.9864031796686417
TGO,2012,30.168,29.88616585925377,1.0266292226774578,27.873972582805955,31.89835913570159,4.024386552895635,0.4789292396869804
TGO,2013,32.95,31.147032099150763,1.026628386667189,29.134840461283076,33.15922373701845,4.024383275735381,3.0638341407462306
TGO,2014,33.483,32.10835744093047,1.0266280971612292,30.09616637049446,34.12054851136648,4.024382140872018,2.3359679008492336
TGO,2015,35.828,33.6391087644892,1.0266279969068204,31.626917890551837,35.65129963842657,4.024381747874736,3.719642559069534
TGO,2016,35.779,34.519742069293606,1.0266279621892378,32.5075512634027,36.53193287518451,4.024381611781812,2.1398912355108024
TGO,2017,37.437,35.72028646598172,1.0266279501667186,33.70809568365495,37.73247724830849,4.024381564653537,2.9172579307063917
TGO,2018,35.038,35.439503893277035,1.026627946003382,33.42731311911041,37.45169466744366,4.024381548333258,-0.6822864659817256
TGO,2019,35.774,35.57715967545123,1.0266279445616404,33.564968904110415,37.58935044679204,4.02438154268163,0.3344961067229661
TGO,2020,36.985,36.15653072632013,1.026627944062373,34.144339955957875,38.16872149668238,4.024381540724501,1.407840324548772
TGO,2021,37.135,36.55920193928286,1.0266279438894788,34.54701116925948,38.57139270930624,4.024381540046757,0.9784692736798704
TGO,2022,36.825,36.66858629133012,1.0266279438296064,34.656395521424095,38.68077706123615,4.024381539812057,0.2657980607171453
TGO,2023,36.988,36.80003518701502,1.026627943808873,34.78784441714963,38.81222595688041,4.024381539730782,0.3194137086698774
TGO,2024,33.026,35.2468997262109,1.0266279438016932,33.23470895635958,37.25909049606221,4.024381539702637,-3.774035187015016
THA,2000,52.56,52.56,0.7074153492129343,51.17346591554265,53.94653408445736,2.773068168914702,0.0
THA,2001,53.256,53.05632767106495,0.6226759472298521,51.83588281449444,54.27677252763546,2.4408897131410203,0.695999999999998
THA,2002,54.238,53.87755927468147,0.6147050199351792,52.67273743560852,55.082381113754415,2.4096436781459025,1.1816723289350506
THA,2003,52.81,53.13744513430846,0.6139539778969638,51.93409533763041,54.340794930986505,2.406699593356098,-1.0675592746814644
THA,2004,51.011,51.66356963818588,0.6138832364326536,50.460358494777886,52.86678078159388,2.406422286816002,-2.1264451343084545
THA,2005,49.352,50.06141596132798,0.6138765734592361,48.85821787734788,51.264614045308086,2.4063961679602053,-2.311569638185887
THA,2006,45.391,46.824347658441816,0.6138759458914927,45.62115080449449,48.02754451238914,2.406393707894652,-4.670415961327983
THA,2007,46.745,46.76935175599691,0.6138758867825755,45.56615501790306,47.97254849409076,2.406393476187696,-0.0793476584418186
THA,2008,47.69,47.40745351084612,0.6138758812152658,46.2042567836642,48.61065023802804,2.406393454363842,0.9206482440030896
THA,2009,47.453,47.43902180503011,0.6138758806908959,46.23582507887596,48.64221853118426,2.406393452308312,0.0455464891538852
THA,2010,47.964,47.80288445183764,0.6138758806415069,46.59968772578028,49.00608117789499,2.406393452114707,0.52497819496989
THA,2011,48.831,48.51547184719434,0.6138758806368552,47.31227512114611,49.718668573242574,2.4063934520964723,1.0281155481623685
THA,2012,49.393,49.12368704428648,0.6138758806364171,47.9204903182391,50.326883770333865,2.406393452094755,0.8775281528056595
THA,2013,49.246,49.20846221443728,0.6138758806363757,48.00526548838998,50.41165894048457,2.4063934520945924,0.122312955713518
THA,2014,46.824,47.55579027328565,0.6138758806363719,46.35259354723837,48.75898699933294,2.406393452094578,-2.384462214437278
THA,2015,46.627,46.91204527511382,0.6138758806363714,45.70884854906653,48.11524200116111,2.406393452094576,-0.9287902732856494
THA,2016,47.967,47.64323491714225,0.6138758806363714,46.44003819109496,48.84643164318954,2.406393452094576,1.05495472488618
THA,2017,49.088,48.64460231123958,0.6138758806363714,47.44140558519229,49.84779903728687,2.406393452094576,1.4447650828577494
THA,2018,48.486,48.534674970810194,0.6138758806363714,47.331478244762906,49.73787169685748,2.406393452094576,-0.1586023112395835
THA,2019,51.452,50.55667439263753,0.6138758806363714,49.35347766659024,51.75987111868482,2.406393452094576,2.9173250291898043
THA,2020,50.806,50.72948209451834,0.6138758806363714,49.52628536847105,51.93267882056563,2.406393452094576,0.249325607362465
THA,2021,51.547,51.29610415948464,0.6138758806363714,50.09290743343736,52.49930088553193,2.406393452094576,0.8175179054816581
THA,2022,48.852,49.60209435669752,0.6138758806363714,48.39889763065023,50.80529108274481,2.406393452094576,-2.4441041594846453
THA,2023,49.698,49.66856660554442,0.6138758806363714,48.46536987949713,50.87176333159171,2.406393452094576,0.0959056433024798
THA,2024,53.124,52.0635292017048,0.6138758806363714,50.86033247565752,53.26672592775209,2.406393452094576,3.455433394455582
TJK,2000,26.953,26.953,0.6430253097646909,25.692670392861206,28.213329607138792,2.5206592142775883,0.0
TJK,2001,27.466,27.342129698997336,0.5825062819105442,26.20041738645267,28.483842011542,2.2834246250893333,0.5130000000000017
TJK,2002,28.868,28.48419366208954,0.578626754523196,27.35008522322408,29.61830210095501,2.268216877730928,1.5258703010026622
TJK,2003,28.397,28.41898775520931,0.5783798008550942,27.285363345533327,29.552612164885296,2.2672488193519693,-0.0871936620895432
TJK,2004,29.149,28.964882072069383,0.578364090861967,27.83128845397993,30.098475690158843,2.267187236178911,0.7300122447906894
TJK,2005,30.174,29.869042692644083,0.5783630915097365,28.735451033285,31.002634352003167,2.267183318718167,1.2091179279306132
TJK,2006,29.647,29.70300246612545,0.5783630279385912,28.569410931365816,30.836594000885093,2.267183069519277,-0.2220426926440843
TJK,2007,29.995,29.92135388049573,0.5783630238946819,28.787762353662156,31.054945407329303,2.2671830536671527,0.2919975338745466
TJK,2008,30.351,30.24263686033525,0.5783630236374393,29.10904533400587,31.37622838666463,2.267183052658762,0.4296461195042695
TJK,2009,29.453,29.65215815716904,0.5783630236210754,28.51856663087173,30.78574968346635,2.2671830525946155,-0.7896368603352499
TJK,2010,29.864,29.810570337392758,0.5783630236200344,28.676978811097488,30.94416186368802,2.2671830525905348,0.2118418428309603
TJK,2011,29.612,29.662082391603697,0.5783630236199684,28.52849086530856,30.795673917898835,2.267183052590276,-0.1985703373927556
TJK,2012,28.384,28.70635138278224,0.5783630236199642,27.572759856487107,29.83994290907737,2.2671830525902594,-1.2780823916036963
TJK,2013,28.531,28.575226226011694,0.5783630236199638,27.44163469971657,29.70881775230682,2.267183052590258,-0.1753513827822388
TJK,2014,28.352,28.40830097331819,0.5783630236199638,27.274709447023064,29.54189249961332,2.267183052590258,-0.2232262260116932
TJK,2015,27.555,27.770215193077973,0.5783630236199638,26.63662366678285,28.9038067193731,2.267183052590258,-0.8533009733181913
TJK,2016,28.361,28.211995287401542,0.5783630236199638,27.07840376110642,29.345586813696677,2.267183052590258,0.5907848069220272
TJK,2017,32.445,31.37737327155592,0.5783630236199638,30.24378174526079,32.510964797851045,2.267183052590258,4.233004712598454
TJK,2018,33.108,32.671510206651185,0.5783630236199638,31.537918680356057,33.80510173294631,2.267183052590258,1.7306267284440793
TJK,2019,33.874,33.57071419447291,0.5783630236199638,32.437122668177786,34.70430572076804,2.267183052590258,1.2024897933488177
TJK,2020,33.948,33.85284291003872,0.5783630236199638,32.71925138374359,34.986434436333845,2.267183052590258,0.3772858055270873
TJK,2021,33.747,33.77369515567448,0.5783630236199638,32.640103629379354,34.90728668196961,2.267183052590258,-0.1058429100387172
TJK,2022,28.002,29.45770733675057,0.5783630236199638,28.32411581045544,30.591298863045697,2.267183052590258,-5.771695155674482
TJK,2023,27.928,28.31381493532272,0.5783630236199638,27.18022340902759,29.447406461617845,2.267183052590258,-1.529707336750569
TJK,2024,32.555,31.48531006512918,0.5783630236199638,30.351718538834053,32.61890159142431,2.267183052590258,4.241185064677282
TKM,2000,20.021,20.021,0.6701864323658835,18.70743459256287,21.33456540743713,2.627130814874264,0.0
TKM,2001,19.839,19.89731535258587,0.5766125841164602,18.767154687717607,21.02747601745413,2.260321329736524,-0.1820000000000021
TKM,2002,19.749,19.80045379921784,0.5652552088852026,18.692553589802845,20.90835400863284,2.2158004188299945,-0.1483153525858718
TKM,2003,19.283,19.46418205845506,0.5638600281254452,18.359016403329186,20.56934771358093,2.210331310251745,-0.5174537992178401
TKM,2004,19.44,19.44847669950398,0.5636885492542634,18.343647142965622,20.553306256042337,2.2096591130767123,-0.0241820584550573
TKM,2005,17.118,17.935030849470653,0.5636674720987684,16.830242604157068,19.03981909478424,2.2095764906271724,-2.3304766995039827
TKM,2006,15.693,16.47903641948038,0.563664881406126,15.374253251924372,17.583819587036388,2.209566335112014,-2.2420308494706536
TKM,2007,15.801,16.038714139838866,0.5636645629716432,14.933931596414446,17.143496683263287,2.209565086848841,-0.6780364194803798
TKM,2008,15.134,15.451185615251951,0.5636645238313274,14.34640314854255,16.555968081961353,2.2095649334188034,-0.904714139838866
TKM,2009,15.98,15.794601857207784,0.5636645190204024,14.689819399927796,16.899384314487772,2.2095649145599774,0.5288143847480491
TKM,2010,15.907,15.86759409953856,0.5636645184290685,14.762811643417583,16.972376555659533,2.2095649122419485,0.112398142792216
TKM,2011,16.86,16.51207033516643,0.5636645183563848,15.407287879187916,17.616852791144947,2.2095649119570284,0.9924059004614404
TKM,2012,16.729,16.65294617409334,0.5636645183474509,15.548163718132336,17.757728630054345,2.2095649119220075,0.2169296648335681
TKM,2013,15.151,15.677570457452774,0.5636645183463528,14.572788001493922,16.782352913411625,2.209564911917703,-1.5019461740933409
TKM,2014,16.594,16.272707045720825,0.5636645183462178,15.167924589762238,17.377489501679413,2.2095649119171736,0.9164295425472276
TKM,2015,17.612,17.14245447582402,0.5636645183462012,16.037672019865468,18.24723693178257,2.209564911917109,1.3392929542791734
TKM,2016,16.967,17.02851295245494,0.5636645183461992,15.923730496496388,18.13329540841349,2.209564911917101,-0.1754544758240221
TKM,2017,20.862,19.518009740505068,0.5636645183461989,18.41322728454652,20.622792196463617,2.2095649119170995,3.8334870475450593
TKM,2018,19.982,19.819328682338693,0.5636645183461989,18.714546226380143,20.92411113829724,2.2095649119170995,0.4639902594949312
TKM,2019,20.759,20.429558663065706,0.5636645183461989,19.324776207107156,21.53434111902425,2.2095649119170995,0.9396713176613076
TKM,2020,19.873,20.06812506830481,0.5636645183461989,18.96334261234626,21.17290752426336,2.2095649119170995,-0.5565586630657009
TKM,2021,21.331,20.88824603054402,0.5636645183461989,19.783463574585472,21.99302848650257,2.2095649119170995,1.2628749316951904
TKM,2022,19.909,20.252315918477684,0.5636645183461989,19.14753346251913,21.357098374436237,2.2095649119170995,-0.9792460305440224
TKM,2023,20.088,20.145607862287,0.5636645183461989,19.04082540632845,21.25039031824555,2.2095649119170995,-0.1643159184776834
TKM,2024,23.278,22.179808074530797,0.5636645183461989,21.075025618572244,23.284590530489343,2.2095649119170995,3.1323921377129977
TTO,2000,61.204,61.204,0.5958956525426907,60.03604452101633,62.37195547898367,2.3359109579673474,0.0
TTO,2001,56.934,58.03111532078435,0.5346967590778899,56.98310967299169,59.079120968577016,2.0960112955853285,-4.270000000000003
TTO,2002,56.03,56.56906521049616,0.5301996245801536,55.52987394631906,57.60825647467326,2.078382528354202,-2.0011153207843506
TTO,2003,56.17,56.277862792481805,0.529870693029023,55.23931623414492,57.31640935081869,2.0770931166737703,-0.3990652104961611
TTO,2004,55.783,55.9167885621526,0.5298466487288236,54.878289130644106,56.95528799366109,2.076998863016988,-0.4948627924818041
TTO,2005,57.008,56.71298039990426,0.5298448912145487,55.67448441312374,57.75147638668478,2.076991973561031,1.0912114378474058
TTO,2006,56.759,56.74655813830996,0.5298447627497552,55.70806240332044,57.78505387329948,2.0769914699790406,0.0460196000957395
TTO,2007,56.231,56.370386340826016,0.5298447533596754,55.331890624241055,57.40888205741098,2.0769914331699275,-0.5155581383099559
TTO,2008,55.021,55.38582020503063,0.5298447526733115,54.347324489790935,56.42431592027032,2.076991430479381,-1.3493863408260154
TTO,2009,54.706,54.88979624812133,0.5298447526231419,53.85130053297997,55.92829196326269,2.076991430282716,-0.679820205030623
TTO,2010,53.674,54.002702776468624,0.529844752619475,52.964207061334456,55.04119849160279,2.076991430268342,-1.215796248121329
TTO,2011,53.161,53.38856283383409,0.5298447526192069,52.35006711870045,54.42705854896773,2.076991430267291,-0.8417027764686225
TTO,2012,53.11,53.18531227131518,0.5298447526191874,52.14681655618158,54.22380798644879,2.0769914302672148,-0.2785628338340871
TTO,2013,52.042,52.35110600236985,0.5298447526191858,51.31261028723625,53.38960171750346,2.076991430267209,-1.1433122713151818
TTO,2014,52.997,52.82237604417341,0.5298447526191857,51.7838803290398,53.86087175930702,2.076991430267208,0.6458939976301465
TTO,2015,53.846,53.569252940728425,0.5298447526191857,52.53075722559482,54.60774865586203,2.076991430267208,1.0236239558265865
TTO,2016,54.604,54.32424569754029,0.5298447526191857,53.285749982406685,55.3627414126739,2.076991430267208,1.0347470592715735
TTO,2017,54.549,54.48823540777811,0.5298447526191857,53.449739692644506,55.52673112291172,2.076991430267208,0.2247543024597078
TTO,2018,53.987,54.12251404723951,0.5298447526191857,53.08401833210591,55.16100976237312,2.076991430267208,-0.5012354077781112
TTO,2019,53.229,53.47057053338175,0.5298447526191857,52.43207481824815,54.50906624851536,2.076991430267208,-0.8935140472395133
TTO,2020,54.899,54.51280968859386,0.5298447526191857,53.474313973460255,55.55130540372747,2.076991430267208,1.4284294666182475
TTO,2021,55.126,54.96021781554689,0.5298447526191857,53.92172210041328,55.9987135306805,2.076991430267208,0.6131903114061359
TTO,2022,56.019,55.73274755906341,0.5298447526191857,54.694251843929806,56.77124327419702,2.076991430267208,1.0587821844531078
TTO,2023,58.067,57.43591131264603,0.5298447526191857,56.39741559751242,58.474407027779634,2.076991430267208,2.334252440936588
TTO,2024,52.822,54.06941745271437,0.5298447526191857,53.03092173758076,55.107913167847975,2.076991430267208,-4.6139113126460245
TUN,2000,44.793,44.793,1.0783631181232587,42.67940828847841,46.90659171152159,4.227183423043174,0.0
TUN,2001,45.689,45.296579168809295,0.8465128116443621,43.63741405798635,46.95574427963224,3.3183302216458994,0.8960000000000008
TUN,2002,46.985,46.111634389002525,0.7845250724699353,44.57396524696145,47.6493035310436,3.075338284082146,1.6884208311907043
TUN,2003,45.997,46.05883295433722,0.7663357092929062,44.55681496412312,47.56085094455132,3.004035980428192,-0.1146343890025249
TUN,2004,45.627,45.86274089471642,0.7608968307318265,44.37138310648204,47.3540986829508,2.98271557646876,-0.4318329543372172
TUN,2005,45.077,45.507472920962265,0.7592626088684921,44.01931820758002,46.99562763434451,2.9763094267644887,-0.7857408947164188
TUN,2006,45.932,45.69917172232125,0.7587708914313174,44.21198077511587,47.18636266952664,2.974381894410764,0.4245270790377375
TUN,2007,44.865,45.32264135138726,0.7586228787956157,43.83574050894786,46.809542193826665,2.9738016848788136,-0.8341717223212513
TUN,2008,45.043,45.19643101587533,0.7585783197914875,43.70961750908402,46.68324452266665,2.973627013582631,-0.2796413513872622
TUN,2009,44.93,45.07618714481898,0.7585649048666785,43.58939993128029,46.56297435835767,2.97357442707738,-0.2664310158753338
TUN,2010,45.668,45.34327733571983,0.758560866127109,43.85649803811069,46.83005663332896,2.9735585952182677,0.5918128551810184
TUN,2011,50.534,47.68588725135006,0.7585596502073584,46.19911033694364,49.17266416575648,2.973553828812845,5.190722664280173
TUN,2012,50.123,48.785772440636215,0.7585592841371257,47.29899624372745,50.27254863754498,2.973552393817533,2.437112748649937
TUN,2013,50.7,49.649675815988736,0.7585591739263526,48.162899835093086,51.13645179688439,2.973551961791302,1.914227559363788
TUN,2014,52.956,51.14184134182853,0.7585591407457916,49.655065425966775,52.62861725769027,2.973551831723503,3.3063241840112667
TUN,2015,53.089,52.020606636710816,0.7585591307562994,50.53383074042847,53.50738253299316,2.973551792564694,1.9471586581714744
TUN,2016,53.308,52.60161558264437,0.7585591277488171,51.11483969225669,54.08839147303205,2.973551780775362,1.2873933632891834
TUN,2017,52.801,52.69159905870552,0.7585591268433706,51.20482317009252,54.17837494731853,2.9735517772260125,0.1993844173556311
TUN,2018,53.525,53.067718289039625,0.7585591265707726,51.58094240096091,54.55449417711834,2.9735517761574286,0.8334009412944781
TUN,2019,53.362,53.200529526847866,0.7585591264887032,51.71375363893001,54.68730541476573,2.973551775835716,0.2942817109603766
TUN,2020,53.967,53.54644260429996,0.7585591264639949,52.05966671643053,55.03321849216938,2.97355177573886,0.7664704731521326
TUN,2021,52.987,53.293962541876205,0.7585591264565561,51.80718665402136,54.78073842973105,2.9735517757097,-0.559442604299953
TUN,2022,53.185,53.244787042614725,0.7585591264543166,51.75801115476426,54.73156293046519,2.973551775700921,-0.1089625418762025
TUN,2023,51.83,52.60628450797149,0.7585591264536423,51.119508620122346,54.09306039582063,2.9735517756982777,-1.4147870426147264
TUN,2024,51.563,52.135443467851175,0.7585591264534393,50.64866758000243,53.62221935569992,2.973551775697482,-1.0432845079714852
TUR,2000,53.908,53.908,0.6823089224975155,52.57067451190487,55.24532548809513,2.674650976190261,0.0
TUR,2001,54.535,54.32483474078858,0.5809184466475564,53.18623458535937,55.46343489621779,2.2772003108584213,0.6269999999999953
TUR,2002,53.085,53.538977218152326,0.5672271248632864,52.42721205342029,54.65074238288437,2.223530329464083,-1.2398347407885808
TUR,2003,53.037,53.22291177915316,0.5653449080128949,52.114835759447885,54.33098779885843,2.2161520394105483,-0.5019772181523265
TUR,2004,53.889,53.64192394799928,0.5650858402783627,52.53435570105369,54.74949219494487,2.215136493891182,0.666088220846845
TUR,2005,54.001,53.867777281389536,0.5650501773235669,52.76027893383535,54.97527562894373,2.214996695108382,0.3590760520007166
TUR,2006,54.98,54.56733616877699,0.5650452679123664,53.45984744366875,55.67482489388523,2.2149774502164763,1.112222718610461
TUR,2007,55.835,55.36466152739262,0.5650445920743699,54.257174126926856,56.47214892785839,2.2149748009315298,1.267663831223011
TUR,2008,56.364,55.99321747734732,0.5650444990373151,54.88573025923419,57.10070469546046,2.2149744362262758,0.9993384726073772
TUR,2009,57.101,56.689981670250624,0.565044486229669,55.58249447724047,57.797468863260775,2.214974386020302,1.107782522652677
TUR,2010,58.627,57.90831196265515,0.5650444844665456,56.80082477310072,59.01579915220957,2.2149743791088587,1.9370183297493784
TUR,2011,58.825,58.484883070150616,0.565044484223831,57.37739588107191,59.59237025922933,2.2149743781574176,0.9166880373448548
TUR,2012,57.849,58.08493042430511,0.5650444841904184,56.97744323529189,59.19241761331833,2.21497437802644,-0.6358830701506193
TUR,2013,57.469,57.69752743401129,0.5650444841858188,56.59004024500709,58.805014623015495,2.2149743780084097,-0.6159304243051054
TUR,2014,58.127,57.96765365240766,0.5650444841851856,56.860166463404695,59.07514084141063,2.214974378005928,0.4294725659887106
TUR,2015,58.467,58.28172852290513,0.5650444841850985,57.17424133390233,59.38921571190792,2.2149743780055857,0.4993463475923363
TUR,2016,56.015,56.85601975239558,0.5650444841850863,55.748532563392814,57.96350694139835,2.214974378005538,-2.266728522905126
TUR,2017,55.842,56.21822972158614,0.5650444841850848,55.11074253258337,57.32571691058891,2.2149743780055324,-1.0140197523955834
TUR,2018,55.813,55.96335157349806,0.5650444841850846,54.85586438449529,57.07083876250083,2.2149743780055315,-0.4052297215861387
TUR,2019,55.678,55.783873423863504,0.5650444841850846,54.676386234860736,56.89136061286627,2.2149743780055315,-0.2853515734980618
TUR,2020,56.381,56.15944932018259,0.5650444841850846,55.05196213117982,57.26693650918536,2.2149743780055315,0.5971265761364961
TUR,2021,57.388,56.93217329728518,0.5650444841850846,55.824686108282414,58.03966048628795,2.2149743780055315,1.2285506798174095
TUR,2022,53.657,54.87218100103368,0.5650444841850846,53.764693812030906,55.97966819003644,2.2149743780055315,-3.275173297285185
TUR,2023,52.587,53.434866138466944,0.5650444841850846,52.327378949464176,54.54235332746971,2.2149743780055315,-2.2851810010336706
TUR,2024,49.145,50.73666045740657,0.5650444841850846,49.62917326840381,51.84414764640934,2.2149743780055315,-4.289866138466941
TWN,2013,75.228,75.228,1.0558072311364135,73.15861782697263,77.29738217302736,4.1387643460547405,0.0
TWN,2014,75.566,75.43534364786785,0.864809233853526,73.74031754951494,77.13036974622077,3.390052196705822,0.338000000000008
TWN,2015,76.4,75.9780252466539,0.828170076375093,74.35481189695872,77.60123859634908,3.2464266993903643,0.9646563521321524
TWN,2016,78.831,77.55460073324674,0.8208082658666591,75.94581653214809,79.1633849343454,3.217568402197304,2.8529747533461034
TWN,2017,82.081,80.04686175659162,0.819320145854566,78.44099427071667,81.65272924246658,3.211734971749898,4.526399266753259
TWN,2018,81.213,80.6884721704508,0.8190190130288102,79.08319490491432,82.29374943598727,3.210554531072936,1.1661382434083691
TWN,2019,81.149,80.94181732641607,0.8189580635295218,79.33665952189821,82.54697513093393,3.210315609035725,0.460527829549207
TWN,2020,81.416,81.202666413902,0.8189457267819051,79.59753278940946,82.80780003839453,3.210267248985068,0.4741826735839254
TWN,2021,82.85,82.10886325782226,0.8189432296875248,80.50373452763472,83.71399198800981,3.210257460375097,1.647333586098
TWN,2022,84.369,83.35216107662548,0.8189427242470794,81.7470333371012,84.95728881614976,3.210255479048551,2.2601367421777354
TWN,2023,86.793,85.24496091461315,0.8189426219401197,83.63983337561051,86.85008845361578,3.210255078005269,3.440838923374528
TWN,2024,83.875,84.49134770462663,0.818942601232013,82.88622020621189,86.09647520304138,3.210254996829491,-1.369960914613145
TZA,2000,34.212,34.212,0.4315708536356639,33.366121126874106,35.0578788731259,1.6917577462518023,0.0
TZA,2001,32.285,32.803651989767715,0.3842726532725252,32.05047758935356,33.55682639018187,1.506348800828299,-1.9270000000000067
TZA,2002,35.341,34.621065502062464,0.3804190020272756,33.875444258089004,35.366686746035924,1.4912424879469204,2.537348010232286
TZA,2003,33.583,33.878759478645904,0.3801057656022818,33.13375217806543,34.62376677922638,1.4900146011609448,-1.0380655020624658
TZA,2004,33.802,33.82387720553503,0.3800803184347001,33.078919781403016,34.56883462966704,1.4899148482640243,-0.0767594786459042
TZA,2005,32.621,32.96384117658569,0.3800782512147787,32.21888780420472,33.70879454896666,1.4899067447619323,-1.2028772055350243
TZA,2006,33.912,33.64175744681048,0.3800780832832332,32.896804403575345,34.386710490045616,1.4899060864702742,0.9481588234143103
TZA,2007,35.719,35.126947889749026,0.3800780696412423,34.38199487325219,35.87190090624586,1.4899060329936695,2.077242553189521
TZA,2008,35.912,35.68824579054736,0.3800780685330293,34.94329277622262,36.43319880487209,1.489906028649475,0.7850521102509731
TZA,2009,36.239,36.08202497722623,0.3800780684430032,35.337071963077946,36.82697799137452,1.4899060282965724,0.5507542094526414
TZA,2010,37.391,37.01791817783064,0.3800780684356898,36.27296516369668,37.76287119196459,1.4899060282679042,1.308975022773765
TZA,2011,36.888,36.92502905683842,0.3800780684350958,36.18007604270563,37.66998207097121,1.4899060282655754,-0.129918177830639
TZA,2012,36.655,36.731963219933206,0.3800780684350475,35.98701020580052,37.4769162340659,1.4899060282653862,-0.2700290568384176
TZA,2013,37.158,37.036571725621606,0.3800780684350436,36.29161871148892,37.78152473975429,1.489906028265371,0.426036780066795
TZA,2014,37.576,37.42225307585318,0.3800780684350432,36.677300061720494,38.16720608998586,1.4899060282653696,0.5394282743783947
TZA,2015,36.814,36.98736325134798,0.3800780684350432,36.242410237215296,37.73231626548066,1.4899060282653696,-0.6082530758531774
TZA,2016,35.794,36.13413035281851,0.3800780684350432,35.389177338685826,36.87908336695119,1.4899060282653696,-1.1933632513479822
TZA,2017,35.284,35.526302699131435,0.3800780684350432,34.78134968499875,36.27125571326412,1.4899060282653696,-0.8501303528185105
TZA,2018,35.238,35.32017154220505,0.3800780684350432,34.57521852807237,36.065124556337736,1.4899060282653696,-0.2883026991314352
TZA,2019,34.507,34.73876876214326,0.3800780684350432,33.993815748010576,35.48372177627594,1.4899060282653696,-0.8131715422050547
TZA,2020,35.658,35.39600228480235,0.3800780684350432,34.65104927066967,36.14095529893503,1.4899060282653696,0.9192312378567422
TZA,2021,35.936,35.78209077480482,0.3800780684350432,35.03713776067214,36.52704378893751,1.4899060282653696,0.53999771519765
TZA,2022,35.795,35.791320634714296,0.3800780684350432,35.04636762058161,36.53627364884698,1.4899060282653696,0.0129092251951803
TZA,2023,36.55,36.333762504921054,0.3800780684350432,35.58880949078837,37.07871551905374,1.4899060282653696,0.7586793652857011
TZA,2024,36.966,36.78580075050628,0.3800780684350432,36.0408477363736,37.530753764638966,1.4899060282653696,0.6322374950789467
UGA,2000,31.588,31.588,0.3579417553743007,30.88643415946637,32.28956584053363,1.4031316810672587,0.0
UGA,2001,31.22,31.301261245869828,0.3282563562546863,30.65787878761064,31.94464370412901,1.2867649165183703,-0.3680000000000021
UGA,2002,33.525,33.0174481137982,0.3266888120112472,32.37713804225616,33.65775818534025,1.2806201430840891,2.2237387541301707
UGA,2003,32.762,32.82040310061844,0.326606806150719,32.18025376056303,33.46055244067385,1.2802986801108185,-0.2554481137982023
UGA,2004,33.35,33.228907538800655,0.3266025186210691,32.58876660230336,33.86904847529795,1.280281872994591,0.5295968993815592
UGA,2005,32.369,32.56561898055779,0.3266022944624244,31.925478483411435,33.20575947770414,1.2802809942927038,-0.8599075388006554
UGA,2006,32.196,32.28051388255961,0.3266022827430853,31.64037340838316,32.92065435673606,1.2802809483528943,-0.3696189805577887
UGA,2007,32.669,32.58017211980992,0.3266022821303813,31.940031646834377,33.22031259278547,1.2802809459510949,0.3884861174403866
UGA,2008,32.691,32.66565905413913,0.3266022820983482,32.025518581226365,33.30579952705189,1.280280945825525,0.1108278801900795
UGA,2009,32.963,32.89501258745886,0.3266022820966734,32.25487211454938,33.53515306036834,1.28028094581896,0.2973409458608742
UGA,2010,33.421,33.300732261211415,0.3266022820965859,32.660591788302106,33.940872734120724,1.2802809458186168,0.5259874125411415
UGA,2011,33.17,33.199892109711634,0.3266022820965814,32.55975163680233,33.840032582620935,1.280280945818599,-0.1307322612114134
UGA,2012,32.666,32.78807515857058,0.3266022820965811,32.14793468566128,33.42821563147988,1.2802809458185982,-0.5338921097116369
UGA,2013,30.817,31.267689021545955,0.3266022820965811,30.627548548636657,31.907829494455253,1.2802809458185982,-1.971075158570578
UGA,2014,30.889,30.975587760922576,0.3266022820965811,30.33544728801328,31.615728233831877,1.2802809458185982,-0.3786890215459557
UGA,2015,30.555,30.651167964788243,0.3266022820965811,30.011027491878945,31.29130843769754,1.2802809458185982,-0.4205877609225759
UGA,2016,29.886,30.06095669805854,0.3266022820965811,29.42081622514924,30.70109717096784,1.2802809458185982,-0.7651679647882439
UGA,2017,33.765,32.91806545046894,0.3266022820965811,32.27792497755964,33.55820592337824,1.2802809458185982,3.7040433019414607
UGA,2018,33.55,33.40550730393468,0.3266022820965811,32.765366831025375,34.04564777684398,1.2802809458185982,0.63193454953106
UGA,2019,33.035,33.11971700003923,0.3266022820965811,32.47957652712993,33.75985747294853,1.2802809458185982,-0.37050730393468
UGA,2020,32.796,32.87001833327922,0.3266022820965811,32.22987786036992,33.51015880618852,1.2802809458185982,-0.3237170000392311
UGA,2021,33.752,33.550333689779684,0.3266022820965811,32.91019321687038,34.190474162688986,1.2802809458185982,0.8819816667207832
UGA,2022,33.571,33.56627462000033,0.3266022820965811,32.92613414709103,34.20641509290963,1.2802809458185982,0.0206663102203137
UGA,2023,34.037,33.929368000273136,0.3266022820965811,33.289227527363835,34.56950847318244,1.2802809458185982,0.4707253799996707
UGA,2024,34.696,34.52070854835729,0.3266022820965811,33.88056807544799,35.16084902126659,1.2802809458185982,0.7666319997268616
UKR,2000,44.537,44.537,0.664091821243147,43.23538003036343,45.83861996963657,2.6032399392731365,0.0
UKR,2001,44.573,44.56072365091085,0.5630359744913498,43.457173140907805,45.6642741609139,2.207101020006091,0.0360000000000013
UKR,2002,43.67,44.00302030172964,0.5488160031676748,42.927340935521,45.07869966793828,2.151358732417285,-0.89072365091085
UKR,2003,43.31,43.57232720979318,0.5467736875185684,42.500650782256784,44.644003637329575,2.143352855072788,-0.6930203017296392
UKR,2004,44.774,44.318331583118905,0.546479915810847,43.24723094812965,45.38943221810816,2.14220126997852,1.2016727902068212
UKR,2005,46.376,45.59554466549631,0.5464376510086265,44.524526869519406,46.66656246147322,2.142035591953816,2.057668416881093
UKR,2006,45.315,45.42141197269927,0.5464315702299912,44.35040609504848,46.49241785035005,2.1420117553015654,-0.2805446654963148
UKR,2007,45.58,45.51984646534312,0.54643069536469,44.44884230242833,46.59085062825791,2.142008325829585,0.1585880273007305
UKR,2008,46.133,45.90042645185445,0.5464305694943438,44.829422535645534,46.971430368063366,2.142007832417828,0.613153534656881
UKR,2009,45.734,45.7971267576937,0.5464305513848756,44.72612287697935,46.86813063840806,2.1420077614287125,-0.1664264518544485
UKR,2010,44.151,44.775387802718605,0.5464305487793943,43.70438392711099,45.84639167832622,2.1420077512152256,-1.6461267576937004
UKR,2011,43.717,44.11845416077996,0.5464305484045333,43.04745028590707,45.18945803565284,2.1420077497457704,-1.058387802718606
UKR,2012,43.87,43.964240463074326,0.5464305483506006,42.89323658830715,45.03524433784151,2.142007749534354,-0.248454160779957
UKR,2013,44.132,44.068367592331256,0.546430548342841,42.99736371757929,45.13937146708322,2.1420077495039367,0.1677595369256721
UKR,2014,45.813,45.151248288997095,0.5464305483417247,44.08024441424732,46.22225216374687,2.1420077494995606,1.744632407668746
UKR,2015,44.951,45.026955626690686,0.546430548341564,43.95595175194122,46.09795950144015,2.142007749498931,-0.2002482889970949
UKR,2016,45.87,45.55022716187251,0.5464305483415409,44.47922328712309,46.621231036621936,2.1420077494988403,0.8430443733093114
UKR,2017,48.062,47.109266366268855,0.5464305483415376,46.03826249151944,48.18027024101827,2.1420077494988274,2.5117728381274844
UKR,2018,48.379,47.89738083429664,0.5464305483415371,46.82637695954722,48.96838470904605,2.1420077494988257,1.269733633731143
UKR,2019,50.08,49.25211673873262,0.546430548341537,48.1811128639832,50.32312061348203,2.142007749498825,2.1826191657033647
UKR,2020,50.404,49.96708233432467,0.546430548341537,48.89607845957526,51.03808620907409,2.142007749498825,1.1518832612673862
UKR,2021,51.505,50.92165668815397,0.546430548341537,49.85065281340456,51.99266056290339,2.142007749498825,1.5379176656753302
UKR,2022,47.69,48.9157907931562,0.546430548341537,47.84478691840678,49.98679466790561,2.142007749498825,-3.231656688153976
UKR,2023,46.979,47.71363877868683,0.546430548341537,46.64263490393741,48.78464265343624,2.142007749498825,-1.9367907931561987
UKR,2024,47.912,47.83676015175244,0.546430548341537,46.76575627700303,48.90776402650186,2.142007749498825,0.1983612213131707
URY,2000,54.98,54.98,0.8771271612498339,53.26083076395032,56.69916923604967,3.438338472099349,0.0
URY,2001,54.523,54.68631343432912,0.7347441627134238,53.24621487541081,56.12641199324742,2.880197117836621,-0.4569999999999936
URY,2002,54.409,54.518822841875526,0.7122983836744481,53.12271800987361,55.91492767387744,2.7922096640038365,-0.2773134343291161
URY,2003,56.428,55.66016240041567,0.708657722730763,54.271193263863374,57.04913153696797,2.7779382731045907,1.9091771581244716
URY,2004,56.556,56.19481525560476,0.7080656172162424,54.80700664586092,57.582623865348594,2.7756172194876703,0.8958375995843255
URY,2005,55.744,55.92583337543775,0.707969281949049,54.53821358281761,57.31345316805788,2.775239585240272,-0.4508152556047591
URY,2006,57.847,57.07205928995388,0.707953607290089,55.6844702196653,58.45964836024245,2.775178140577149,1.9211666245622536
URY,2007,56.417,56.681233989235565,0.7079510568495373,55.29364991781047,58.06881806066066,2.775168142850186,-0.6550592899538756
URY,2008,56.463,56.55103010420391,0.7079506418639531,55.16344684615056,57.93861336225726,2.775166516106696,-0.2182339892355642
URY,2009,58.463,57.69175919906371,0.7079505743410773,56.3041760733552,59.07934232477222,2.7751662514170232,1.911969895796091
URY,2010,58.705,58.29628400271962,0.7079505633543367,56.90870089854511,59.68386710689412,2.775166208349,1.0132408009362877
URY,2011,59.404,58.95717506806339,0.707950561566669,57.56959196739272,60.34475816873407,2.7751662013413427,1.107715997280387
URY,2012,60.612,59.94448500491673,0.7079505612757951,58.55690190481617,61.332068105017285,2.775166200201117,1.6548249319366093
URY,2013,60.022,59.99073238940655,0.7079505612284667,58.60314928939876,61.37831548941435,2.775166200015589,0.0775149950832698
URY,2014,61.118,60.66328843553545,0.7079505612207657,59.275705335542746,62.05087153552815,2.7751661999854016,1.1272676105934494
URY,2015,61.243,61.00915885177569,0.7079505612195127,59.62157575178544,62.39674195176593,2.77516619998049,0.579711564464553
URY,2016,61.513,61.30976308039093,0.7079505612193089,59.92217998040108,62.69734618038078,2.7751661999796906,0.5038411482243106
URY,2017,61.316,61.31348418259671,0.7079505612192757,59.92590108260693,62.70106728258649,2.7751661999795605,0.0062369196090728
URY,2018,62.042,61.74813493729648,0.7079505612192702,60.36055183730672,63.13571803728625,2.775166199979539,0.7285158174032915
URY,2019,61.581,61.64841805415241,0.7079505612192694,60.26083495416264,63.03600115414218,2.775166199979536,-0.1671349372964812
URY,2020,61.866,61.77823288412933,0.7079505612192692,60.39064978413956,63.16581598411909,2.775166199979536,0.2175819458475913
URY,2021,62.99,62.501203448187766,0.7079505612192692,61.113620348198,63.888786548177535,2.775166199979536,1.2117671158706784
URY,2022,64.003,63.39721282651173,0.7079505612192692,62.009629726521965,64.7847959265015,2.775166199979536,1.5017965518122338
URY,2023,63.92,63.709120727583766,0.7079505612192692,62.321537627594,65.09670382757353,2.775166199979536,0.5227871734882683
URY,2024,57.805,60.186574656820525,0.7079505612192692,58.79899155683076,61.57415775681029,2.775166199979536,-5.904120727583766
USA,2000,77.093,77.093,0.1886842571929239,76.72317885590188,77.46282114409813,0.7396422881962619,0.0
USA,2001,77.095,77.09456550394167,0.173394768274508,76.75471175812363,77.4344192497597,0.6797074916360716,0.0019999999999953
USA,2002,78.469,78.16075519625873,0.1726152339448057,77.82242933772692,78.49908105479055,0.6766517170636386,1.3744344960583277
USA,2003,77.941,77.990362298269,0.172575870577766,77.65211359193658,78.32861100460143,0.676497412664843,-0.2197551962587312
USA,2004,77.845,77.87765446035264,0.1725738840656632,77.53940964758394,78.21589927312135,0.6764896255373998,-0.1453622982690063
USA,2005,77.955,77.93762488268356,0.1725737838173571,77.59938026640154,78.27586949896559,0.6764892325640399,0.0773455396473536
USA,2006,78.568,78.42639075035095,0.1725737787583859,78.08814614398452,78.76463535671738,0.6764892127328729,0.6303751173164329
USA,2007,79.178,79.0091563701751,0.172573778503088,78.67091176430905,79.34740097604116,0.6764892117321051,0.7516092496490501
USA,2008,79.008,79.00825977027023,0.1725737784902045,78.67001516442943,79.34650437611103,0.6764892116816017,-0.00115637017511
USA,2009,78.798,78.84523335011427,0.1725737784895543,78.50698874427475,79.18347795595379,0.6764892116790532,-0.2102597702702269
USA,2010,78.094,78.26275918678071,0.1725737784895215,77.92451458094125,78.60100379262018,0.6764892116789245,-0.7512333501142763
USA,2011,78.284,78.27922840357806,0.1725737784895199,77.9409837977386,78.61747300941752,0.6764892116789181,0.0212408132192933
USA,2012,77.541,77.70683771876917,0.1725737784895198,77.3685931129297,78.04508232460863,0.6764892116789178,-0.7382284035780629
USA,2013,77.481,77.53173282457189,0.1725737784895198,77.19348821873243,77.86997743041135,0.6764892116789177,-0.2258377187691707
USA,2014,77.088,77.18768139807861,0.1725737784895198,76.84943679223915,77.52592600391807,0.6764892116789178,-0.4437328245718959
USA,2015,77.299,77.27399307408149,0.1725737784895198,76.93574846824202,77.61223767992095,0.6764892116789177,0.1113186019213969
USA,2016,77.377,77.3538602325121,0.1725737784895198,77.01561562667264,77.69210483835157,0.6764892116789178,0.1030069259185069
USA,2017,77.556,77.51059075030133,0.1725737784895198,77.17234614446187,77.8488353561408,0.6764892116789177,0.2021397674878926
USA,2018,77.449,77.4628359205332,0.1725737784895198,77.12459131469373,77.80108052637266,0.6764892116789178,-0.0615907503013346
USA,2019,78.36,78.15845852099528,0.1725737784895198,77.82021391515582,78.49670312683475,0.6764892116789177,0.8971640794668048
USA,2020,77.918,77.9720172829807,0.1725737784895198,77.63377267714124,78.31026188882016,0.6764892116789178,-0.2404585209952756
USA,2021,77.26,77.4199495784251,0.1725737784895198,77.08170497258564,77.75819418426457,0.6764892116789177,-0.7120172829806961
USA,2022,78.72,78.42795299238838,0.1725737784895198,78.08970838654892,78.76619759822785,0.6764892116789178,1.3000504215748947
USA,2023,78.221,78.26749050616829,0.1725737784895198,77.92924590032882,78.60573511200775,0.6764892116789177,-0.2069529923883806
USA,2024,78.585,78.51367376832238,0.1725737784895198,78.17542916248291,78.85191837416184,0.6764892116789178,0.3175094938317073
UZB,2000,29.138,29.138,1.2679763900108472,26.652766275578745,31.62323372442126,4.970467448842521,0.0
UZB,2001,29.48,29.34319660690454,1.0275041415358153,27.329288489494346,31.357104724314738,4.027816234820396,0.3419999999999987
UZB,2002,30.033,29.71747917590316,0.97712175852138,27.802320529201257,31.632637822605066,3.8303172934038097,0.6898033930954597
UZB,2003,29.98,29.856683647574656,0.9659535885929444,27.96341461393249,31.749952681216826,3.786538067284342,0.2625208240968391
UZB,2004,30.485,30.188135361641745,0.9634573624156482,28.299758931307075,32.076511791976415,3.776752860669341,0.6283163524253439
UZB,2005,28.906,29.51256308715114,0.962898513573294,27.62528200054748,31.3998441737548,3.774562173207313,-1.282135361641746
UZB,2006,30.61,30.09066525293277,0.9627733556041064,28.20362947594872,31.97770102991682,3.774071553968097,1.0974369128488597
UZB,2007,30.511,30.31207413283392,0.9627453234261024,28.42509329891876,32.19905496674908,3.7739616678303216,0.4203347470672298
UZB,2008,30.592,30.459521529825,0.962739044826033,28.57255300196597,32.34649005768402,3.7739370557180494,0.279925867166078
UZB,2009,29.276,29.83611840950479,0.9627376385502108,27.94915263794638,31.723084181063204,3.773931543116826,-1.183521529824997
UZB,2010,28.233,28.991699157630254,0.9627373235733986,27.1047340034264,30.87866431183412,3.7739303084077225,-1.6031184095047912
UZB,2011,26.711,27.79037430054673,0.962737253025068,25.9034092846176,29.677339316475862,3.773930031858266,-2.2806991576302598
UZB,2012,26.035,26.865756643520456,0.9627372372236916,24.97879165856202,28.75272162847889,3.773929969916871,-1.7553743005467304
UZB,2013,26.328,26.58250122388055,0.9627372336845078,24.695536245858914,28.469466201902183,3.773929956043271,-0.5377566435204564
UZB,2014,27.08,26.84455140227622,0.9627372328918034,24.957586425808287,28.731516378744157,3.773929952935869,0.4974987761194498
UZB,2015,27.009,26.931172287438343,0.962737232714254,25.04420731131841,28.81813726355828,3.7739299522398753,0.1644485977237799
UZB,2016,27.668,27.319285470233645,0.9627372326744864,25.43232049419165,29.20625044627564,3.773929952083987,0.7368277125616558
UZB,2017,32.254,29.918573919415238,0.9627372326655794,28.031608943390697,31.80553889543977,3.773929952049072,4.934714529766353
UZB,2018,32.87,31.47319428774051,0.9627372326635844,29.586229311719887,33.36015926376114,3.7739299520412506,2.9514260805847634
UZB,2019,35.314,33.49628232315901,0.9627372326631376,31.609317347139257,35.383247299178755,3.773929952039499,3.840805712259488
UZB,2020,37.782,35.75372120571475,0.9627372326630376,33.86675622969519,37.6406861817343,3.773929952039107,4.285717676840989
UZB,2021,39.545,37.75072166402229,0.962737232663015,35.86375668800278,39.63768664004179,3.773929952039019,3.791278794285255
UZB,2022,36.037,36.84804393068793,0.96273723266301,34.96107895466843,38.73500890670743,3.773929952038999,-1.7137216640222874
UZB,2023,36.402,36.613096837018176,0.9627372326630088,34.72613186099868,38.50006181303768,3.773929952038995,-0.446043930687928
UZB,2024,41.619,39.24988285385932,0.9627372326630086,37.36291787783982,41.13684782987882,3.7739299520389937,5.005903162981824
VEN,2000,42.349,42.349,2.097198439315027,38.23849105894254,46.45950894105745,8.221017882114905,0.0
VEN,2001,39.903,41.03922473097264,1.6078282954389036,37.88788127191239,44.19056819003289,6.302686918120502,-2.445999999999998
VEN,2002,41.06,41.04830994144906,1.4529934920211938,38.20044269708752,43.8961771858106,5.69573448872308,0.0207752690273608
VEN,2003,41.357,41.17314720372519,1.397269879214889,38.43449824046401,43.91179616698638,5.477297926522365,0.3086900585509369
VEN,2004,38.551,40.14393809891916,1.3765524893472532,37.445895219798544,42.84198097803977,5.396085758241233,-2.6221472037251914
VEN,2005,37.603,39.15784764669903,1.3687711254532164,36.47505624081073,41.840639052587335,5.3655828117766085,-2.540938098919156
VEN,2006,37.387,38.473556959288736,1.3658380782335728,35.79651432595093,41.15059959262654,5.354085266675606,-1.770847646699032
VEN,2007,38.028,38.30166387879436,1.3647310806034365,35.626790960811626,40.97653679677709,5.349745835965471,-0.4455569592887372
VEN,2008,36.474,37.59699448661964,1.3643130723548909,34.92294086480405,40.27104810843522,5.348107243631172,-1.827663878794361
VEN,2009,34.042,36.22665713169824,1.36415520142888,33.552912936897634,38.90040132649885,5.347488389601209,-3.554994486619634
VEN,2010,32.063,34.62183998141596,1.3640955735581202,31.94821265724205,37.295467305589874,5.347254648347831,-4.163657131698237
VEN,2011,32.232,33.70074359341672,1.3640730515189117,31.02716041243965,36.374326774393786,5.347166361954134,-2.3898399814159603
VEN,2012,32.699,33.31465460664009,1.3640645446376252,30.641088099150345,35.98822111412984,5.347133014979491,-1.0017435934167196
VEN,2013,32.576,33.02996592286235,1.3640613314606909,30.3564057131994,35.703526132525305,5.347120419325908,-0.7386546066400896
VEN,2014,32.202,32.71085587166167,1.3640601177937677,30.037298040785885,35.38441370253746,5.34711566175157,-0.8279659228623544
VEN,2015,32.048,32.45538179582142,1.364059659372645,29.781824863451032,35.1289387281918,5.347113864740768,-0.6628558716616695
VEN,2016,31.35,32.029352046193125,1.3640594862197284,29.355795453202457,34.70290863918379,5.347113185981336,-1.1053817958214154
VEN,2017,30.253,31.34472095512436,1.3640594208171253,28.671164490322795,34.01827741992592,5.347112929603131,-1.776352046193125
VEN,2018,27.379,29.8162763138392,1.364059396113524,27.142719897456693,32.48983273022171,5.3471128327650135,-3.9657209551243575
VEN,2019,27.281,28.839145172516023,1.3640593867825814,26.16558877442216,31.512701570609885,5.347112796187719,-2.5352763138392014
VEN,2020,21.237,25.909171540060168,1.3640593832581362,23.23561514887422,28.582727931246115,5.347112782371894,-7.602145172516025
VEN,2021,21.387,24.16626305209041,1.3640593819268974,21.49270666351369,26.839819440667128,5.347112777153438,-4.522171540060167
VEN,2022,18.834,22.111133907962355,1.3640593814240674,19.437577520371185,24.784690295553528,5.347112775182344,-5.332263052090411
VEN,2023,18.487,20.714341750178203,1.3640593812341404,18.040785362959287,23.38789813739712,5.34711277443783,-3.624133907962357
VEN,2024,23.548,21.806473476348472,1.364059381162402,19.132917089270165,24.48002986342678,5.347112774156615,2.833658249821795
VNM,2000,29.472,29.472,1.5725536164846905,26.389794911690007,32.55420508830999,6.164410176619986,0.0
VNM,2000,32.294,31.24424952529454,1.302759644107052,28.69084062284472,33.79765842774436,5.106817804899644,2.821999999999996
VNM,2001,29.903,30.46157271064001,1.2557893945347591,28.00022549735188,32.922919923928134,4.922694426576256,-1.3412495252945398
VNM,2001,32.732,31.76862361945259,1.247305449687544,29.32390493806501,34.213342300840175,4.889437362775173,2.27042728935999
VNM,2002,30.467,31.02114612203665,1.2457667014496996,28.57944338719524,33.46284885687806,4.883405469682822,-1.3016236194525916
VNM,2002,33.356,32.361370984732226,1.245487431196065,29.92021561958794,34.80252634987652,4.882310730288575,2.3348538779633508
VNM,2003,30.906,31.526044359997567,1.245436739984448,29.08498834962805,33.967100370367085,4.8821120207390365,-1.4553709847322267
VNM,2003,33.892,32.883991273399005,1.2454275386703169,30.442953297605182,35.32502924919282,4.882075951587642,2.3659556400024364
VNM,2004,30.926,31.760199673148307,1.245425868469426,29.319164970948236,34.201234375348385,4.882069404400149,-1.9579912733990064
VNM,2004,34.023,33.0589361878999,1.2454255652982789,30.617902079915275,35.49997029588453,4.882068215969253,2.2628003268516963
VNM,2005,31.909,32.39892921903228,1.2454255102673204,29.95789521890833,34.83996321915623,4.882068000247896,-1.149936187899904
VNM,2005,33.982,33.30753418501482,1.2454255002782215,30.86650020446951,35.74856816556014,4.8820679610906295,1.5830707809677165
VNM,2006,33.708,33.53738191609344,1.2454254984650226,31.096347939101992,35.97841589308488,4.882067953982888,0.400465814985175
VNM,2006,35.877,34.88020791464241,1.2454254981358948,32.43917393829606,37.321241890988766,4.882067952692707,2.339618083906565
VNM,2007,34.087,34.42494548644476,1.245425498076152,31.9839115102155,36.86597946267401,4.882067952458516,-0.7932079146424087
VNM,2007,36.462,35.59411483924187,1.245425498065308,33.153080863033864,38.03514881544987,4.882067952416007,2.037054513555248
VNM,2008,34.868,35.177360544744154,1.2454254980633397,32.73632656854001,37.6183945209483,4.882067952408291,-0.7261148392418662
VNM,2008,37.24,36.36121439887463,1.2454254980629822,33.92018042267119,38.80224837507807,4.88206795240689,2.062639455255848
VNM,2009,35.085,35.62872994505768,1.2454254980629171,33.187695968854364,38.06976392126099,4.882067952406636,-1.2762143988746288
VNM,2009,37.207,36.5345795265931,1.2454254980629054,34.093545550389805,38.97561350279639,4.882067952406589,1.5782700549423223
VNM,2010,35.354,35.85698479761453,1.2454254980629031,33.41595082141124,38.29801877381782,4.88206795240658,-1.1805795265930996
VNM,2010,35.711,35.77319668580467,1.2454254980629027,33.332162709601384,38.21423066200796,4.882067952406579,-0.1459847976145312
VNM,2011,34.995,35.32654996651798,1.2454254980629027,32.885515990314694,37.76758394272127,4.882067952406579,-0.7781966858046729
VNM,2011,34.744,34.99219486566481,1.2454254980629027,32.55116088946152,37.43322884186809,4.882067952406579,-0.5825499665179805
VNM,2012,35.361,35.20387091917635,1.2454254980629027,32.76283694297307,37.64490489537964,4.882067952406579,0.3688051343351901
VNM,2012,35.084,35.13507089244194,1.2454254980629027,32.69403691623865,37.57610486864522,4.882067952406579,-0.1198709191763498
VNM,2013,36.133,35.70783324173236,1.2454254980629027,33.26679926552907,38.148867217935646,4.882067952406579,0.9979291075580649
VNM,2013,35.952,35.84797298214559,1.2454254980629027,33.406939005942306,38.28900695834888,4.882067952406579,0.2441667582676387
VNM,2014,35.925,35.89218271144498,1.2454254980629027,33.451148735241695,38.33321668764827,4.882067952406579,0.0770270178544052
VNM,2014,35.802,35.840422259443535,1.2454254980629027,33.39938828324025,38.28145623564682,4.882067952406579,-0.0901827114449815
VNM,2015,36.649,36.30450621366181,1.2454254980629027,33.863472237458524,38.745540189865096,4.882067952406579,0.8085777405564656
VNM,2015,36.648,36.50165479519898,1.2454254980629027,34.060620818995694,38.94268877140227,4.882067952406579,0.3434937863381933
VNM,2016,37.599,37.13147710694855,1.2454254980629027,34.690443130745265,39.57251108315184,4.882067952406579,1.097345204801016
VNM,2016,39.107,38.2653303283161,1.2454254980629027,35.82429635211281,40.70636430451938,4.882067952406579,1.975522893051448
VNM,2017,40.442,39.51463193234846,1.2454254980629027,37.07359795614517,41.955665908551744,4.882067952406579,2.176669671683904
VNM,2017,42.147,41.02548205908198,1.2454254980629027,38.58444808287869,43.46651603528527,4.882067952406579,2.632368067651541
VNM,2018,41.544,41.3230859186549,1.2454254980629027,38.88205194245161,43.76411989485818,4.882067952406579,0.5185179409180165
VNM,2018,43.297,42.456015761031374,1.2454254980629027,40.01498178482809,44.89704973723466,4.882067952406579,1.9739140813451
VNM,2019,43.025,42.78258479980644,1.2454254980629027,40.34155082360315,45.22361877600972,4.882067952406579,0.5689842389686248
VNM,2019,45.529,44.35889238546152,1.2454254980629027,41.91785840925823,46.7999263616648,4.882067952406579,2.7464152001935678
VNM,2020,43.091,43.631184359065344,1.2454254980629027,41.19015038286206,46.07221833526863,4.882067952406579,-1.267892385461515
VNM,2020,48.074,46.18114257222217,1.2454254980629027,43.740108596018885,48.62217654842546,4.882067952406579,4.442815640934654
VNM,2021,43.513,44.64975963496394,1.2454254980629027,42.208725658760656,47.09079361116723,4.882067952406579,-2.668142572222173
VNM,2021,48.794,47.02835028787174,1.2454254980629027,44.58731631166845,49.46938426407503,4.882067952406579,4.144240365036055
VNM,2022,43.454,44.97684858042287,1.2454254980629027,42.53581460421958,47.41788255662616,4.882067952406579,-3.574350287871738
VNM,2022,48.69,47.10801532788073,1.2454254980629027,44.66698135167744,49.549049304084015,4.882067952406579,3.71315141957713
VNM,2023,43.448,45.0073460901975,1.2454254980629027,42.566312113994215,47.44838006640079,4.882067952406579,-3.660015327880728
VNM,2023,48.451,46.98383448860495,1.2454254980629027,44.54280051240166,49.42486846480824,4.882067952406579,3.4436539098024994
VNM,2024,44.136,45.34931720703669,1.2454254980629027,42.908283230833405,47.79035118323998,4.882067952406579,-2.8478344886049456
XKX,2013,36.542,36.542,1.501025308067451,33.5999903961878,39.48400960381221,5.884019207624408,0.0
XKX,2014,38.039,37.58074280123847,1.3042781613842538,35.02435760492533,40.1371279975516,5.112770392626275,1.497
XKX,2015,42.256,40.71889246645266,1.2828065877377537,38.20459155448666,43.233193378418655,5.028601823931995,4.675257198761536
XKX,2016,43.934,42.86901970183415,1.2804465015933832,40.35934455871112,45.37869484495718,5.019350286246063,3.21510753354734
XKX,2017,52.791,49.50172981023956,1.2801870722069713,46.9925631487139,52.01089647176522,5.018333323051327,9.921980298165847
XKX,2018,50.109,49.90766366205044,1.2801585548416294,47.39855289456085,52.416774429540034,5.018221534979188,0.6072701897604418
XKX,2019,51.174,50.754150577626845,1.280155420116527,48.24504595419845,53.26325520105524,5.018209246856786,1.266336337949561
XKX,2020,49.384,49.83826916666311,1.2801550755369728,47.32916521861064,52.34737311471558,5.018207896104934,-1.3701505776268448
XKX,2021,50.272,50.12819787274417,1.2801550376596265,47.6190939989313,52.63730174655704,5.018207747625736,0.4337308333368881
XKX,2022,47.16,48.144096912204446,1.280155033496021,45.634993046552246,50.65320077785665,5.018207731304402,-2.9681978727441702
XKX,2023,47.553,47.74897637081209,1.280155033038343,45.23987250605693,50.25808023556724,5.018207729510306,-0.5910969122044492
XKX,2024,45.366,46.15606851721668,1.2801550329880338,43.646964652560136,48.66517238187323,5.018207729313092,-2.382976370812088
YEM,2000,24.143,24.143,1.0873787299655606,22.011737689267505,26.2742623107325,4.262524621464998,0.0
YEM,2001,24.129,24.13433941496583,0.8942904659532283,22.381530101697503,25.887148728234155,3.5056186265366547,-0.0139999999999993
YEM,2002,24.416,24.294909785496227,0.8584967784042542,22.612256099823888,25.977563471168565,3.3653073713446764,0.2816605850341709
YEM,2003,26.922,25.76850802294568,0.851571379572348,24.09942811898388,27.43758792690748,3.338159807923604,2.627090214503774
YEM,2004,27.322,26.63714452462415,0.8502243401941091,24.970704817843696,28.303584231404606,3.3328794135609074,1.5534919770543212
YEM,2005,29.377,28.16819236954898,0.849962093134263,26.502266667005824,29.83411807209213,3.3318514050863106,2.7398554753758475
YEM,2006,29.35,28.828514287020443,0.8499110290168378,27.162688670147443,30.494339903893444,3.331651233746004,1.181807630451022
YEM,2007,29.492,29.199220902607856,0.8499010856025611,27.533414774826834,30.86502703038888,3.3316122555620398,0.6634857129795577
YEM,2008,29.853,29.564502516833212,0.8498991493675947,27.89870018407273,31.2303048495937,3.3316046655209712,0.653779097392146
YEM,2009,30.742,30.2223972116818,0.8498987723330588,28.556595617909007,31.8881988054546,3.3316031875455905,1.1774974831667857
YEM,2010,30.518,30.387557201743547,0.8498986989147606,28.721755751870617,32.05335865161648,3.331602899745861,0.2956027883181988
YEM,2011,29.295,29.77712070505901,0.8498986846183335,28.111319283207077,31.442922126910943,3.3316028437038674,-1.0925572017435456
YEM,2012,29.366,29.54741824109088,0.8498986818344522,27.88161682469535,31.213219657486405,3.3316028327910523,-0.4111207050590089
YEM,2013,29.189,29.3471618395242,0.8498986812923589,27.681360424191173,31.012963254857222,3.331602830666047,-0.3584182410908774
YEM,2014,29.075,29.195098846169103,0.8498986811867995,27.52929743104298,30.86090026129523,3.331602830252254,-0.2721618395241982
YEM,2015,27.123,28.03737021818911,0.8498986811662445,26.371568803103276,29.70317163327495,3.3316028301716782,-2.072098846169105
YEM,2016,27.241,27.592420112761427,0.8498986811622418,25.926618697683438,29.25822152783942,3.331602830155988,-0.7963702181891108
YEM,2017,27.799,27.707840981732254,0.8498986811614624,26.042039566655788,29.37364239680872,3.3316028301529323,0.206579887238572
YEM,2018,26.442,27.0005869114382,0.8498986811613105,25.33478549636203,28.666388326514365,3.3316028301523373,-1.2658409817322536
YEM,2019,23.704,25.158709025637712,0.8498986811612811,23.4929076105616,26.824510440713823,3.331602830152222,-3.2965869114381974
YEM,2020,27.487,26.459578006979324,0.8498986811612752,24.793776591903224,28.125379422055424,3.3316028301521987,2.328290974362286
YEM,2021,22.904,24.47299592125583,0.8498986811612742,22.807194506179734,26.13879733633193,3.3316028301521947,-3.5555780069793244
YEM,2022,20.875,22.462713984636068,0.8498986811612739,20.79691256955997,24.128515399712164,3.3316028301521934,-3.59799592125583
YEM,2023,17.934,19.93241875399179,0.8498986811612739,18.26661733891569,21.598220169067886,3.3316028301521934,-4.528713984636067
YEM,2024,17.734,18.70411232813757,0.8498986811612739,17.038310913061473,20.369913743213665,3.3316028301521934,-2.1984187539917883
ZAF,2000,53.059,53.059,0.3243398270416199,52.42329393899842,53.694706061001575,1.27141212200315,0.0
ZAF,2001,51.906,52.12191001584841,0.3031058664594488,51.527822517587886,52.71599751410893,1.1881749965210395,-1.1529999999999987
ZAF,2002,53.179,52.97658255784856,0.3023167738996397,52.384041681005264,53.56912343469185,1.1850817536865874,1.0570899841515953
ZAF,2003,52.537,52.62124187491533,0.302287777856257,52.02875783031706,53.21372591951359,1.1849680891965275,-0.4395825578485599
ZAF,2004,51.971,52.09561646122577,0.3022867128592507,51.50313450402164,52.688098418429895,1.1849639144082629,-0.6502418749153307
ZAF,2005,50.999,51.20916273661474,0.3022866737435951,50.616680856077295,51.80164461715219,1.1849637610748929,-1.0966164612257645
ZAF,2006,50.433,50.58174889908449,0.3022866723069398,49.989267021362885,51.17423077680609,1.184963755443204,-0.7761627366147437
ZAF,2007,50.276,50.33459571718226,0.3022866722541737,49.74211383956408,50.92707759480045,1.184963755236361,-0.3057488990844845
ZAF,2008,50.645,50.58551209465155,0.3022866722522356,49.993030217037166,51.17799397226593,1.1849637552287635,0.3104042828177427
ZAF,2009,51.562,51.37485947616417,0.3022866722521645,50.78237759854993,51.96734135377841,1.184963755228485,0.9764879053484492
ZAF,2010,51.01,51.079924054483264,0.3022866722521619,50.487442176869024,51.672405932097504,1.1849637552284746,-0.3648594761641703
ZAF,2011,51.03,51.03956777207053,0.3022866722521617,50.44708589445629,51.63204964968477,1.1849637552284742,-0.049924054483263
ZAF,2012,51.075,51.06820953627887,0.3022866722521617,50.47572765866463,51.66069141389311,1.1849637552284742,0.0354322279294692
ZAF,2013,50.615,50.70185603739901,0.3022866722521617,50.10937415978477,51.29433791501325,1.1849637552284742,-0.4532095362788695
ZAF,2014,51.467,51.32036281055126,0.3022866722521617,50.72788093293702,51.9128446881655,1.1849637552284742,0.7651439626009875
ZAF,2015,51.024,51.08079690583801,0.3022866722521617,50.48831502822377,51.67327878345225,1.1849637552284742,-0.2963628105512583
ZAF,2016,51.049,51.05509376683755,0.3022866722521617,50.46261188922331,51.64757564445179,1.1849637552284742,-0.0317969058380072
ZAF,2017,52.68,52.36859235020464,0.3022866722521617,51.7761104725904,52.96107422781888,1.1849637552284742,1.6249062331624486
ZAF,2018,53.59,53.35592145571097,0.3022866722521617,52.76343957809673,53.94840333332521,1.1849637552284742,1.22140764979536
ZAF,2019,51.196,51.60994146353691,0.3022866722521617,51.01745958592267,52.20242334115115,1.1849637552284742,-2.159921455710972
ZAF,2020,51.644,51.63747279948899,0.3022866722521617,51.04499092187475,52.22995467710323,1.1849637552284742,0.0340585364630854
ZAF,2021,53.036,52.76797710747998,0.3022866722521617,52.17549522986574,53.36045898509422,1.1849637552284742,1.398527200511012
ZAF,2022,52.044,52.18274770429503,0.3022866722521617,51.59026582668079,52.77522958190927,1.1849637552284742,-0.7239771074799819
ZAF,2023,52.279,52.26055358101215,0.3022866722521617,51.66807170339791,52.85303545862639,1.1849637552284742,0.0962522957049714
ZAF,2024,48.846,49.50038736344425,0.3022866722521617,48.90790548583001,50.09286924105849,1.1849637552284742,-3.41455358101215
ZMB,2000,37.463,37.463,0.4345478920402116,36.61128613160118,38.31471386839882,1.7034277367976294,0.0
ZMB,2001,38.332,38.14665905203616,0.400248567607985,37.36217185952451,38.93114624454781,1.568974385023301,0.8689999999999998
ZMB,2002,40.928,40.316453241180014,0.3985676503590578,39.53526064647626,41.09764583588377,1.5623851894075067,2.781340947963841
ZMB,2003,38.13,38.61144397966088,0.3984860885952044,37.83041124601428,39.392476713307474,1.5620654672932013,-2.1864532411800117
ZMB,2004,38.077,38.19468965408935,0.3984821333367165,37.41366467274938,38.97571463542931,1.562049962679929,-0.5344439796608782
ZMB,2005,38.35,38.31579906614807,0.3984819415357437,37.53477446073801,39.09682367155813,1.5620492108201152,0.1553103459106566
ZMB,2006,40.611,40.10557308956815,0.3984819322348186,39.32454850238791,40.8865976767484,1.562049174360489,2.2952009338519304
ZMB,2007,39.632,39.73628567796071,0.3984819317837927,38.95526109166448,40.51731026425694,1.5620491725924677,-0.4735730895681556
ZMB,2008,41.379,41.01725736594864,0.3984819317619213,40.23623277969527,41.798281952202,1.5620491725067318,1.6427143220392892
ZMB,2009,39.278,39.66100240791855,0.3984819317608607,38.87997782166727,40.44202699416984,1.562049172502574,-1.7392573659486388
ZMB,2010,39.565,39.58614072023996,0.3984819317608093,38.805116133988776,40.367165306491145,1.5620491725023724,-0.0960024079185544
ZMB,2011,38.917,39.06435168705106,0.3984819317608068,38.28332710079988,39.84537627330224,1.5620491725023626,-0.6691407202399589
ZMB,2012,39.077,39.07421471105404,0.3984819317608067,38.29319012480286,39.85523929730522,1.5620491725023624,0.01264831294894
ZMB,2013,39.423,39.3461938825568,0.3984819317608067,38.565169296305626,40.12721846880798,1.5620491725023624,0.3487852889459617
ZMB,2014,40.904,40.56095502820185,0.3984819317608067,39.77993044195068,41.34197961445303,1.5620491725023624,1.5578061174431994
ZMB,2015,41.496,41.29009345464187,0.3984819317608067,40.50906886839069,42.07111804089305,1.5620491725023624,0.935044971798149
ZMB,2016,40.746,40.865814989627545,0.3984819317608067,40.08479040337637,41.64683957587872,1.5620491725023624,-0.5440934546418674
ZMB,2017,42.33,42.007571361438174,0.3984819317608067,41.226546775187,42.78859594768935,1.5620491725023624,1.4641850103724536
ZMB,2018,42.437,42.34243538534401,0.3984819317608067,41.56141079909283,43.12345997159519,1.5620491725023624,0.4294286385618235
ZMB,2019,41.73,41.86486458753824,0.3984819317608067,41.08384000128706,42.64588917378941,1.5620491725023624,-0.6124353853440141
ZMB,2020,41.395,41.49846902761273,0.3984819317608067,40.71744444136155,42.27949361386391,1.5620491725023624,-0.4698645875382325
ZMB,2021,41.103,41.19008635811953,0.3984819317608067,40.40906177186835,41.97111094437071,1.5620491725023624,-0.3954690276127266
ZMB,2022,40.628,40.75177721252354,0.3984819317608067,39.970752626272365,41.53280179877472,1.5620491725023624,-0.5620863581195295
ZMB,2023,41.511,41.34381131278016,0.3984819317608067,40.56278672652898,42.12483589903133,1.5620491725023624,0.7592227874764603
ZMB,2024,38.66,39.25100292763987,0.3984819317608067,38.46997834138869,40.032027513891045,1.5620491725023624,-2.6838113127801577
ZWE,2000,30.955,30.955,0.8889510431292578,29.21265595546665,32.697344044533345,3.4846880890666903,0.0
ZWE,2001,26.561,28.30022061432155,0.7227964151550477,26.883539640617656,29.716901588025443,2.833361947407787,-4.393999999999998
ZWE,2002,24.983,26.47945740633366,0.6889240636283741,25.129166241622045,27.829748571045272,2.7005823294232263,-3.317220614321549
ZWE,2003,25.034,25.70275514337405,0.6816421439584323,24.366736541215523,27.03877374553258,2.6720372043170544,-1.4454574063336594
ZWE,2004,23.409,24.47592589074763,0.6800648549787591,23.142998774989263,25.808853006505995,2.6658542315167355,-2.293755143374053
ZWE,2005,22.953,23.66219885653427,0.6797227177556232,22.32994232973325,24.994455383335293,2.6645130536020427,-1.5229258907476293
ZWE,2006,22.619,23.10492046011049,0.6796484807117309,21.77280943791549,24.43703148230548,2.664222044389985,-1.0431988565342714
ZWE,2007,23.039,23.069707320585906,0.6796323716846561,21.73762787208398,24.40178676908783,2.664158897003852,-0.0659204601104868
ZWE,2008,22.921,22.99027222936865,0.6796288760657111,21.658199632279857,24.32234482645744,2.6641451941775878,-0.1487073205859062
ZWE,2009,21.745,22.32508579515365,0.6796281175227417,20.99301468480908,23.657156905498223,2.6641422206891474,-1.2452722293686485
ZWE,2010,21.214,21.731577947831525,0.679627952920184,20.39950716010797,23.063648735555084,2.664141575447121,-1.1110857951536524
ZWE,2011,21.851,21.79536952717161,0.6796279172016987,20.463298809456283,23.12744024488694,2.664141435430659,0.1194220521684741
ZWE,2012,23.32,22.60978011372024,0.6796279094508456,21.277709411196582,23.9418508162439,2.6641414050473147,1.5246304728283882
ZWE,2013,23.991,23.34758518335347,0.6796279077689232,22.01551448412638,24.67965588258056,2.664141398454179,1.381219886279759
ZWE,2014,24.305,23.85900665340463,0.6796279074039487,22.52693595489289,25.19107735191637,2.664141397023479,0.95741481664653
ZWE,2015,25.584,24.78044490315794,0.67962790732475,23.44837420480143,26.11251560151445,2.66414139671302,1.7249933465953688
ZWE,2016,26.518,25.70859325246208,0.6796279073075638,24.376522554139257,27.040663950784904,2.6641413966456504,1.737555096842062
ZWE,2017,27.769,26.809198997325705,0.6796279073038345,25.47712829901019,28.14126969564122,2.664141396631031,2.060406747537918
ZWE,2018,29.748,28.379015864995942,0.6796279073030252,27.04694516668201,29.71108656330988,2.664141396627859,2.938801002674296
ZWE,2019,29.294,28.867772173256427,0.6796279073028497,27.53570147494284,30.199842871570013,2.664141396627171,0.9149841350040546
ZWE,2020,29.192,29.04096467963118,0.6796279073028116,27.70889398131767,30.37303537794469,2.6641413966270218,0.3242278267435736
ZWE,2021,29.875,29.48648062744644,0.6796279073028033,28.154409929132942,30.81855132575993,2.664141396626989,0.8340353203688196
ZWE,2022,28.24,28.820649115749088,0.6796279073028015,27.4885784174356,30.15271981406258,2.664141396626982,-1.2464806274464415
ZWE,2023,28.078,28.423948860236163,0.6796279073028011,27.091878161922672,29.756019558549653,2.66414139662698,-0.7426491157490887
ZWE,2024,29.258,28.86947325828439,0.679627907302801,27.5374025599709,30.20154395659788,2.66414139662698,0.8340511397638366
