iso3,rnd_pct_gdp_sp,internet_pct_sp,tourist_arrivals,trade_pct_gdp,ai_publications,rd_researchers_per_mil,sci_journal_articles,hightech_exports_pct,ict_patents,property_rights,govt_integrity,judicial_effectiveness,business_freedom,investment_freedom,fh_status_num,fh_combined_score,fh_total_score,unesco_total_sites,unesco_cultural_sites,life_expectancy,infant_mortality,physicians_per_1k,tertiary_enroll_pct,tourist_arrivals_lag1,tourist_arrivals_lag2,unesco_total_sites_lag1,unesco_total_sites_lag2,unesco_cultural_sites_lag1,unesco_cultural_sites_lag2,internet_pct_sp_lag1,internet_pct_sp_lag2,rnd_pct_gdp_sp_lag1,rnd_pct_gdp_sp_lag2,sci_journal_articles_lag1,sci_journal_articles_lag2,ai_publications_lag1,ai_publications_lag2,hightech_exports_pct_lag1,hightech_exports_pct_lag2,fh_combined_score_lag1,fh_combined_score_lag2,trade_pct_gdp_lag1,trade_pct_gdp_lag2,investment_freedom_lag1,investment_freedom_lag2,govt_integrity_lag1,govt_integrity_lag2,judicial_effectiveness_lag1,judicial_effectiveness_lag2,property_rights_lag1,property_rights_lag2,business_freedom_lag1,business_freedom_lag2,life_expectancy_lag1,life_expectancy_lag2,tertiary_enroll_pct_lag1,tertiary_enroll_pct_lag2,physicians_per_1k_lag1,physicians_per_1k_lag2,infant_mortality_lag1,infant_mortality_lag2,score_roll3_mean,score_roll3_std,year_norm,tourist_arrivals_slope,unesco_total_sites_slope,unesco_cultural_sites_slope,internet_pct_sp_slope,rnd_pct_gdp_sp_slope,sci_journal_articles_slope,ai_publications_slope,hightech_exports_pct_slope,fh_combined_score_slope,fh_status_num_slope,fh_total_score_slope,trade_pct_gdp_slope,investment_freedom_slope,govt_integrity_slope,judicial_effectiveness_slope,property_rights_slope,business_freedom_slope,life_expectancy_slope,tertiary_enroll_pct_slope,physicians_per_1k_slope,infant_mortality_slope,rd_researchers_per_mil_slope,ict_patents_slope,score_slope,score_r2,score_volatility,influence_growth,momentum_5y,top_kpi,top_kpi_dim
AFG,-0.064424776,-0.3568913,-0.11012039,0.007016197,-0.07786335,-0.025567513,0.111878455,-0.0128934905,-0.06009701,-0.664399,-0.8833896,-0.021169608,-0.3479221,-0.12865384,-0.30039847,-0.65208095,-0.0021513267,-0.030764988,-0.010441737,-0.22879781,-1.8106538,-0.051894914,0.03911486,-0.029920096,-0.005068837,-0.00085071096,-0.0030037498,-0.0018803709,-0.0006122892,-0.03313329,0.007879655,-0.0055576046,-0.00057993043,-0.07324471,0.003952193,0.00076434575,0.094621845,0.0027171,0.0084544,-0.10007388,0.0105264215,0.0057447017,0.028263578,0.007400037,0.054646358,0.05513343,0.055011984,-0.011274685,-0.026354419,0.07840142,0.029603938,-0.006714477,-0.011963038,0.009926993,-0.008192365,-0.10458147,0.00096806313,0.0050856667,-0.0023874198,-0.31352833,-0.0068406197,-15.088257,-0.0015244791,-0.23300368,0.007332399,0.0,0.0,-0.027209649,0.007242692,0.07656464,0.17829284,-0.00059863896,-0.0031310136,0.0008491192,-0.007891531,0.017544277,-0.19713292,0.022010058,-0.061654527,-0.030436784,-0.23005383,1.646319e-05,-0.00074530026,6.1917744e-05,0.0002169534,-0.014924164,0.042566314,-0.07766038,0.001595063,-0.06575117,0.00029391638,-0.18779555,score_roll3_mean,
AGO,-0.044999734,-0.27931222,-0.067204684,0.02902152,-0.071396194,-0.02697703,-0.09031767,0.043287,-0.06308887,-0.20336829,-0.31394127,-0.01563336,-0.20246072,-0.09958477,-0.1735647,-0.8239835,0.037797816,-0.0481505,-0.0032803433,-0.3016283,-1.0584607,-0.09852674,-0.005148028,-0.031004399,-0.017519426,0.0014498725,-0.007429565,0.0023387428,-0.002022026,0.017051073,0.04035313,-0.0014702373,-0.0017751011,-0.11366676,-0.022469979,-0.026858877,-0.031646118,-0.011142959,-0.05020597,0.0016340648,-0.017752059,0.0031165062,0.023777211,0.011908808,0.06393688,0.02141907,0.040745873,-0.049847253,-0.10527511,-0.0497402,-0.02772585,0.011884283,0.0019506193,-0.016612094,-0.009790361,-0.09342808,-0.000552317,-0.025170645,-0.0019129814,-0.35305142,-0.004357213,-12.857207,-0.08818632,-0.36489052,-0.02320019,0.0,0.0,-0.055079427,0.008858957,-0.015674528,0.0081561385,0.0061201695,0.0152362725,0.0017895877,0.013877127,0.013976325,-0.011158596,0.018222881,0.0045951037,0.0012354155,-0.020667419,2.1492246e-05,-0.00040262047,6.1917744e-05,0.00011320895,-0.0030449885,-0.005437998,0.03734891,0.03387175,0.03741298,-0.031939946,-0.0025509,score_roll3_mean,
ALB,-0.04377713,-0.26373932,-0.10795646,0.0500463,0.018421328,-0.059854515,-0.043708157,-0.036912765,-0.13129552,0.34578937,0.375359,0.08892901,0.11522334,0.06333066,-0.033558644,-0.5190109,0.002773359,-0.05036606,-0.0042509567,-0.028358255,0.2679981,-0.00479143,0.05473679,-0.01880256,0.061072048,-0.0031096218,-0.00506803,-0.0011106832,-0.0020729431,0.03332418,-0.006745983,-0.00042918834,-0.019204665,-0.09977672,-0.00327599,-0.04442652,0.0040052114,0.0013166002,0.0032257843,-0.01886607,0.021054724,0.005984719,0.00052868854,-0.036134783,-0.03281407,-0.01197316,0.05616951,0.022184586,0.008749328,-0.034899954,-0.0090333475,-0.011353388,0.012150717,-0.016474994,0.015395724,-0.0009254122,0.0017132274,0.005838407,-0.005346557,0.14567843,0.0029041362,2.4783843,0.28386596,-0.86428326,-0.04087237,0.0,0.0,0.060589872,-0.0036632416,-0.022623882,0.016799657,0.004589025,0.010647118,0.0015570102,-0.006982601,-0.0049457317,0.006097166,-0.0031199502,0.024084356,-0.0036641648,0.007140249,8.5510965e-06,-0.00013883259,4.223504e-05,-0.00021153115,-0.003090728,0.0026916745,0.019262671,0.11775801,-0.012923397,-0.0029846765,-0.011223198,score_roll3_mean,
AND,-0.093483575,-0.52860206,-0.13593854,-0.015806472,-0.19573808,-0.04411942,-0.35095087,0.021825382,-0.07325603,-0.71930176,-0.77876645,0.004100012,-0.28939638,-0.23362531,-0.12714532,-1.0780706,0.0974374,-0.04056388,-0.006360013,-0.3651883,0.4383315,0.066899225,-0.14117502,-0.022736417,-0.016585797,-0.0017629203,-0.005030085,0.0011679387,-0.0010957449,0.08118302,0.11151716,-0.0014485869,-0.07898288,-0.205943,-0.13728108,-0.028508035,-0.06928907,-0.039001953,-0.009249113,-0.045038577,-0.026188506,-0.053236827,-0.036291737,0.0064707524,0.043637775,0.036934644,0.028389892,0.04921927,0.004181715,0.07076927,0.03915254,-4.9239905e-05,-0.0031176975,-0.039987955,-0.009775444,-0.076405264,-0.025147643,0.009114544,0.008816331,0.017122881,0.0027828733,-6.044487,0.13407224,-0.34239665,0.0053977333,0.0,0.0,-0.037700355,0.0080990335,-0.019289302,-0.07191562,0.0052931868,-0.04200356,0.00062898826,0.0064559295,-0.027326282,0.006755107,-0.069372445,0.0037584673,-0.038794834,-0.00445258,1.1969078e-05,-0.00045320127,0.00031724642,0.000213336,-0.015153631,-0.020442424,-0.058098942,0.003958036,-0.03477868,-0.0131326895,-0.005355278,score_roll3_mean,
ARE,-0.048384756,-0.16180238,-0.059226584,0.10767463,0.29263526,-0.05844682,0.24397083,0.03176048,0.3154148,0.7503402,0.54066414,-0.016669095,0.2219139,-0.0085711805,-0.033637855,-0.4183609,0.28533134,-0.06558858,-0.008921449,-0.011428991,0.30179796,0.033580456,0.027479889,-0.056926165,0.013222259,-0.0066741,-0.0034962227,-0.0012846999,-0.0011299105,0.08012894,0.04743746,0.0056559355,-0.022428552,-0.00031267083,-0.005519848,0.019679315,0.009585164,-0.0077756816,0.034005865,-8.673892e-05,0.052425675,-0.014841414,-0.009284765,-0.0020397247,-0.004465237,-0.018737808,-0.11714884,-0.2225197,-0.0030191827,-0.071916364,-0.062334593,-0.077769615,-0.018049374,-0.013415575,0.013143472,0.003667997,-0.002611689,0.0029181452,0.0046909815,0.1818575,0.0030517585,4.8749213,0.19732481,-0.5685922,0.035719052,0.0,0.0,0.0069777584,-0.049998906,-0.003216196,0.073339276,0.0037343751,-0.017360114,0.004163057,0.0049474426,0.023701336,0.03304758,-0.06372235,-0.057379,-0.004632501,0.017804665,1.9525025e-05,-0.00012766695,3.3615695e-05,-3.303698e-06,0.021427391,0.05200159,0.0023112667,0.053967755,-0.017916806,-0.0035280378,-0.004219553,score_roll3_mean,
ARG,-0.06541533,-0.15595932,-0.14226323,0.08228443,0.21757394,0.41527113,0.21657851,0.00064601155,0.26860276,-0.3103917,0.3795909,0.13057292,-0.10358799,0.013661484,-0.032865852,-0.5138695,0.08004478,-0.0009902637,-0.011312573,-0.07575512,0.35883346,0.03170033,0.10083634,-0.112111926,-0.03474747,0.0007019442,0.009654829,-0.0010755307,-0.00044421523,0.031919852,0.040406317,-0.0021633022,-0.041534696,-0.0012685823,0.01529256,-0.0137102725,0.031147882,-0.0046923663,0.010019124,-0.014230557,-0.024696225,0.00819434,0.0025571934,-0.00092821085,-0.011337699,-0.028704995,0.012973205,-0.021536592,0.015597976,0.043065436,0.047615588,0.03807527,-0.037106697,-0.0058497605,0.01181582,0.0023102977,0.017111458,0.00075668126,-0.008862057,0.028967166,0.0017514414,6.89137,0.22051418,-1.4148158,0.0009144918,0.0,0.0,-0.05170816,0.007062885,-0.022227615,0.032479107,-0.0042854273,0.0085536055,-0.0010715437,-0.004134878,0.010885085,0.009774054,0.010733234,0.008140532,-0.016308447,-0.02532684,1.8267378e-06,-9.776474e-05,4.523847e-05,-0.00011709884,0.0055954154,-0.038519368,-0.028823784,-0.11784828,-0.05018978,0.0022710415,0.15287282,score_roll3_mean,
ARM,-0.060506836,-0.23848984,-0.109250255,-0.014105799,0.09787997,0.20545982,-0.0038553574,0.049659066,-0.091427155,0.256058,0.40277165,-0.023759006,0.05424119,0.05577073,-0.045230493,-0.5226692,0.091931686,-0.0467007,-0.0019157238,-0.109082416,0.29810247,0.08734307,0.04074789,-0.056615807,-0.06884719,-0.0010184377,-0.0029041222,-0.0018880346,7.745425e-05,0.03596149,-0.0014462286,-0.0031743138,0.016264847,-0.055312846,-0.009826765,-0.06679107,-0.0022856758,-0.024489425,0.03491167,0.03734248,0.07882776,0.00056507095,0.0024079543,-0.034981143,-0.018468311,0.008257793,-0.009887115,-0.1174074,-0.014421406,-0.034783147,-0.061493292,-0.0042699026,-0.031404022,-0.0015389704,-0.001585335,-0.0011780864,-0.00033496338,-0.001989085,0.013750188,-0.0072768144,0.0016415712,2.8208497,0.018260637,-0.63513327,-0.014018853,0.0,0.0,0.07002163,-0.08003559,-0.011001947,0.02157537,0.014207855,0.009621938,0.0016185143,0.010269566,0.0042903824,0.00549785,0.0012620923,-0.008113026,-0.005326979,-0.0052402946,1.6766428e-05,-9.5844516e-05,4.223504e-05,-5.2339732e-05,-0.0054742387,-0.01635624,-0.003272488,-0.027266294,-0.035113435,-0.017980816,-0.0072134268,score_roll3_mean,
ATG,-0.11411864,-0.19455835,-0.064410664,-0.027949037,-0.20562576,-0.039389204,-0.18388747,-0.022416703,0.35993415,-0.42337877,-0.8862946,0.014601213,-0.42502698,-0.13578478,-0.10988532,-0.9485508,0.19938886,-0.0340567,-0.014169522,-0.1076291,0.32321206,0.036709182,0.0098218005,-0.062061112,-0.0048135906,-0.0005160507,-0.0042715752,0.0034141548,-0.001209506,0.0639224,0.09923589,-0.0034504256,-0.076489635,-0.08564055,-0.059551783,-0.035201732,-0.07189614,0.00036143023,0.0032955927,-0.064208835,-0.029592047,-0.00057288917,0.01572187,0.004220757,0.02881096,0.01935526,0.032848444,0.053533204,0.010816813,0.0717777,0.04910999,0.012679848,-0.004849436,-0.047467962,0.023188764,0.003919996,0.0067696576,0.0024159383,0.009168345,0.099790074,0.0034231427,-2.6843174,1.4716558,-0.29831958,0.012170076,0.0,0.0,0.006659624,0.01656901,-0.015105061,-0.03886352,0.0065377736,0.005951138,0.0004816026,0.0036836637,-0.019718029,0.024828522,-0.07006471,0.00088201533,-0.046828773,-0.0027012131,-0.015500373,-0.00046433325,-0.010386609,1.4349447e-05,-0.003728041,0.018949209,0.108772576,0.049149223,0.2591898,0.034808908,-0.17112678,score_roll3_mean,
AUS,0.019437324,-0.0149098635,-0.02510885,0.0411288,0.3338693,-0.02898582,0.3029424,0.02813606,0.39988098,1.502296,0.5972207,0.27903128,0.2351894,0.056048956,-0.031673547,-0.294564,0.06899424,0.6292768,-0.03506405,3.2682076,0.28023303,0.05818552,0.0863923,-0.09956353,-0.008638919,0.000771826,0.019476274,-0.0010763695,-0.0038836626,0.011454329,0.047326025,0.008192709,-0.04470753,0.01673529,0.017205412,0.25542006,0.109407604,-0.008935915,-0.024620455,-0.014782415,0.02260229,0.024679717,-0.0006361143,-0.0386882,-0.018695174,0.0062968777,-0.10863836,-0.13867658,0.03493211,-0.10955785,-0.044332504,-0.0445084,0.017086294,-0.017307376,0.0013414851,0.0043598013,0.0006780708,-0.0058377627,-0.0028231158,0.23888148,0.0050924304,25.973705,0.02217742,-0.747874,0.003951158,0.0,0.0,0.022589011,0.028596811,0.045116283,0.033050135,0.007972841,0.0038687703,0.003933967,0.0046149194,0.082100235,0.008849311,-0.029141523,0.0051112706,-0.0043593408,0.00039096514,-8.3861914e-07,-8.781817e-05,2.079632e-05,-4.9927992e-05,0.004335095,-0.027921641,-0.016190305,-0.004877537,0.20535778,0.0068043577,0.00718091,score_roll3_mean,
AUT,0.031547703,-0.12249874,-0.45575163,0.022680089,0.25079048,0.24995956,0.2594356,0.017705053,0.34107748,1.4094551,0.542997,0.28533685,0.16275272,0.08656622,-0.03039899,-0.32687092,0.063169345,-0.011579293,-0.016450057,2.8037117,0.30228356,0.06575498,0.05989576,-0.13482992,0.0065475246,-0.00087948,0.00029114878,0.00011016614,0.0016529412,0.03126073,0.021435574,0.004001184,-0.041347418,-0.03325629,-0.014933551,-0.014081765,0.0426911,-0.0062405765,0.008881827,-0.01212441,0.017329961,-0.011179852,0.0077263378,-0.033566274,-0.013006125,0.056284484,-0.11377599,-0.09854158,0.01852418,-0.30199143,-0.04978997,-0.045888443,0.019885173,-0.012475772,0.01114393,0.034929153,-0.0016502922,0.005178401,0.0014614654,0.22832102,0.00016086988,20.78044,0.2552937,-1.4592748,0.011729653,0.0,0.0,0.055099983,-0.035212927,0.035755783,0.02833133,0.0061233006,0.0057617165,0.003810824,0.014072502,0.06940317,0.0014563716,0.0008630356,-0.0010076356,-0.0055449614,-0.0033134753,1.965835e-05,-9.4101604e-05,2.079632e-05,-0.00022569943,0.00084936235,0.030486902,-0.007970887,-0.0034709694,0.16141322,0.0026251525,0.038623933,score_roll3_mean,
AZE,-0.039855983,-0.33071205,-0.031127365,0.023914663,0.26938605,0.14883585,0.04731309,0.0069341552,-0.07430798,0.455596,-0.5090006,-0.05307797,0.07095046,0.09425083,-0.03770964,-0.5793979,0.025358915,-0.03263038,-0.0021789707,-0.06723462,0.09371357,0.07162876,-0.008755856,-0.021041047,0.009203457,-0.003809531,-0.0029668096,0.00024226165,0.0011137817,0.052461218,0.029964987,-0.0008764886,0.0010717856,-0.02176359,-0.007994993,-0.013218997,0.03834282,0.007951876,0.011001108,-0.010702686,0.0059380922,0.009425966,-0.0043853456,-0.05019275,-0.042079344,0.010470364,0.021825653,-0.032769013,-0.01675485,-0.063972324,-0.059860542,-0.03216508,-0.004137985,0.00018505311,-0.0075381584,0.035325672,0.0037827315,0.0060473955,0.012348437,-0.0472562,-0.0017646755,-2.5562313,0.32812855,-0.29963928,0.013560868,0.0,0.0,-0.008159595,-0.01118944,-0.03218222,0.026421806,0.014861441,-0.00012457748,-0.0003173242,-0.04788911,0.010994512,-0.03086452,0.034494538,-0.03235459,0.027618615,-0.019607538,4.522502e-06,-0.00017694713,4.964214e-05,-2.4929059e-05,0.0008375243,0.004607499,0.043950394,-0.014494357,-0.04835664,0.02097669,0.010322275,score_roll3_mean,
BDI,-0.053530537,-0.39770398,-0.11351693,0.012062827,-0.017142886,-0.026882213,-0.10055861,0.013696432,-0.06295852,-0.5334703,-0.91224176,-0.02961156,-0.33321592,-0.011110574,-0.20612298,-0.69387203,-0.013460483,-0.0037881911,-0.010254487,-0.3104206,-1.390295,-0.028654268,-0.013572944,-0.026972221,-0.01980334,0.012857422,-0.0040953318,0.002378765,-0.0005911434,-0.032846883,-0.01941337,-0.0019463833,0.00024747488,-0.12115308,-0.013869058,-0.018927863,0.09068281,-0.004025392,0.008664267,-0.07879308,-0.0028240767,-0.005111137,-0.00621582,-0.010926467,-0.06490062,0.046775237,0.038139742,-0.0058197146,0.013628778,0.040504396,0.023880225,0.012484448,0.008767971,-0.0022954398,-0.007808818,-0.062270127,-0.0040130643,-0.026402626,-0.0023708718,-0.34241977,-0.01126908,-13.147423,-0.037171744,-0.3414823,-0.009126737,0.0,0.0,0.049873687,0.02129403,0.038633443,0.10115081,0.0252083,-0.014046144,0.0005532705,-0.072010145,0.00089964847,0.058882356,-0.0130313765,-0.03271903,-0.03766516,0.00910344,-0.0023046625,-0.00042382182,-0.00067248504,0.00014007627,-0.013569319,-0.00381643,-0.039334968,-0.002751766,-0.03437167,0.003617664,-0.06606922,score_roll3_mean,
BEL,0.022978675,-0.102806866,-0.5599918,0.020921027,0.23054703,0.16261604,0.26534563,0.023018468,0.34672374,1.3728719,0.5815389,0.30044785,0.1404894,0.08243501,-0.031746175,-0.33942652,0.03972976,0.1866504,0.014822783,2.700654,0.30832887,0.05302173,0.048043102,-0.15112841,0.006911783,-0.000685119,0.006698384,-0.0001830443,0.004800254,0.031768575,0.020865602,-0.006921095,-0.041950744,-0.024961328,-0.011914123,0.0052011833,0.041879863,-0.018389637,-0.0015735575,-0.019217229,0.009702279,-0.0024227977,-0.0061370595,-0.041007087,-0.012024826,0.023506036,-0.11893787,-0.10716367,0.020720756,-0.09950588,-0.044877544,-0.061021402,0.021847237,-0.012312272,0.009511505,0.0038477639,-0.0041758614,0.002494707,-0.00328267,0.230787,-7.706395e-05,22.432993,0.2536037,-1.4129556,0.01851502,0.0,0.0,0.066515654,-0.04557298,0.023636378,0.023782557,-0.00034005128,0.014625824,0.0038814323,0.014329036,0.10373924,0.01570808,0.013433991,0.0065949047,-0.019355128,-0.003924671,4.589917e-06,-9.151899e-05,3.1008898e-05,-0.00022569943,0.0043615922,0.0231929,-0.004645786,-0.001460647,-0.15645137,-0.0041370546,0.039577074,score_roll3_mean,
BEN,-0.062069353,-0.36065266,-0.09073206,0.011611101,0.097824246,-0.039901774,0.10247567,0.010924396,-0.14395571,-0.037909444,0.30483258,0.059965115,-0.22382931,0.02771393,-0.10307471,-0.7015285,0.10305768,-0.044305094,-0.0068639433,-0.23733908,-1.6445886,-0.07887671,-0.04010146,-0.046731368,-0.028362405,0.011499018,-0.008052954,0.0025101637,-0.0010028367,-0.022338694,0.0060555176,-0.0010501021,-0.0027085776,-0.054918706,-0.028144293,-0.029051324,0.028690713,-0.010915531,-0.0010985646,-0.029005805,-0.023779035,-0.008126739,-0.0068627708,-0.009556501,-0.032532163,-0.18420906,0.0070966193,-0.13013424,-0.054490287,-0.07843722,-0.046148263,0.0019261794,-0.005912568,-0.012809696,-0.0006811855,-0.00067201763,0.0020228517,-0.024877977,-0.0035135997,-0.10330635,-0.04032714,-7.1253138,0.0032978097,-0.4440698,0.00925402,0.0,0.0,-0.0123363435,0.00077213335,0.0041153524,0.07879744,0.0044446206,-0.05027401,-0.022135036,-0.077899724,-0.023039378,-0.022673141,-0.012456239,0.02247672,0.02044337,0.006382065,5.159151e-06,-0.0001857955,6.088132e-05,0.0001042085,-0.022037959,0.0019016399,-0.0374826,-0.0018597622,-0.038132068,0.00034416502,-0.27032992,score_roll3_mean,
BFA,-0.04995513,-0.28756464,-0.11543984,0.008237229,-0.03745203,-0.034332607,0.12936847,0.017649837,-0.1272026,-0.28414243,0.3664252,-0.019556347,-0.35274407,0.09379643,-0.103984006,-0.5869826,0.014146039,-0.033188082,-0.00038031978,-0.25426826,-1.4069524,-0.07526508,-0.06122322,-0.039133802,-0.016231399,-0.0010462746,-0.0020784857,-0.0006191496,0.00042161279,-0.041621994,-0.009460927,-0.013473717,-0.0050509735,-0.07171196,-0.024651162,-0.027241997,0.023749717,0.003096473,-0.0055250516,0.0029107742,-0.0040471144,0.013836881,0.0017174318,-0.031932563,-0.03443082,-0.12323137,0.0037473561,-0.14769314,-0.03527993,-0.033413228,-0.12879261,-0.0067103445,0.010354833,0.0022727605,-0.008200611,-0.023814082,-0.002782816,-0.046572655,-0.0048235226,-0.17738158,-0.040985316,-8.933336,-0.055836223,-0.5233566,-0.0030636091,0.0,0.0,-0.006871554,0.002179402,0.0006050794,-0.012320194,-0.030049853,-0.09956567,0.0021229943,-0.04992625,0.01689757,0.005130607,0.006228039,0.011057969,0.024183039,0.001030903,-2.6270072e-07,-0.00020511793,6.088132e-05,7.2343755e-05,-0.016012883,-0.010501746,-0.0027636199,-0.006734429,-0.013766037,-0.012723622,-0.14099984,score_roll3_mean,
BGD,-0.009447316,-0.29140863,-0.06093994,0.03799761,0.4707702,-0.03203179,0.24313337,-0.00547053,-0.055975616,-0.19803591,-0.47875002,-0.018335968,-0.090291664,0.00014938804,-0.0538624,-0.5169734,0.056119848,-0.03962185,-0.009437361,-0.0983122,0.13272642,-0.020578228,0.0091065,-0.016398253,-0.005356602,-0.0006395413,-0.0021273873,-0.0021992906,-0.00090627826,0.08372281,0.108612835,-0.008859206,-0.015282124,-0.026808646,0.0041920887,0.057773452,0.14226039,-0.00038925675,0.015885482,0.002777055,0.005069132,0.0052154725,0.0024214878,-0.0024891652,-0.018691504,-0.04248245,0.049938247,-0.024289044,-0.018218016,0.009607956,-0.0031243581,0.016310476,-0.013061868,0.0022719144,-0.00736316,0.037010428,0.007980791,0.0109774135,-0.004336027,-0.06641485,-0.005252647,-0.50739497,0.005979279,-0.19609404,0.0057957633,0.0,0.0,-0.0718296,0.0023229695,0.028233372,0.057083532,0.0015501436,0.0030994876,0.0052312296,-0.02897899,0.005936856,0.022636073,0.012897014,-0.0013915832,0.030430766,-0.005873142,1.8498169e-05,-0.00017831671,4.523847e-05,4.5926365e-05,-0.004201103,-0.012056216,0.04621569,0.105512165,0.017989194,0.0021287603,0.02088797,fh_combined_score,political
BGR,-0.0544405,-0.164132,-0.0720675,0.07941546,0.18668912,0.43765327,0.26662663,0.0066519165,0.1750689,1.100302,0.43963072,0.1063177,0.14912564,0.037689384,-0.033017274,-0.5728486,0.050016515,-0.005675436,-0.0056179482,-0.10147552,0.32639307,0.08073299,0.052110292,-0.049334183,-0.017793607,-0.0005994566,0.005605901,0.00012543285,0.031836882,0.04819648,0.021590322,0.018326148,-0.023171451,0.004370423,-0.017010331,0.04700726,0.025419455,-0.0130029665,0.015038395,-0.013159898,-0.022657122,0.020157479,0.016617285,-0.040152982,-0.008441359,-0.033857312,0.035229,0.048428386,0.059631515,-0.062883876,-0.046044912,-0.04275359,-0.0033659856,-0.011034117,-0.0056464276,-0.017822819,-0.004297445,-0.006997469,0.00274919,0.18844306,0.002329875,11.051837,0.18259813,-1.2531964,0.0053626136,0.0,0.0,0.022917194,0.004080896,-0.017970622,0.0063100327,0.007853355,-0.0060381484,0.0016216035,0.01115321,0.0212514,0.025341561,0.008396187,-0.0007971846,0.008558252,0.022802843,2.007809e-05,-0.00010760575,3.3583157e-05,-0.00017591887,0.008747571,-0.028255288,0.0014649335,-0.010161949,0.034781214,-0.0032114377,0.028324762,score_roll3_mean,
BHR,-0.03884429,-0.23874862,-0.001898016,0.07840173,0.12296884,-0.04659687,0.0061020795,-0.011053307,-0.07247665,0.8673178,0.4470544,-0.028363332,0.090060994,0.06311364,-0.03923247,-0.58777606,0.06708076,-0.056579467,-0.0012325983,-0.06517756,0.3366513,-0.009645074,0.029679049,-0.014201398,-0.0065110107,-0.0025175794,-0.0043904306,-0.010596954,0.0009618534,0.12097246,0.07255733,-0.00022413456,-0.007133408,-0.024923833,-0.0013616477,-0.061886065,0.012897864,0.0033761892,0.005014106,-0.011051201,0.007968539,-0.012643661,-0.0038737478,-0.04004472,-0.029329218,0.0093429005,0.025881732,-0.06541101,-0.036543,-0.08488482,-0.008110114,-0.003929292,-0.025898112,-0.020966569,0.014378784,0.0003123682,6.758087e-05,0.0078372955,-0.0053771534,0.16131686,0.0018608726,0.77888596,-0.026309201,-0.3574292,0.014682369,0.0,0.0,0.012112016,-0.0016378035,0.007157785,0.014567598,0.0059731384,-0.015003744,-0.0045091296,-0.00444793,-0.008987482,-0.026535105,-0.045925684,-0.03326678,-0.005296808,-0.015522263,2.2926795e-05,-0.00015654677,4.223504e-05,-5.2972813e-05,-0.0038976765,-0.01851961,-0.04516884,-0.0069334456,-0.0066429744,0.00091541326,0.0028377222,property_rights,institutional
BHS,-0.0063031274,-0.16521505,-0.032168284,0.11610083,-0.089991465,-0.05364432,-0.40463033,0.023647316,-0.12322667,0.67228997,0.9465309,0.37264588,0.09707849,0.0040870267,-0.03668975,-0.5379397,0.104434825,0.041939937,-0.007859234,-0.057567846,0.30262315,0.022204343,0.03611757,-0.069384865,-0.0077062235,0.007980759,-0.0059252023,0.0038258887,-0.021199968,0.11489722,0.035544705,0.0017064558,0.0026449661,-0.08321977,-0.029251456,-0.028601674,-0.017683942,0.021927046,0.017137004,-0.015329382,0.018345816,0.0621884,0.014148542,-0.01167331,0.011224031,-0.0654615,-0.1218467,-0.03760493,0.1046701,-0.036699165,-0.008013456,0.041705713,-0.028090045,0.0029082354,-0.0011542642,0.041991908,0.008978229,0.005093162,0.04046966,0.06749347,0.002155341,12.868566,0.099348895,-1.3565217,0.037315376,0.0,0.0,0.033601284,0.006992709,-0.012050399,0.00644719,0.00065916183,0.006547304,0.0016782427,0.03708187,0.01485216,0.012547708,-0.032457527,0.011458455,0.1697709,-0.054717675,1.9761395e-05,-0.0003061542,6.05303e-05,-0.00011715908,0.0052659125,0.023801934,-0.03732506,0.010167523,-0.0066679292,-0.0039692405,0.2751669,score_roll3_mean,
BIH,-0.04455021,-0.2532127,-0.0036366382,-0.005529411,0.17335783,0.017741207,-0.0063259825,0.03945708,-0.041342225,0.046588726,0.20056066,0.030576952,0.065222226,0.049343806,-0.04742818,-0.5296551,0.033430167,-0.05185266,-0.004795325,-0.08995196,0.32644102,0.028367069,0.018310316,-0.044138502,-0.011547575,-0.0023305535,-0.0019117417,-0.0076106596,-0.0020995443,0.0487376,0.031681806,0.0068134447,0.0047366624,-0.04651612,-0.004398734,-0.06262272,0.0077205645,-0.002068338,0.00704108,0.032765806,0.043904513,0.005078788,-0.0024252087,-0.029865803,-0.020116586,-0.0078801885,0.046959244,0.011411268,-0.016514946,-0.030813558,-0.06229301,-0.012302168,-0.0019461237,-0.017697265,0.00979144,-0.0009170253,-0.0046692686,0.005109635,0.012757348,0.17252457,-0.009351534,1.6414,-0.0005539162,-0.3887446,-0.022890963,0.0,0.0,-0.0054558576,-0.01593133,0.00601683,0.015951637,-0.008936716,-0.0069969613,0.0013976991,-0.027528184,-0.0038789662,-0.012923071,-0.020270422,-0.012084032,0.014636744,-0.006896721,2.7865526e-05,-0.000110383306,4.523847e-05,-5.1872805e-05,0.004985546,0.017539218,0.009703546,0.0011259883,-0.024039347,-0.013967136,-0.008257677,score_roll3_mean,
BLR,-0.09075609,-0.30118647,-0.050538417,0.00093575555,0.21014367,0.20933515,0.07467883,-0.018428361,0.0011078493,-0.39737242,0.1994956,-0.09052803,-0.11681048,-0.12183579,-0.051215034,-0.5332445,0.032877415,-0.03541797,-0.006046681,-0.072176374,0.3266408,0.04151139,0.05703413,-0.039361566,-0.017138828,-0.002375782,-0.0017831082,-0.0032296153,-0.00062032446,0.083319895,0.014448208,-0.0072187535,-0.073350556,-0.02611684,0.0027107312,-0.0076297703,0.051609628,0.004356617,8.9352325e-05,-0.020146152,0.0017098722,-0.0018289429,-0.01886969,0.003664788,0.042741112,0.050408836,0.018772472,-0.14916651,-0.025755467,0.03130503,-0.014705285,0.007202954,-0.0060083903,-8.917996e-05,-0.00493226,0.0050241393,-0.030887324,0.012066924,0.0025921988,0.12391351,0.0015029634,-2.350401,0.76056886,-0.17705366,-0.019139575,0.0,0.0,-0.07388761,-0.094381146,-0.08278072,0.000101701895,0.008774883,-0.012498545,-0.00013632463,0.003372908,0.003350178,0.022146907,-0.039622985,-0.051723946,0.015195379,0.0022799473,2.6973636e-05,-0.00015411682,6.1917744e-05,0.00018550784,0.009585209,-0.01075838,-0.043326266,0.014775659,-0.061543364,-0.062030792,-0.03865986,score_roll3_mean,
BLZ,-0.060218956,-0.15349476,-0.0660257,0.089395575,-0.12056969,-0.06538227,-0.14289005,-0.0074722944,-0.10114696,-0.36713424,0.6075683,0.28708217,0.04995105,0.010295483,-0.06321219,-0.5821307,0.05763072,-0.04964272,-0.009499642,-0.082396485,0.26893035,-0.0026116373,0.016435264,-0.008831109,-0.024022333,-0.00020602331,-0.005164373,0.003750068,-0.0019959768,0.09170036,0.066926114,-0.0016169308,-5.000038e-06,-0.11555011,-0.01005346,-0.043148566,-0.035581067,0.0179675,-0.011425779,-0.033428527,-0.017821344,-0.004949565,0.0035660681,-0.010702812,-0.041979935,-0.09016565,0.030097635,-0.09778204,-0.042344667,0.011905317,-0.0032290693,0.05201721,-0.007140156,0.00044357177,-0.0017348934,0.0014865856,0.0038048073,0.0063352,-0.006548122,-0.024599515,0.002906685,-0.5790211,0.51663166,-0.69492716,0.004410534,0.0,0.0,-0.038983926,0.0046572625,-0.07266677,-0.032412894,-0.0012094527,-0.004825862,0.0018369666,-0.004405161,-0.013573967,0.0019401505,-0.055130944,0.00045580463,-0.07251428,-0.05427863,1.985739e-05,-0.00026693085,4.523847e-05,-0.00020722057,-0.0059421295,-0.01843507,-0.07233734,-0.014738183,-0.035190385,-0.009875498,0.008291187,year_norm,
BOL,-0.04785456,-0.33914673,-0.097934105,0.018349703,-0.038417444,-0.031799205,-0.037669837,0.016133891,-0.06776197,-0.39177188,-0.6305503,-0.017272452,-0.1239314,-0.073798716,-0.06260238,-0.9525754,0.0705714,-0.01354854,-0.0028618854,-0.13265456,-0.04824256,0.006046719,-0.08932345,-0.06069904,-0.004118132,-0.00088813354,0.0011455218,-0.003353876,0.0004878004,0.09194531,0.07147314,-0.0018292116,0.0028786454,-0.109569065,-0.004242937,-0.04625255,0.028923092,-0.062836714,-0.014130635,-0.06987437,-0.013805985,-0.020425033,0.023827277,-0.006950836,0.037650928,-0.07596373,-0.0011136244,-0.051587913,-0.030333145,0.06587981,0.023603112,-0.0025146585,-0.004358037,0.0071804225,-0.0022953597,-0.3513073,-0.0056422194,0.018499203,0.0009917449,0.0017245086,-0.0030127496,-5.081334,-0.0622796,-0.40246424,0.004876925,0.0,0.0,0.0062574614,-0.0069048894,-0.04417694,-0.06753544,-0.007765537,-0.02318932,-0.0007290011,0.0007557824,-0.006417108,-0.24462226,-0.0980144,0.015192388,-0.05085559,-0.012561511,1.7247346e-05,-0.00013416458,6.1917744e-05,-3.5771016e-05,0.00028598658,-0.0144075705,-0.33195412,0.0030556316,-0.057336137,0.0032207347,0.010377379,score_roll3_mean,
BRA,-0.0030084723,-0.14705606,-0.02526007,0.03412852,0.34525594,-0.04103699,0.38163424,0.021052832,0.4428543,0.06833111,0.45744,0.123497255,0.10989203,-0.018501898,-0.03994188,-0.34828505,0.04261321,0.7677898,0.17094995,-0.08079364,0.33080232,0.028032627,0.06887045,-0.04086149,-0.017685246,0.011919044,0.017587818,-0.005835824,0.05379942,0.07860172,0.03746274,0.0012487251,-0.025636882,0.037398823,0.022767533,0.16278495,0.08868126,-0.0012581432,0.015463352,-0.03476731,-0.018096378,0.051388714,0.016801074,-0.1004482,-0.0063252323,-0.03504302,0.038628172,0.09589495,0.06847801,-0.027825534,-0.038692817,0.008854149,-0.0069040973,-0.0063183047,0.012186801,0.030110545,-0.0045309304,0.0012697952,0.009542677,-0.07877261,0.0005040443,13.286917,-0.008403453,-0.7741594,-0.0033103283,0.0,0.0,-0.020155482,-0.0064190435,-0.0108801145,0.006644817,-0.006686003,0.004119253,0.0009395066,0.015239202,0.0020070698,0.023364292,-0.013682623,0.040153738,-0.0043697595,0.0031964232,8.019731e-06,-0.00011030749,4.523847e-05,-0.00014734283,0.00584583,-0.008973489,-0.010233898,0.03597831,0.11408108,-0.0068360693,0.0104829585,score_roll3_mean,
BRB,-0.030649185,-0.13492234,-0.14030907,0.08696206,-0.1757141,-0.05479755,-0.08181538,-0.0076154997,0.44744283,1.2341578,0.85698056,0.3808948,0.09111715,0.042744625,-0.038333688,-0.52083516,0.06572467,-0.07138222,-0.010429779,0.05676389,0.24345398,0.009588416,0.06261343,-0.10263581,-0.012220201,-0.00031217316,-0.008925187,0.0028257326,-0.0021947927,0.014144081,0.017154833,-0.0005117024,0.0117161805,-0.13077196,-0.0064192573,-0.07352527,-0.025980325,0.021142485,-0.012049646,-0.015314787,0.04863053,0.027879894,-0.02042828,-0.05138275,-0.043727893,-0.16138129,-0.11982172,-0.1266536,0.04893641,-0.10385619,-0.07646908,-0.0063376166,-0.019563274,-0.011371364,0.014555082,-0.010212861,-0.0044707106,0.00086910406,0.015098035,-0.0632881,0.0021250285,6.103069,0.20594685,-2.0063307,0.028035082,0.0,0.0,-0.013482138,0.0065939184,0.00056249084,0.036660664,0.012439878,0.004034776,0.0038962034,0.01614893,0.0062697134,-0.0020229518,-0.011777169,0.070962235,0.16833682,-0.013552899,9.543188e-06,-0.00011317954,4.223504e-05,-0.00025156085,-0.004329004,0.049423777,-0.058393255,0.074404694,-0.07618532,-0.007512012,-0.06589403,score_roll3_mean,
BRN,-0.02174213,-0.22755381,-0.10942901,0.08915643,0.12717463,0.014135352,-0.027915526,0.009099814,-0.050273646,0.7535465,0.67585593,0.095654756,0.19295749,0.101653874,-0.031825803,-0.5026784,0.21490397,0.018011993,-0.00432258,-0.059760343,0.30500865,0.024693763,-0.0075425887,-0.087568104,-0.01833989,0.008824718,-0.013713007,0.0033382578,-0.0009979847,0.13821238,0.08230936,-0.00061957684,0.006098281,-0.027384803,0.00330716,-0.059883706,0.0060221413,0.02426296,0.019322867,0.011542663,0.06770848,-0.0057049184,0.006509672,-0.036230225,-0.0070252055,0.014785943,-0.035163507,-0.18631561,-0.009673244,-0.0887214,-0.045196988,0.003746356,0.000990903,-0.004804468,0.0089834565,0.023487201,0.012896468,0.00615353,0.017242623,-0.03520056,0.0006007418,7.78553,0.17746732,-1.544167,0.0021070421,0.0,0.0,0.01910962,-0.0072364383,0.00063613424,0.029895749,0.13243887,0.004668864,0.0014895436,0.04210234,0.036394145,0.06751137,-0.0013892293,-0.0046642846,0.013426168,0.02613188,4.3469223e-05,0.015206333,4.223504e-05,0.0031478747,0.006532242,-0.01747305,0.08343175,0.20818727,-0.024052607,0.028059345,0.32562545,score_roll3_mean,
BTN,-0.037550922,-0.22496599,-0.29933226,0.10964301,-0.06327021,-0.054643013,0.0011486831,0.005558242,-0.10902046,0.7327091,0.73658544,0.124589615,0.03129146,-0.036274165,0.023911376,-0.40106407,0.20120373,0.026702045,-0.0073558334,-0.11040791,0.033579204,-0.056706592,-0.010756544,-0.014698527,-0.097672865,0.042745013,-0.015429437,0.0040128734,0.0023988802,0.050179373,0.020828962,-1.3081932e-05,0.00082719314,-0.062368743,-0.025759904,-0.11685956,0.012890505,0.0003243788,0.006775352,-0.032824825,0.048602268,0.028317787,-0.0039486294,0.014662048,0.04856944,-0.028892161,-0.11202446,-0.2659718,0.022706611,-0.08937217,-0.023094868,-0.0039294125,-0.042215094,0.0008042526,-0.0023608874,0.0073198243,0.01738689,0.0044209994,-0.0048995805,-0.05721352,-0.009902353,3.8665974,-0.01217862,-0.9722159,0.007869007,0.0,0.0,0.07099155,0.014749511,0.013752803,0.0067197396,-0.00787836,0.020633016,0.0015646723,0.0019155536,-0.008545066,0.022058891,-0.010645695,0.06753851,5.2378964e-05,0.014643894,2.4371388e-05,-0.00020083728,4.3271462e-05,-0.0001744027,0.017265689,-0.008069317,0.046328947,0.1634035,0.054465648,-0.01233285,0.24295637,score_roll3_mean,
BWA,-0.0556525,-0.19323178,-0.103016056,0.059807252,0.009249244,-0.053309064,-0.01457038,-0.02589785,-0.17992845,1.0729086,0.6542749,0.21693261,0.020765185,0.038873497,-0.033311646,-0.47471595,0.04772558,-0.07258941,-0.006970648,-0.12266849,0.040269002,-0.036864057,-0.0019524664,-0.0020014145,-0.07739399,-0.0029841852,-0.006059088,0.0038797944,-0.0022247317,0.02259425,0.001697592,0.00086762384,-0.0024067264,-0.055846438,-0.009849394,-0.07519644,-0.009648517,0.00787484,0.0067067286,-0.016666166,0.030759417,0.043716647,0.005962658,-0.036958333,-0.023643143,-0.039071936,-0.04765151,-0.07438561,0.03765066,-0.14036009,-0.017672038,0.00845565,-0.0140119605,-0.0067526535,0.0038564475,0.007804443,0.0011729645,0.008301221,-0.00868146,-0.07127342,-0.00015820272,2.3327203,0.26159817,-0.98676187,0.010649724,0.0,0.0,0.053956337,0.0016310065,-0.016727276,0.01814705,-0.0038956113,-0.020129817,0.0016229943,0.010066486,0.0060124495,0.010798353,-0.023184959,0.0112766065,-0.025740352,0.00050904386,9.931872e-06,-0.00013718463,4.223504e-05,-0.00021127723,0.0020225963,0.009304036,-0.047498006,-0.02406153,0.01701449,-0.008019805,-0.012443302,score_roll3_mean,
CAF,-0.12284655,-0.30747685,-0.22689785,0.027911954,-0.23452652,-0.029388659,-0.21250962,0.013123008,-0.07053768,-0.85518074,-1.2488279,-0.03898826,-0.52612036,-0.04140811,-0.41499805,-1.0490226,-0.062411323,-0.039635338,-0.024426803,-0.4033084,-2.4487503,-0.08888304,-0.4027506,-0.055597886,-0.02371335,-0.00053605303,-0.010339614,0.0021116892,-0.00065836427,-0.048023827,-0.023290398,-0.002185939,-0.00087283744,-0.13997073,-0.0217741,-0.045883812,-0.06838298,-0.0051032435,-0.20050587,-0.13665481,0.016519088,-0.023229418,-0.06783858,-0.015178157,-0.03767428,0.074358515,0.023176368,-0.0726418,0.008680559,0.04835596,0.03901042,-0.021730145,0.0014127444,-0.03698286,-0.023444649,-0.120037995,-0.0017643112,-0.0016001004,-0.0055031655,-0.70747465,-0.1496466,-18.609644,-0.19260791,-0.4231174,-0.036039155,0.0,0.0,-0.0361913,0.001345361,-0.10977077,-0.219408,-0.04020294,-0.038133875,-0.028178276,-0.054119974,-0.043037094,-0.05503101,-0.113833316,-0.092708334,-0.023805598,-0.37597352,1.4830566e-05,-0.0044771987,4.8012997e-05,9.4686344e-05,-0.024832688,-0.010699819,-0.07991058,-0.015746854,-0.091942176,0.00609572,-0.08363758,score_roll3_mean,
CAN,0.02819463,-0.07672897,-0.19526552,0.042800777,0.48336747,-0.017191157,0.31233478,0.013269865,0.4032596,1.524676,0.63334924,0.32584828,0.19864094,0.06062061,-0.031532254,-0.26019543,0.065704644,0.33878365,0.03384241,2.7729812,0.2823655,0.037273876,0.05700897,-0.1325039,-0.01037238,0.00063424924,0.018641083,-0.0009105155,0.008188803,0.0097043505,0.013169286,0.0024404903,-0.039880432,0.01565244,0.020145498,0.23410845,0.12269376,-0.011785584,0.013785042,-0.01877042,0.017006813,0.032663323,0.0037424183,-0.037980273,-0.008051783,0.015849559,-0.083843224,-0.117549725,0.038978305,-0.076683976,-0.033795267,-0.04608048,0.009563662,-0.017040623,0.008604474,0.00095542666,-0.007728724,0.0022313981,-0.0030935118,0.23967552,0.005109667,24.509644,0.2140106,-1.0121808,0.004695082,0.0,0.0,0.045857295,0.020789182,0.015487419,0.035745133,0.0059474832,0.005369981,0.003891901,0.011471132,0.08696619,-0.02556083,-0.007052189,0.015717957,-0.0101171,0.007043534,-4.042869e-06,-9.365107e-05,2.079632e-05,-0.00020938755,0.008755335,-0.02065083,-0.019267494,-0.0020948106,0.25794223,0.0035048183,-0.012567983,score_roll3_mean,
CHE,0.020071507,-0.08314787,-0.21231772,0.03843415,0.33266068,-0.024366204,0.28009504,0.030382877,0.38333136,1.4518605,0.5378028,0.27922013,0.27754173,0.067956306,-0.029435927,-0.2574703,0.065334484,-0.007922106,-0.011507157,3.0578902,0.28122202,0.06901575,0.054251935,-0.11267003,-0.012465275,-0.00085696764,0.007179663,-0.00069291284,0.0015469192,0.009976418,0.03247745,-0.0014649201,-0.041352987,0.013103184,-0.015405068,0.1408667,0.09161374,-0.01571165,-0.02978293,-0.016608745,0.021921273,-0.008241189,0.013582131,-0.04219273,-0.0073691863,0.0146133145,-0.14607202,-0.28176913,0.040067997,-0.11818969,-0.044210486,-0.055900387,0.01905414,-0.012570999,0.0090905735,0.0015953849,-0.0032946286,-0.0068603135,-0.0026894177,0.23935136,0.004932149,24.354548,0.26062918,-1.0431283,0.010220132,0.0,0.0,0.044815484,0.010195739,0.026319202,0.03489179,0.0019143001,0.0060422337,0.0038101203,0.008138753,0.09096651,-0.005802381,-0.0049157282,0.011775587,-0.015573238,0.0031669033,4.4729854e-06,-9.5106436e-05,1.7317805e-05,-7.879218e-05,0.0074165016,0.014641473,-0.011867264,-0.0026609034,0.25162253,-0.005043951,0.005807503,score_roll3_mean,
CHL,0.0041077943,-0.13023351,-0.08040721,0.085614175,0.22426164,-0.050936118,0.31459004,0.0006255816,0.42686835,1.1148586,0.65307933,0.312235,0.14950949,0.037731767,-0.0310405,-0.3821465,0.056455705,-0.036274154,-0.0039695655,0.043296073,0.32385647,0.05871316,0.18719262,-0.091088004,-0.019633606,-0.0015198973,-0.0053056087,-0.00066222035,0.031502903,0.044807673,-0.017392313,0.01372518,0.0284379,0.0006466397,0.0067219143,0.020641753,0.021028655,-0.016659388,0.0032535633,-0.022661181,0.07223327,0.029110525,0.010906664,-0.042698782,-0.029560577,-0.053226147,-0.1153751,-0.20372234,0.11274187,-0.07887466,-0.016642353,-0.02680283,0.0036844064,-0.011062492,0.012819379,-0.01311882,0.009641703,0.0020125187,0.0012149605,0.19126728,0.0033314412,14.854962,0.13264844,-1.6294725,-0.003004893,0.0,0.0,0.01821277,0.0050038802,-0.013167351,0.017808761,0.013622637,0.028411875,0.0038176733,0.013484864,0.031659625,0.025798187,-0.006018311,0.039386768,0.2023744,0.0067448993,9.834364e-06,-9.9677505e-05,4.223504e-05,-0.00022569943,0.0076397075,0.087302774,-0.00816697,0.012257231,0.088235445,0.013244987,0.03507814,score_roll3_mean,
CHN,-0.0137536675,-0.15234151,-0.3519564,0.0861971,0.5477215,0.06928988,0.48243454,0.033949997,0.46601403,0.043266658,0.47792113,0.05364219,0.08180822,-0.09320115,-0.030599693,-0.4907846,0.11536216,0.5887783,0.13244593,-0.10035125,0.44461313,0.02080966,0.062007584,-0.12511687,0.012706562,0.01223432,0.054622706,0.009450207,0.0072119753,0.096805826,0.0489599,-0.0025891224,-0.02796426,0.009530524,0.06595346,0.14256886,0.15442812,-0.0005747919,0.019683266,-0.056588344,0.044580586,0.09218083,0.08116413,0.02402814,0.09029631,-0.027426353,0.04075525,0.046424143,0.035221882,-0.014327664,-0.022789398,0.0351575,-0.01570342,-0.016805157,0.010337167,0.010770497,-0.003073837,-0.00022962723,0.015689883,0.13754275,0.00016831607,18.178766,0.8067309,-0.27463427,0.051708486,0.0,0.0,-0.056324556,0.026686376,0.020051418,-0.10304023,-0.0030153568,-0.0012610394,0.004319442,0.009003561,0.014993607,0.022172945,0.008352118,-0.008396139,0.027902097,0.020716827,2.2074164e-05,-8.756807e-05,3.534442e-05,0.00010355232,0.014329868,0.074200824,0.024589937,-0.0019299139,-0.0552661,-0.064185545,0.17349046,score_roll3_mean,
CIV,-0.06477385,-0.26293063,-0.124886304,0.021955317,-0.09590116,-0.030273499,0.020271044,-0.0045781597,-0.09602417,-0.061064355,0.37803924,-0.030453535,0.0986779,0.1845859,-0.152687,-0.81117576,0.12863773,-0.028867519,-0.004053286,-0.3417533,-1.7876747,-0.11173565,-0.046183255,-0.02508537,-0.009992916,-0.0010267536,-0.0062844795,-0.00075021945,-0.00041668405,0.0106793,-0.008992376,-0.0009773513,0.0065199826,0.18055499,-0.010094163,-0.027408393,-0.031340133,0.0044946847,0.011711083,-0.018122472,-0.033310052,0.0076163546,0.014204616,-0.038641598,-0.072434105,-0.010508271,0.023248177,-0.08267757,-0.059093084,-0.06349669,-0.055635333,-0.0018325469,-0.010105403,-0.001887536,-0.004633153,-0.031143548,0.0065214112,-0.043402024,-0.00015536779,-0.21704939,-0.0031976479,-8.488908,0.13918135,-0.5268561,-0.07410145,0.0,0.0,-0.035609495,-0.0001510139,-0.10145451,-0.1035951,-0.001362278,0.05492549,0.016127687,0.001894044,0.006161517,-0.017877502,0.010141934,-0.022434391,-0.012427585,-0.008893175,9.679354e-06,-0.00022261842,6.088132e-05,2.2129347e-05,-0.021940228,-0.01111023,0.05141428,-0.0006733847,0.15122634,-0.020688508,-0.14425175,score_roll3_mean,
CMR,-0.038358357,-0.31991643,-0.08280762,0.044723324,0.16496111,-0.03071163,0.15788068,-0.020124715,-0.12378231,-0.36992154,0.3265219,-0.056854222,-0.2281345,-0.15481031,-0.06318716,-0.6842194,-0.0016790722,-0.039757542,-0.007663266,-0.31090364,-1.5490369,-0.041680392,-0.041633893,-0.037549097,-0.012992963,-0.0009388967,-0.002744512,0.003278284,-0.0009683156,0.030224381,0.07121915,-0.0022711942,-0.0015194695,-0.022260372,0.02322279,-0.020608,0.05928914,0.02676338,0.007996193,0.009407169,-0.006278774,-0.0033552048,0.0074754064,0.0054714787,0.041716643,0.046044804,0.02677663,-0.08558014,-0.0003367452,-0.057167232,-0.03225871,0.0054366332,-0.020064997,0.0037080352,-0.008772996,0.00013013119,0.004285396,-0.044953316,-0.0034294764,-0.112834476,-0.02804505,-9.686781,0.13429089,-0.23611562,-0.049906556,0.0,0.0,-0.012161236,0.0042213304,-0.0070200376,0.122305535,0.0059085605,0.008399431,-0.0004926925,-0.017479274,0.0047839996,-0.15886863,0.0048737125,-0.042817872,0.021429949,0.001955095,1.7810435e-05,-0.00037815524,6.1917744e-05,0.00010003952,-0.013068358,-0.01079679,0.014493899,-0.031627763,0.026834901,0.007919961,0.022839572,score_roll3_mean,
COD,-0.05270112,-0.31248686,-0.14142838,0.021886041,-0.051026452,-0.025050685,0.17226022,0.01240938,-0.06505044,-0.65907836,-0.93813497,-0.03341732,-0.3743725,-0.12876806,-0.3619155,-0.5526621,0.0091275275,-0.023828806,-0.024529273,-0.30080408,-2.0429988,-0.03513247,-0.014944917,-0.035604253,-2.3007859e-05,-0.0014256012,0.006501262,0.0036433593,0.00082311267,-0.017082205,-0.0050902264,-0.005798591,-0.003309061,-0.06484788,-0.011962622,-0.020050272,-0.053170893,-0.035181277,0.0039515556,-0.08356451,-0.00067032565,0.0049280114,0.034061212,0.011152361,0.042990815,0.03671665,0.033624783,-0.07823016,0.002081688,0.06158264,0.027695898,0.024687253,-0.010808834,-0.014878649,-0.009340166,-0.06335439,-0.014699235,-0.011845466,-0.004786044,-0.43409145,-0.0058903815,-15.468566,-0.039064135,-0.29454947,-0.03475486,0.0,0.0,-0.030472994,-0.030829424,0.046236992,-0.113350846,-0.006551133,-0.02504319,0.00065382104,-0.0011764982,0.007861525,0.02757346,-0.008165012,-0.08756018,-0.017931981,-0.024138877,1.6100386e-05,-0.0007876412,6.1917744e-05,0.00016057139,-0.021021811,-0.012318168,0.0052484395,-0.005484256,-0.0340208,-0.0063721854,-0.06919428,score_roll3_mean,
COG,-0.060404267,-0.28840822,-0.12574576,0.014936685,-0.13477485,0.001335476,-0.04951127,0.019258738,-0.06003811,-0.56097126,-0.948245,-0.031824123,-0.27225995,-0.024434352,-0.21900608,-0.63670313,-0.016655676,-0.042115938,-0.016957765,-0.28136802,-1.7332182,-0.07607854,0.04771755,-0.018895514,-0.004128518,-0.0014189112,-0.0038953745,0.0023314815,-0.00070029986,0.0023768032,0.016968008,-0.010008017,-0.050980985,-0.079593115,-0.04637004,-0.039163627,-0.029700253,-0.008507738,-0.00059752655,-0.12577736,0.001422695,0.008253543,0.025672676,0.0052274475,0.05380677,0.026616082,0.035592724,-0.048415527,-0.0043327454,0.03690732,0.006743475,0.017691296,-0.00027977553,0.017402448,-0.008718769,-0.011816842,0.004513193,-0.027146637,-0.007825062,-0.34900442,-0.009901826,-13.900221,-0.044488873,-0.32781437,0.002742625,0.0,0.0,-0.035853546,0.0015075182,-0.07394126,-0.23415647,0.0010173712,-0.0153067075,-0.023151375,-0.04994932,-0.00820846,-0.04338688,0.021261163,-0.051639378,-0.012402676,-0.011078249,3.063402e-05,-0.0007971155,6.1917744e-05,0.00013628403,-0.013500369,-0.0154778715,-0.04576238,-0.015348487,-0.004422401,0.004394371,-0.03977553,score_roll3_mean,
COL,-0.034482893,-0.17893614,-0.119013414,0.034264393,0.15747245,-0.07142075,0.27816936,0.022698978,0.40238148,-0.023106603,0.3119141,0.14234392,0.11280517,0.07089245,-0.03502745,-0.36283234,0.034266736,-0.009046164,-0.009500139,-0.07644672,0.28700703,0.037343066,0.080044016,-0.096064955,-0.0019026186,0.0006060751,3.7543476e-05,-0.0004224468,-0.00070143153,0.023097994,0.013977406,0.0033156176,0.017219428,0.019176913,0.041396186,0.023371428,0.033243008,-0.012079789,0.031682167,-0.01952252,-0.0061345324,0.029940378,-0.011021112,-0.038587347,-0.027165676,-0.03566151,0.06648237,0.038887426,0.011929609,-0.005482472,-0.01666411,-0.01004746,-0.008097713,-0.016517727,0.008573811,-0.0020473688,0.0033826542,0.00043393348,0.0040869196,-0.06599013,0.00057799683,7.869829,0.26076427,-1.7015511,-0.050825153,0.0,0.0,0.014447305,0.0010805209,0.012302578,0.058073986,0.008078213,0.005642624,0.001687109,0.007126224,-8.334805e-05,0.005617368,0.00616952,0.060177293,-0.0045381985,0.0068638404,3.6299843e-06,-0.000110383306,4.523847e-05,-0.00018165265,0.0025523268,0.09110587,0.034877185,0.1754229,0.09920617,0.008332002,0.021745352,score_roll3_mean,
COM,-0.083894685,-0.29802677,-0.10699341,-0.0050073257,-0.17138183,-0.029081548,-0.41052076,-0.013120371,-0.06808622,-0.5308125,-0.9149329,0.0018506157,-0.13631406,0.0027271686,-0.16894911,-0.7135734,0.12511738,0.037116412,-0.014226349,-0.22279577,-1.5442884,-0.043263886,-0.0058441465,-0.031179992,-0.022249155,0.006915253,-0.0044396925,0.0032993106,0.00095457723,-0.010427816,-0.00732252,-0.0034043675,-0.00052982644,-0.14347197,-0.032694038,-0.051211618,-0.071385674,-0.03009149,0.0052460344,-0.011262991,-0.02492701,-0.0004569799,0.01527574,-0.00361484,-0.033711758,0.004827851,0.017569473,-0.12667792,-0.0901462,0.026038075,-0.0027581751,-0.004842222,-0.009274209,0.016587848,-0.009229128,-0.06910488,-0.007817353,0.011184611,0.00088927144,-0.22902127,-0.00836831,-11.224222,-0.07149292,-0.54618704,0.007893937,0.0,0.0,-0.019265223,-0.0015650269,-0.04815244,-0.13797022,0.15364997,-0.050268874,0.00053251314,-0.07744994,-0.029540448,-0.0049025416,-0.035707384,-0.0077238902,-0.03488343,-0.0269085,2.5863996e-05,-0.004632379,0.00031620997,0.00013636744,-0.026786646,-0.00043949782,0.005764304,-0.0063883476,-0.05510277,-0.0091395,-0.20799147,score_roll3_mean,
CPV,-0.014719482,-0.17248297,-0.097714216,0.05925323,-0.103830524,-0.049323883,-0.061127808,0.029737692,-0.14028671,0.7355829,0.5506898,0.4737788,0.062370565,0.058319252,-0.03351195,-0.4829478,0.10085497,-0.06212113,-0.007934032,-0.0903106,0.12773906,0.009524849,0.012288987,-0.04446396,-0.0029907264,0.00082942145,-0.00652112,0.0028379832,-0.0022247317,0.035599582,0.022799496,2.650568e-05,0.0014685048,-0.08129985,-0.004116504,-0.11007391,-0.015328037,0.03707509,0.019017199,-0.003375999,-0.009828067,0.010851131,0.008836303,-0.02507452,-0.027271887,-0.0457292,-0.053059142,-0.11059964,0.034674354,-0.06316425,-0.016034136,-0.0051796483,-0.017848216,-0.00014700281,0.0032695138,0.0070216265,0.004033357,0.008942424,-0.004078984,-0.036570765,-0.0052735717,2.2713134,0.42033082,-0.9614515,-0.025250187,0.0,0.0,-0.0039985664,0.0051155114,-0.03103564,-0.024629695,-0.0022749824,0.014368856,0.001709036,0.0012719164,0.0011973304,-0.025925182,0.006389789,0.015623924,-0.030575573,-0.00076074764,1.9838339e-05,-0.00021000465,4.223504e-05,-0.00021208175,-0.005083609,-0.015762672,0.015291986,-0.011506411,-0.021805143,0.0057604294,-0.013043587,score_roll3_mean,
CRI,-0.02640654,-0.14737512,-0.08326343,0.07517106,-0.054584503,0.013540794,-0.017817033,0.023137428,-0.04771988,0.76561916,0.6687039,0.33236873,0.13024293,0.0353885,-0.03589893,-0.4184889,0.03844819,-0.057234243,-0.008922852,0.04492208,0.29921386,0.047992155,0.0560203,-0.047422253,-0.018553313,-0.0023540247,-0.008628081,0.0029684894,-0.021507813,0.07215976,0.021117058,-0.0006126551,0.029244525,-0.043221008,-0.015401686,-0.032239363,-0.0033559427,0.006961201,0.0028682128,-0.024669072,0.0043629273,0.020463148,0.0016041754,-0.041468408,-0.033613514,-0.097237095,-0.11281079,-0.2547793,0.0539156,-0.06828996,-0.052675582,0.014378286,-0.00038695635,-0.012104107,0.009915615,0.011200522,0.0013027997,0.0019914438,0.001138302,0.15404664,0.0013405062,10.29138,0.25614545,-1.2901682,0.0029269003,0.0,0.0,-0.0025900821,0.004299618,-0.0064378474,0.010099167,0.06231147,0.011217325,0.0014891047,0.0032153188,0.007782957,0.04165614,0.0035389254,0.015153612,-0.0068720803,-0.0020776936,1.6087892e-05,-9.732273e-05,4.223504e-05,-0.00018056585,0.0058672964,0.01039477,0.01736015,0.0035957287,-0.0002378284,-0.0019042497,0.0331725,score_roll3_mean,
CUB,-0.082369044,-0.28296617,-0.043661337,0.017881347,-0.06450937,0.2043798,0.013473763,0.009977894,-0.086295016,-0.3765541,0.38148153,-0.07065917,-0.22031294,-0.10858408,-0.052896984,-0.5340801,0.041414462,-0.0046093552,-0.0027965773,-0.058414165,0.30741644,0.06136286,0.01528314,-0.042249084,-0.023987906,0.0045728106,0.011752885,0.006410933,0.000995504,0.08751605,0.060983524,0.007608543,-0.022197556,-0.024814958,0.0020732193,-0.010312763,0.03385188,-0.0023776798,0.0014421575,-0.045833047,-0.014606805,-0.005511092,-0.00062769273,0.00011112669,0.03396877,-0.018064417,-0.0024213123,-0.122604854,-0.03343101,0.0387922,0.024938889,0.0145733,-0.0032358938,-0.017611807,0.019680636,-0.0021707993,0.0015118083,0.016325315,-0.006974465,0.110695615,0.0020090085,-2.0079007,0.452833,-0.25884292,0.00050849066,0.0,0.0,-0.07253185,-0.09123964,-0.0668658,0.006297095,0.009160439,0.00082163623,0.000117312295,0.004067059,0.021095976,-0.13802683,0.015457273,0.008857602,0.0236729,-0.013283346,2.7253498e-05,-0.00013375776,6.1917744e-05,0.00025977174,0.006786459,-0.0009858415,0.012342922,0.0055637485,-0.01344025,-0.03993277,0.00025789725,score_roll3_mean,
CYP,-0.10347149,-0.13547496,-0.04317179,0.08597795,0.16212241,0.197805,0.21844144,0.019492853,0.3895118,1.2914671,0.5258555,0.38752764,0.16630584,0.08813648,-0.032745104,-0.35696664,0.057560068,-0.24738862,-0.004450588,1.9486705,0.27766165,0.02960888,0.0557133,-0.14635894,-0.010448222,-0.0039681615,-0.0045880084,-0.00090946595,0.029906407,0.09102598,0.037348807,0.017730296,-0.03164388,-0.042873267,-0.009846457,0.04564453,0.018696375,-0.01890372,0.009241769,-0.011790704,0.010707888,-0.17409576,-0.12431072,-0.04215199,-0.03629887,-0.027669786,-0.063686796,0.013329104,0.0687293,-0.09744662,-0.0383049,-0.022549689,-0.008302013,-0.008336544,0.013457736,-0.021783812,0.0020204738,0.0026713263,0.0113819,0.30186474,0.0027133918,11.621521,0.12558655,-1.6746212,0.0006869555,0.0,0.0,-0.02788486,0.0020148256,-0.03703809,0.007684823,0.012541324,0.0060934518,0.0038181492,0.008221906,-0.16599405,-0.07334942,-0.00611073,0.02287081,0.0063069914,0.012603595,1.7540075e-05,-9.489208e-05,3.3583157e-05,-0.00021614115,0.008820397,0.05231971,-0.010444316,0.00029197408,-0.1376704,-0.0012938925,0.008482593,score_roll3_mean,
CZE,0.014304535,-0.13898689,-0.41734606,0.014269284,0.2429608,0.21839651,0.2609899,0.031986948,0.3385572,1.4782807,0.75086474,0.2846757,0.13092507,0.08581648,-0.032852944,-0.45854226,0.062818974,0.3019733,0.04499014,0.12303068,0.4013826,0.07292707,0.05386293,-0.17882909,-0.012800048,0.012215138,0.02109317,-0.0070514753,0.007954355,0.03252001,0.027390422,0.01854757,-0.027540572,-0.008106767,-0.011024643,0.004007765,0.034167446,-0.02246741,-0.0045187143,0.0059929504,0.07284389,0.002501021,0.02565509,-0.04081172,-0.014953861,0.01888939,-0.027372332,-0.04048071,0.03819761,-0.08092035,-0.036116637,-0.03814452,0.014385723,-0.010336277,0.009286257,0.0021855691,-0.0059304843,0.0015641458,-0.0041688737,0.24643062,0.0013284647,19.20922,0.23997054,-1.3536154,0.008521211,0.0,0.0,0.061492186,0.07617771,0.00026485635,0.022064978,0.0094033275,0.021929728,0.0038234605,0.0034288075,0.07624653,0.019851936,-0.00749705,0.008748038,-0.0020599787,0.0035882143,1.9887208e-05,-9.504579e-05,3.3583157e-05,-0.00018334824,0.005583698,0.02056357,-0.0005032803,0.045613818,0.21281281,0.0023466393,0.019622989,score_roll3_mean,
DEU,-0.0035461034,-0.038015105,-0.028440015,0.041106917,0.44358355,0.17643133,0.35226616,0.01741362,0.41504514,1.7132094,0.6531666,0.28114277,0.16935782,0.08420591,-0.030685347,-0.36886197,0.077929385,1.1596475,0.25281122,3.4220123,0.2879189,0.10668781,0.053306796,0.008748314,0.011043368,0.0011607242,0.03531099,0.0316876,0.0044151233,0.056561794,0.01138069,0.02495909,-0.05108939,0.047946204,0.046220794,0.32006246,0.13898759,-0.020365696,-0.0023877593,-0.027362382,0.03072481,0.020646678,-0.009708638,-0.040045593,-0.022425508,0.0066598444,-0.13483365,-0.17075175,0.009194762,-0.09487869,-0.03938406,-0.025940107,0.00033137813,0.015711997,0.07272783,0.0015528224,-0.0031798221,-0.007977233,0.0036599305,0.23835129,0.004212671,30.659618,-0.013587539,-0.4061287,0.019530099,0.0,0.0,0.061924633,0.018542768,0.123991914,0.08215151,0.0037323558,0.012659805,0.0038715494,0.055434432,0.10479242,0.13844633,0.030423626,0.010949518,-0.01454164,0.011325711,2.746884e-06,-9.4683055e-05,2.079632e-05,-0.00019331598,0.008150576,-0.022165189,-0.0075848037,0.0013151199,0.19079486,0.0037901502,0.01446107,score_roll3_mean,
DJI,-0.063992515,-0.27827442,-0.09930487,0.012555283,-0.16453919,-0.023814216,-0.1596973,0.000571001,-0.07262686,-0.43149036,-0.23046663,-0.029651737,-0.114765294,0.036679704,-0.08449844,-0.8252237,-0.063633025,-0.015552387,-0.009332683,-0.21307912,-1.111211,-0.089868456,-0.0878789,-0.07051812,-0.011942866,0.009760251,-0.0048362645,0.0024875752,-0.0005946453,0.015745046,0.041217238,-0.0014891811,-0.0018536476,-0.14539644,-0.011054125,-0.043447565,-0.037311405,-0.00032827363,0.00048835867,0.012924315,-0.022239326,-0.0076544755,-0.012619112,-0.04940955,-0.05321363,-0.0071465094,0.022102678,-0.121234454,-0.07115825,0.027400708,-0.002294142,0.0113387555,-0.0008647782,0.010437364,-0.008024162,-0.06532215,-0.006302934,-0.06291941,-0.0011637482,-0.13174067,-0.009491324,-9.149968,-0.03420811,-0.6263091,-0.027001828,0.0,0.0,-0.0047954256,0.0007847378,-0.034479927,-0.012450874,-0.012826056,-0.05636332,-0.018552154,0.0066995425,-0.0037588244,0.04064771,-0.02086353,0.011489971,-0.045926575,-0.01765032,3.5552315e-05,-0.0002241144,6.088132e-05,0.0001057216,-0.013527906,-0.009612646,0.009216533,0.00010659406,-0.09362068,-0.0027980013,0.014167076,score_roll3_mean,
DMA,-0.010841373,-0.14446844,0.030732337,0.07076211,-0.06536106,-0.052991293,-0.09587121,0.0055784737,-0.17514063,0.99269736,0.8985358,0.518766,0.059033435,0.07057751,-0.046157233,-0.5469617,0.22771251,-0.073791966,-0.006592119,-0.057687595,-0.17081693,0.01158784,-0.038027376,-0.036345813,-0.0050559407,6.698758e-05,-0.0071649556,0.023676254,-0.00091329945,0.06856937,0.045528762,-0.0011331087,0.0021959643,-0.024597708,-0.011923051,-0.09315491,-0.01834222,0.019573418,0.0045031398,0.0019276364,0.0092844255,0.016748603,-0.003794256,-0.029055733,-0.040880278,-0.056049284,-0.027670456,-0.097635314,0.03525222,-0.06158572,-0.025534902,0.028442658,-0.041931633,-0.0064386562,0.013403943,-0.06816404,0.012238887,0.008798215,-0.0023156458,-0.051825285,-0.0038535297,2.1909459,0.4956991,-0.8021604,0.022386547,0.0,0.0,0.0023507793,0.015293432,0.0014873161,-0.019395292,0.044197816,0.0065078586,0.0020019389,-0.0038778735,0.000112423826,0.0025895925,0.010894181,-0.0021756575,-0.013143784,-0.019372668,1.2354574e-05,-0.00029248188,6.05303e-05,-0.00025043497,-0.0046027736,0.022698417,0.014047196,-0.0026746336,0.0155853685,-0.0063076806,-0.054764062,score_roll3_mean,
DNK,0.01286531,-0.075908475,-0.23598348,0.03700784,0.29074812,0.166779,0.25954625,0.021511322,0.35740808,1.4242039,0.6117827,0.2550881,0.28918836,0.061568554,-0.029535405,-0.32187268,0.056968022,0.1680028,-0.026233146,2.655349,0.28857136,0.07000106,0.055847466,-0.07984724,0.007977829,-0.00069863355,0.018400786,0.000105259445,0.00021244906,0.030066378,0.06190442,0.014301894,-0.03632329,-0.029567596,-0.0135466065,-0.020559818,0.04068465,-0.014295139,0.007833195,-0.010164088,0.018071666,-0.009079584,0.00454797,-0.041697375,-0.049294244,-0.028655974,-0.15533948,-0.3269141,0.00091026025,-0.32135102,-0.051645994,-0.042515457,0.008633603,-0.011332017,0.012648558,0.0029891976,-0.00776025,-0.0058763716,-0.0020591218,0.24800152,0.009320825,23.98153,0.26048702,-1.201294,0.022774432,0.0,0.0,0.054667283,0.023208851,0.015217642,0.034855165,0.0044798213,0.007452124,0.0038282746,0.012910324,0.103891216,-0.007899336,-0.009361034,0.021512425,-0.008628253,0.009621838,2.286913e-06,-9.315825e-05,3.1008898e-05,-6.6076034e-05,0.015799642,0.025477216,-0.0056635137,-0.003429115,0.20093216,0.00652063,-0.0037242954,score_roll3_mean,
DOM,-0.040182583,-0.20093814,-0.076928504,0.08909271,-0.077992775,-0.046993893,-0.020727418,0.012042344,-0.10622789,0.44832623,0.3652759,0.16431826,0.1779577,0.06713517,-0.03825845,-0.56084174,0.027119495,-0.04359586,-0.0074871965,-0.078225926,0.071879305,-0.017337933,0.06585032,-0.017712167,-0.01024353,-0.00046648827,-0.0072261975,0.0029491994,-0.0013293173,0.057207566,0.025963692,0.00072933175,0.003624532,-0.079385795,-0.008646419,-0.025110405,-0.009153315,-0.023589369,0.005229914,-0.04208048,-0.012461466,-0.009884475,0.0039146813,-0.037681624,-0.040745877,-0.03994905,0.024145877,-1.6891863e-05,-0.060096722,-0.048978623,-0.008409993,-0.04322145,0.0059576165,0.00088996673,-0.008772611,0.005358171,0.003078131,0.009752449,-0.0021104934,-0.054816768,0.0027753178,-0.040459443,0.5114236,-0.56929684,0.0153492065,0.0,0.0,0.03780161,-0.001981581,0.042229965,-0.07658631,-0.0033354242,-0.007691896,-0.0051247976,0.01180497,-0.0019966066,0.018013379,-0.0020076642,0.06735387,0.030535912,-0.006649596,1.6481772e-05,-0.00012678353,4.223504e-05,-0.00030708156,-0.0055190995,0.0022567506,-0.022833925,-0.0042497776,0.05218613,-0.0075497897,0.0072424402,year_norm,
DZA,-0.04528255,-0.275145,-0.08616314,0.09725617,0.40399608,-0.032765374,0.28674623,-0.010130081,-0.08054682,-0.3781983,-0.34341776,-0.013335375,-0.12861241,-0.056933034,-0.04123655,-0.5687722,0.042868637,-0.022538673,-0.004944561,-0.07929885,0.109281816,0.0059301895,0.072539754,-0.049917877,-0.024536056,-0.00076920853,0.0050919033,-0.00029130373,0.0010999806,0.06524846,0.071916334,-0.006370619,-0.016998706,-0.014799124,0.010091588,0.019844873,0.088126525,-0.0013256932,0.021358714,0.0020906394,0.016753212,0.012824224,0.0190828,0.0066028167,0.046184536,-0.025457652,0.021109946,-0.010657784,-0.022682913,0.06401782,0.021408768,0.013867781,-0.006457023,-0.012389097,0.012931543,0.036287606,-9.602078e-05,0.019738797,0.0019041928,-0.061200883,0.0058436864,0.24913749,0.20994969,-0.107189916,0.008270129,0.0,0.0,0.0054151714,0.00563759,0.03800935,0.06209566,-0.0028351862,-0.0034994476,0.0012636681,0.0031770032,0.0038883663,-0.09327712,-0.102629915,-0.009315252,-0.056767374,-0.04306746,6.4734695e-06,-0.00017949741,4.6274894e-05,6.0963102e-06,0.016771115,-0.0026782402,-0.04992128,-0.0045143743,0.009576923,-0.0009876565,0.020981584,fh_combined_score,political
ECU,-0.047437474,-0.25651878,-0.08824754,0.04372708,0.23197891,-0.076217785,0.17030108,0.022817886,-0.043946084,-0.3444822,0.3002054,0.121675655,0.03825753,-0.041521516,-0.0450588,-0.46359482,0.1199161,-0.04753637,-0.0042265914,-0.07467732,0.3063709,0.004704157,0.051115375,-0.04320035,-0.087777086,-0.0014510514,-0.0017323988,-0.002387371,-0.0020844317,0.0824274,0.06931733,-0.0012624495,-0.016501015,-0.025509171,-0.0030505485,0.042207368,0.06206069,-0.0015423693,-0.0042885314,-0.008081429,0.026813952,-0.0026025064,0.006389373,0.0044580577,0.0210275,-0.044325266,0.02317056,-0.010564452,0.0050334255,0.08013455,0.041813314,0.00927545,-0.010245457,-0.012602814,0.01600159,0.00014630749,0.0002947915,0.0063055195,0.009583756,-0.03682368,3.640249e-06,3.0117116,0.011828176,-0.4757657,-0.03261298,0.0,0.0,-0.016148737,0.0010853723,0.023761084,0.05648795,-0.00026799337,0.0075323847,-0.00080510153,0.039085135,0.002408481,-0.0062943106,0.008235651,0.05486448,-0.0136348335,0.0012720068,1.644136e-05,-0.00010582921,4.6274894e-05,-0.0001729257,0.0059959195,-0.006607114,0.00791075,0.004417141,-0.028329946,-0.0030740842,0.18212646,score_roll3_mean,
EGY,-0.04016186,-0.2825177,-0.076257735,0.06440668,0.42441282,0.15228274,0.30775893,0.016118182,0.11145197,-0.031126749,-0.47502747,-0.03390427,-0.15233454,0.08571818,-0.059985776,-0.55897903,0.019634906,-0.021244437,-0.00013396423,-0.079765566,0.031622376,-0.014232256,0.08261668,-0.044168424,-0.019298295,-0.0017295979,-0.0002858549,0.0003039738,0.0014130947,0.08804796,0.06352272,-0.009373534,-0.027239744,-0.005971327,0.0068111774,0.02749366,0.08327004,0.009101189,0.033349227,-0.0022914144,0.0031536533,0.010070863,0.0045923023,-0.047440756,-0.020192815,0.023336861,0.02646029,0.0061539323,-0.0062467363,-0.008557873,-0.014601227,0.038363438,-0.007889311,0.00080309197,-0.0025349627,0.03555808,0.0028713746,0.00026957758,-0.0033132266,-0.0657501,-0.008798776,0.1778027,0.17619938,-0.19429801,0.0007982933,0.0,0.0,-0.011012068,-0.003903795,0.025564054,0.050768368,-0.0041677416,-0.007509371,-0.0014171851,-0.042366687,0.005869444,-0.0025709749,-0.025754582,-0.067994684,-0.08225196,-0.0037562284,5.1041234e-06,-0.0001352191,4.523847e-05,-6.342926e-05,0.0056830063,0.003537519,-0.033196073,-0.005895773,-0.0011215596,0.00040419225,0.007585772,fh_combined_score,political
ERI,-0.08885144,-0.32921442,-0.19434823,0.004471821,-0.08679686,-0.037315905,-0.11092241,-0.01337817,-0.059373632,-0.8128108,-1.0548545,-0.027177742,-0.4155743,-0.12692761,-0.2916937,-1.1850357,-0.00010073124,-0.039630603,-0.018869191,-0.30313525,-0.9701807,-0.044955973,-0.24155444,-0.030441027,-0.0028260206,-0.00022702405,-0.0052370513,0.0036201286,-0.0009755675,-0.025975354,0.026214633,-0.005427331,-0.003335102,-0.10757718,-0.02536892,-0.037060067,-0.056911517,-0.0008665207,0.0086121,-0.114043504,0.0057576993,-0.03487851,-0.019907987,0.014400219,0.05753376,0.093517825,0.017794017,-0.03968146,0.0096962815,0.10761004,0.024050416,0.02255856,-0.0064831097,0.014731462,-0.007473838,-0.32379505,0.00022743116,-0.018504852,-0.0015219185,-0.60537845,-0.0017413034,-17.459345,0.08692698,-0.12976064,0.0076604616,0.0,0.0,-0.060895685,0.01126777,-0.08686486,-0.13477658,0.0035594448,-0.022891382,0.0007680013,-0.016462287,-0.02410823,0.0069118813,-0.25412902,-0.010758572,0.033716682,0.022601563,2.3341978e-05,-0.00085413567,6.1917744e-05,0.00017335587,-0.0050680228,-0.009269536,-0.08630828,-0.03343419,-0.03563952,0.005762292,0.015768012,score_roll3_mean,
ESP,-0.014569924,-0.033492357,-0.05235521,0.055211388,0.34105226,0.1395769,0.32440215,0.01916483,0.40643397,1.5456046,0.58512795,0.20607144,0.14123622,0.06318412,-0.030910954,-0.33169684,0.07366221,1.1758159,0.16618839,3.311067,0.2922201,0.08128906,0.08094457,-0.018198539,-0.001865205,0.0007262768,0.02176359,0.0013068485,0.0044783293,0.0342249,0.01641475,0.0055973395,-0.044623546,0.028463887,0.042052325,0.26058254,0.12589279,-0.006309897,0.010534256,-0.009904437,0.022396842,0.009505548,-0.010965189,-0.042376976,-0.029241927,-0.037840206,-0.07483344,-0.08888807,0.0511149,-0.0790327,-0.024737325,-0.0745777,0.009528817,-0.017213771,0.0008331754,0.0029436608,-0.003833562,-0.0053415177,-0.0022913886,0.23837337,0.002569954,29.332798,-0.018361399,-0.46022958,0.027268885,0.0,0.0,-0.01747059,0.0074903453,0.028301736,-0.03384142,0.015601711,0.013034519,0.0038615474,-0.0062111444,0.10220965,-0.028575217,-0.029966196,0.02401837,0.019336253,0.0062120557,2.7422915e-05,-0.00010057881,3.3583157e-05,-0.00018841383,0.011508372,0.004059195,-0.01228954,-0.00020235554,0.1967966,0.0021628325,0.01031531,score_roll3_mean,
EST,0.01975084,-0.14096029,-0.40230492,0.022053897,0.15985988,0.56218827,0.22270586,0.025554847,0.29700083,1.4615207,0.7323789,0.319954,0.13935521,0.097828455,-0.034237284,-0.50731593,0.045616686,-0.052986592,-0.0088755945,0.028140636,0.39603138,0.0688837,0.089581065,-0.13906305,-0.005289621,-0.0016530476,-0.006077538,0.0030010934,-0.0019231981,0.05525439,-0.046488963,0.006101839,-0.020854414,-0.046704136,-0.009223653,-0.040146027,0.01869698,-0.027596068,0.011381195,0.0056771706,0.03316919,0.009584646,-0.022920094,-0.0392519,-0.05154745,0.06439678,-0.1097659,-0.2664313,0.028961435,-0.105402485,-0.037662663,-0.060181197,0.016070439,-0.010499918,0.008457684,0.009372416,-0.0029170585,0.012253394,-0.0018436891,0.26017854,0.004077198,16.607029,0.30206525,-1.5407429,0.011388359,0.0,0.0,0.07384312,0.058956593,-0.025130078,0.0064870548,0.015564649,0.014191645,0.0038227849,0.0003328954,0.03227561,0.016071705,-0.011250409,0.01584571,-0.0031507416,0.016026234,1.792083e-05,-9.008734e-05,2.079632e-05,-0.00020897808,0.0017793071,0.059976082,0.009037179,-0.009417126,-0.09114128,0.008195245,0.020873781,score_roll3_mean,
ETH,-0.032732163,-0.18173741,-0.05114884,0.020937994,0.3300894,-0.020307574,0.30699834,0.01738631,0.079805166,-0.41138852,0.2831654,-0.0004660906,-0.15643896,-0.08123211,-0.08254473,-0.4590643,-0.0016064502,0.30051738,0.051112086,-0.18853962,-1.3315805,0.0014233483,-0.036472507,-0.04642144,-0.006610209,0.0026790504,0.0223522,0.006713763,0.003425244,-0.022672918,0.00065687613,-0.0070657623,0.002441626,-0.025727272,0.0154378135,0.012945237,0.093027346,0.01024658,0.015007842,-0.0047310675,-0.0012373857,-0.027222065,-0.0005702169,0.014318825,0.029101655,0.0062181153,0.0147007955,-0.053844586,-0.010093903,0.03454628,-0.055673376,0.06062017,0.0039212047,0.011866781,-0.0005440265,-0.030261531,-0.0021020717,-0.0045172325,-0.003687187,-0.25358447,-0.021388963,-3.810927,0.42107773,-0.11823206,0.00095655903,0.0,0.0,-0.07309638,-0.07035921,0.04147104,0.08539847,0.0030759072,0.0027180668,0.0003400654,-0.006815786,-0.012513272,0.007093109,-0.019088084,-0.00068624836,-0.0036669667,-0.008034665,8.498519e-06,-0.0002459452,6.1917744e-05,0.00015199046,0.025055464,0.022206213,0.018863028,0.017831052,-0.00022671114,-0.05332377,0.20627758,score_roll3_mean,
FIN,0.03145076,-0.09126989,-0.49303848,0.046142653,0.2157665,0.22025225,0.2533958,0.015492613,0.40737662,1.4418964,0.6119262,0.27778274,0.24917845,0.064892374,-0.03089568,-0.34550983,0.05913374,-0.034994546,-0.018290976,2.7646224,0.27186868,0.06548574,0.10714473,-0.09038088,-0.013752199,-0.0035655564,-0.003855605,-0.0009767378,-0.00038806317,0.02257428,0.009891052,-0.0037258877,-0.04297542,-0.037288494,-0.016382698,-0.009148408,0.03672917,-0.012693493,-0.0037471983,-0.0106093,0.017221749,0.02865505,0.0013106341,-0.03549711,-0.019221995,0.023817394,-0.16599578,-0.4352268,0.0031463467,-0.29879007,-0.04662256,-0.04063267,0.008825938,-0.013101954,0.010349079,0.003273274,-0.0015675562,-0.007942924,-0.002478623,0.2736422,-9.925515e-06,22.293276,0.24286628,-1.3625362,0.0026965404,0.0,0.0,0.05341465,0.0017207173,0.024454918,0.015715871,0.0008871117,0.0039506736,0.0038516817,0.008700866,0.06258093,-0.010011224,-0.012494028,0.016642377,0.00017078395,0.0005096772,-4.9711894e-06,-0.00010014924,1.9685202e-05,-0.00022569943,-0.0020287023,-0.038396414,-0.018582746,0.009579451,0.24170968,0.017925354,-8.878746e-06,score_roll3_mean,
FJI,-0.028642429,-0.18225439,-0.07907133,0.113617934,-0.09362058,-0.049941033,-0.028586341,0.015543107,-0.123067155,0.51045316,0.5558615,0.124962114,0.03816618,-0.00012233746,-0.029826883,-0.5116034,0.040703446,-0.04271275,-0.008162468,-0.11588973,0.08953112,-0.0028987357,-0.012109541,-0.011029026,-0.0030434087,0.0010799107,-0.0080323145,0.0029817224,-0.0022035586,0.058910083,0.042377066,-0.00090026716,-0.0032795644,-0.07753824,-0.00013735348,-0.040747795,0.01109365,-0.0036684142,-0.0044705104,-0.023764381,-0.02582509,-0.01485657,0.0011077984,-0.010100164,-0.04982279,-0.03474921,-0.02968981,-0.14235592,-0.0034670494,-0.061198086,-0.017440736,0.0067374907,-0.0051206914,0.0037600442,-0.00093945366,0.006417746,0.007272288,0.01020228,-0.006220728,-0.051925845,-0.008565814,-0.5944217,0.54136676,-0.6291526,0.01889027,0.0,0.0,0.017804163,0.006365098,-0.059350226,0.011603434,-0.009992266,0.0057116235,0.0018628935,-0.020843804,-0.007339105,-0.033054505,0.008322502,-0.0027063873,0.062452525,-0.003893467,1.914149e-05,-0.00011778027,4.223504e-05,-3.7005146e-05,-0.006104244,-0.013767852,0.042999167,-0.0083728265,-0.04097267,-0.012570569,0.014126826,year_norm,
FRA,0.011654779,-0.041697633,-0.037263814,0.055655614,0.38741344,0.16182521,0.32262126,0.017873507,0.40166324,1.6325281,0.62028784,0.25668582,0.17439352,0.05990167,-0.03047266,-0.37377125,0.064462736,1.1812655,0.15847607,3.4698439,0.28866944,0.070720516,0.05121142,-0.022321038,-0.0031141245,0.0007445172,0.022091249,-0.0067419056,0.0044358014,0.020414494,0.013091138,0.02133131,-0.054525815,0.025185188,0.018468078,0.2591764,0.12568052,-0.009647412,-0.01439568,-0.014251139,-0.0027624727,0.013814777,-0.00840871,-0.031692166,-0.030060409,-0.034235485,-0.06039459,-0.13692671,0.035015192,-0.09834013,-0.042878453,-0.045736544,0.023189891,-0.016749956,-0.011241314,0.0013492431,-0.005142981,0.0021955927,-0.0024536913,0.2401123,0.0048706885,29.587093,-0.00015789739,-0.45460957,0.0062650186,0.0,0.0,-0.0055849017,0.004736682,0.08174422,0.061947983,0.007348486,0.0034305593,0.0038353845,0.009090401,0.10116111,-0.026670704,0.029176677,0.011860962,0.0067688734,0.005445757,1.5182404e-05,-9.420061e-05,3.1008898e-05,-0.00019331598,0.00595689,-0.018781269,0.0024883263,0.03114956,0.21442077,0.0028249726,0.016371807,score_roll3_mean,
FSM,-0.027729096,-0.15156385,0.0042197057,0.11275177,-0.09574392,-0.05566414,-0.1124128,-0.022967676,-0.14119977,1.0207343,0.71125114,0.5791035,-0.18486676,-0.07155402,-0.0375129,-0.65329635,0.2547736,-0.081334986,0.009774226,-0.099605404,0.03730596,-0.010943499,-0.008744141,-0.052235752,-0.013104424,-0.00722497,-0.008182425,0.036052622,-0.0021970512,-0.05417879,0.050667427,-0.0007812568,0.012703873,-0.005098925,0.012235265,-0.0806166,-0.015284662,0.036124986,-0.0014896907,-0.0062946635,0.018328482,-0.02091805,-0.0060266256,0.024571702,0.019410804,-0.092771426,-0.019338498,-0.11049285,0.0356469,-0.012020755,-0.014718012,0.032997694,-0.03983374,0.006144316,-0.0048573655,0.009464732,0.007496628,-0.0011018163,-0.0052526356,-0.04620273,0.00081353885,2.1610377,0.4443145,-0.4707317,0.016586695,0.0,0.0,-0.013779633,0.020994524,-0.15167631,-0.034146592,-0.0027908061,0.008227929,0.0019104296,0.008318738,-0.00710375,-0.020413084,0.07273012,0.04345555,-0.0052539655,-0.0047334973,1.3420935e-05,-0.00037764784,5.046578e-05,-0.00011893474,-0.0024605044,-0.006407949,0.037228715,-0.007423791,0.020969095,-0.0035561733,0.18217605,score_roll3_mean,
GAB,-0.047098584,-0.23075964,-0.10456822,0.0333865,-0.1686996,-0.024389632,-0.094257705,0.019823564,-0.06444343,-0.5074885,-0.932206,-0.02741837,0.04174566,0.045907382,-0.15371622,-0.8348579,-0.036214806,-0.061925955,-0.045806345,-0.25701296,-0.55477005,-0.05127841,-0.078911394,-0.034003045,-0.007820502,-0.0007815008,-0.0015571257,0.001384633,-0.0007357979,0.016243476,0.050234653,-0.0050200047,-0.004912302,-0.08776217,-0.03639791,-0.03031799,-0.07732843,-0.0018445905,0.003352081,0.035368375,-0.02417257,0.0155423,0.0298309,-0.053771775,-0.06462682,0.01092267,0.031634584,-0.084149994,-0.07893312,0.03901404,0.012660033,0.012394837,0.0058678812,0.011180779,-0.008312165,-0.31746784,-0.0024721809,0.0041167485,-0.017784774,-0.28866142,-0.005903822,-10.5363245,-0.04357278,-0.5392865,-0.045316003,0.0,0.0,0.008684775,-0.03379215,-0.04902508,-0.19595838,0.0018649452,-0.0129791545,-0.018791834,-0.045788426,0.007825121,-0.0010261759,-0.14059053,-0.0058016684,0.0015717476,-0.0038176212,2.3695175e-05,-0.0008356958,6.088132e-05,4.247145e-05,-0.006259742,0.0020879116,-0.16002332,-0.014626024,0.021003395,0.008022777,-0.06524383,score_roll3_mean,
GBR,0.015195251,-0.029470345,-0.042526927,0.050822772,0.4053343,-0.018320883,0.3273409,0.028967306,0.39567348,1.5995253,0.6415172,0.2798495,0.15406151,0.05852612,-0.03192226,-0.26700768,0.0700897,1.1894431,0.1442736,3.375265,0.28652477,0.038918808,0.048593406,-0.03405566,-0.0121939285,0.000751688,0.021413708,9.959443e-05,0.008304856,0.031164775,0.029121986,0.026346268,-0.052626543,0.04586174,0.029063543,0.24249719,0.12277343,-0.0070095817,-0.022203192,-0.018894829,0.022749163,0.023348533,-0.0033277746,-0.03990784,-0.021094665,-0.04405076,-0.08747971,-0.15863395,0.0406591,-0.09298114,-0.046631802,-0.038267307,0.018439999,-0.01682747,0.019290645,0.00113521,-0.0044775805,0.0021783293,-0.0024681466,0.23911388,0.0053951116,28.497297,0.023475382,-0.48666745,0.005727468,0.0,0.0,-0.010868613,-0.0036344887,0.113294415,-0.0008475593,0.014157755,0.011510722,0.0038225828,0.0036181044,0.10209381,0.012033412,-0.030554013,0.00038822196,2.1074027e-05,0.007045524,2.7848014e-06,-9.477277e-05,3.1008898e-05,-0.00019347982,0.010974316,-0.023428548,-0.010543065,-0.0052747233,0.2315075,0.0014922231,-0.013576721,score_roll3_mean,
GEO,-0.057522837,-0.22143719,-0.094094515,0.05881124,-0.012950761,0.35883492,-0.0067362776,0.010529713,-0.0069309133,0.28845632,0.62240285,0.0714675,0.1536358,0.052035615,-0.036883272,-0.60456544,0.1549973,-0.04207886,-0.004860398,-0.0986507,0.31708282,0.10568663,0.04084147,-0.053094964,0.001717468,-0.002584017,-0.0016204389,-0.00042072462,-0.00046603548,0.013623582,0.011306164,-0.0030531068,0.01189432,-0.053473957,-0.0023047728,-0.074367695,-0.008977243,0.016130239,0.007721191,0.027090622,0.010849502,-0.034864314,0.0018796723,-0.025044758,-0.04794071,-0.00059597526,-0.12719195,-0.1212345,-0.02163494,-0.04306245,-0.106555134,-0.032143347,-0.0004320134,0.0005009333,-0.00634923,-0.00063283683,-0.0019953842,0.040417872,0.01902162,0.050717596,0.0007379856,5.9060774,0.2796085,-1.2456477,-0.054985344,0.0,0.0,-0.052942716,0.024957156,-0.015336027,0.033999752,0.0069145784,0.014694688,0.0016142442,0.005409916,0.023601789,0.0115391305,0.09131685,-4.13725e-05,-0.00073100475,0.018781774,1.714924e-05,-0.00010928104,4.223504e-05,2.0287328e-06,6.613877e-05,-0.01911055,0.04388544,0.20603958,-0.028885396,-0.0025728578,-0.03980904,score_roll3_mean,
GHA,-0.036362603,-0.20617127,-0.021232156,0.037731837,0.12468947,-0.06333464,0.17206997,0.0360423,-0.16932586,0.22460344,0.37182444,0.15616459,-0.22430335,0.077874966,-0.05304596,-0.41430175,0.17171322,-0.05264869,-0.0051333536,-0.16480888,-0.15955177,-0.020718196,-0.0069290367,-0.059720885,-0.027435282,-0.0030309185,-0.005078321,-0.0076178205,-0.0021078386,0.036767803,0.08095216,-0.00035445337,-0.008608811,-0.014593765,-0.006074985,-0.055005837,0.019070802,0.004651037,0.03352649,-0.004994711,0.01964717,0.0059798146,0.0059832283,-0.036240436,-0.033360027,-0.08189578,0.011083838,-0.04719194,0.017187305,-0.05422241,-0.0053311954,0.027922312,-0.018960677,0.0038810794,-0.0012045933,0.0057505514,0.0038227271,-0.0011006941,-0.0047008446,-0.07445358,-0.03825863,2.4245074,0.41420528,-0.55176395,0.0029812353,0.0,0.0,-0.0003757414,-0.019336818,0.02073012,0.05441752,-0.0051306956,0.0056052734,0.0012962221,0.0075258203,-0.01357296,-0.0029959,0.007040199,0.0022562628,-0.012071693,0.0051668584,1.3275545e-05,-0.00012433797,4.223504e-05,1.8764653e-05,0.004267868,-0.009478458,0.009786694,-0.0051090424,-0.0074017937,-0.007821497,-0.02438912,score_roll3_mean,
GIN,-0.06955423,-0.23480384,-0.11706125,0.01353193,-0.1775477,-0.024866084,-0.12157089,-0.020134453,-0.06505251,-0.5774266,-0.52101207,-0.02093858,-0.22009368,-0.009174525,-0.21394809,-0.860125,-0.015801039,0.041217763,-0.01546708,-0.21262343,-1.3030784,-0.05195037,0.01740901,-0.029064722,-0.005533506,0.009615907,-0.006019277,0.0034490977,-0.0003809805,-0.02696252,0.0059002712,-0.005637366,-0.0006313373,-0.108320765,-0.028401066,-0.03420402,-0.050039556,-0.0018541142,0.0066497847,-0.018401505,-0.017930591,0.00409829,0.026727589,-0.010180978,-0.0634091,-0.04877374,0.016226942,-0.11584542,-0.1500646,0.030572968,0.019713504,0.0081938235,-0.0071622287,-0.017104024,-0.010187907,0.002991452,0.0014860688,-0.048688035,-0.0051084124,-0.3166953,-0.01859183,-12.006708,0.0042567654,-0.55971795,-0.0054339687,0.0,0.0,-0.047539156,-0.00020106992,-0.0074329777,-0.13034028,-0.002223011,0.0154102,-0.0048886035,-0.056931745,-0.033936672,-0.03939543,-0.020881465,0.003960898,-0.036796387,-0.006834032,3.0628777e-05,-0.000826435,6.088132e-05,0.00013472063,-0.02756085,-0.008767165,0.009728205,-0.0002769918,-0.028474417,0.0032947955,-0.054688692,score_roll3_mean,
GMB,-0.049769506,-0.20984706,-0.117236495,0.16399871,-0.113224186,-0.035436146,-0.15848935,0.017522607,-0.12095852,0.996864,0.30620715,0.086454965,-0.15836453,0.13214448,-0.09281383,-0.73282003,0.04768485,-0.041263744,-0.009235539,-0.34752852,-1.1998796,-0.18615417,-0.1694348,-0.04272327,0.00054033066,0.00040438544,-0.0095089255,0.003049687,-0.001027255,0.05556134,0.020277921,-0.0011832096,0.007147588,-0.10332833,-0.024040038,-0.035531808,-0.026987938,-0.0012284345,-0.00089458976,-0.01771989,-0.07536973,0.012297183,-0.01178948,-0.054589584,-0.0560865,-0.10446798,0.016433893,-0.05291241,-0.03978972,-0.09847642,-0.110574655,-0.06721813,-0.001998519,0.0043719,-0.0023003027,-0.04070255,-0.011727962,-0.03776821,-0.0024142745,-0.11596169,-0.026442468,-7.3589644,0.17413893,-0.56597686,-0.043468196,0.0,0.0,0.005385815,0.00018691932,-0.066930026,0.044267368,-0.03950937,0.095250994,0.001847788,-0.06095901,0.0055081635,-0.022447664,-0.0386386,0.0038452013,-0.03769715,0.0072095953,1.0716225e-05,-0.0002315101,4.964214e-05,4.5152927e-05,-0.021223644,-0.0077923774,0.007720854,0.0007870713,-0.058111653,-0.0142236585,0.03026593,score_roll3_mean,
GNB,-0.06388436,-0.32824534,-0.13199352,0.015055258,-0.20748658,-0.03167318,-0.24654667,-0.023196863,-0.06692846,-0.73761773,-1.0461588,-0.021599405,-0.46914363,-0.13955913,-0.35123512,-0.7402883,0.048139088,-0.054941513,-0.05619219,-0.33370042,-2.2756743,-0.05230676,-0.27291623,-0.034975227,-0.010788951,-0.00061955967,-0.004892862,0.0033329602,-0.00072710414,-0.006617541,-0.0047719213,-0.002035358,-0.00010981533,-0.16088876,-0.026401829,-0.042625908,-0.055087246,-0.0026012994,0.007132982,-0.046607174,-0.01906501,-0.009833467,-0.008821803,0.0104244435,0.050257765,0.016477281,0.01801813,-0.15235324,-0.02535079,0.009732043,0.0027731021,0.022241857,-0.010014787,-0.027263869,-0.009371234,-0.12298485,-0.0052015306,-0.0038635947,-0.00023443178,-0.5815654,-0.0040947176,-17.39359,0.07022167,-0.3597614,-0.026535118,0.0,0.0,-0.05808389,0.010572983,-0.02810353,-0.114985086,-0.03355296,-0.018200621,0.00019352348,0.005686664,-0.03008041,-0.050616447,0.022124702,-0.084635966,0.026968142,-0.0011521188,1.1229391e-05,-0.0044982866,6.1917744e-05,0.00011484495,-0.021431651,-0.013668884,-0.0025036186,-0.004511966,-0.04522587,0.00191806,-0.054945253,score_roll3_mean,
GNQ,-0.09639331,-0.21592334,-0.21550538,0.0074347397,-0.21054138,-0.03234895,-0.61827666,-0.022910058,-0.06432697,-0.70374006,-1.3547701,-0.033556882,-0.40434304,-0.029419871,-0.36321583,-0.88390857,-0.027557291,0.008446416,-0.018302165,-0.34376153,-2.2329512,-0.05004128,-0.33255285,-0.037780337,-0.015524929,0.0074536144,-0.00448629,0.0035591833,-0.00017689867,0.042293042,0.044743057,-0.0032103762,-9.145052e-05,-0.14482015,-0.028604453,-0.043942023,-0.053072874,-0.0011187244,0.009198702,-0.13221735,0.009152591,-0.0030164206,0.02923693,-0.0016103059,0.0011098338,0.013713385,0.017876143,-0.02417553,0.013911394,0.003915273,0.019482065,-0.032900978,-0.0039860397,-0.059984248,-0.009529464,-0.120179944,-0.0068661566,-0.00010280413,0.0067090304,-0.65642214,-0.009604941,-17.907072,-0.14432415,-0.31003428,0.0033406501,0.0,0.0,-0.05234753,0.0031135844,-0.08873445,-0.1519288,-0.033432823,-0.036256477,0.00041314604,-0.00094094244,-0.043847833,0.012658197,-0.015474166,-0.017855091,-0.01875448,0.0014044518,3.402684e-05,-0.004655565,0.00031724642,8.108279e-05,-0.020886984,-0.01124493,-0.047429208,-0.0050854217,-0.06792376,0.0048256903,-0.06487407,score_roll3_mean,
GRC,0.009528557,-0.08525019,-0.5905653,0.064342454,0.30079028,0.16885144,0.29733068,0.01971433,0.24852191,1.2292025,0.49700484,0.1864887,0.07943401,0.0074680685,-0.03214846,-0.37759578,0.040327106,0.26602486,0.032831073,2.5492654,0.28517377,0.063910715,0.105807215,-0.1573661,-0.014844631,0.012402854,0.03103194,0.00051968393,0.0047145854,0.037028965,0.021689033,0.029621657,-0.03848265,-0.017104657,0.0007860804,0.043449964,0.044614214,-0.012484895,0.005419453,-0.028998315,-0.005921349,0.01801568,0.00032860224,-0.009638609,0.0063209594,-0.0350533,-0.0170351,0.017768366,0.0741204,-0.05084821,-0.037353765,-0.014021386,-0.010111466,-0.015372273,0.009491728,0.0140543245,0.031714782,0.009563817,0.01664687,0.23958617,0.0021359713,17.411127,-0.016350523,-1.0837394,0.010079745,0.0,0.0,-0.13667077,0.008331032,0.027281601,0.033376615,0.017810555,0.007197217,0.00389731,0.0024479018,0.0925329,0.030693907,0.005270415,0.016824529,0.0036834185,0.0056063975,2.171585e-05,-8.661615e-05,3.3583157e-05,-0.00017765297,0.0032047657,-0.018775158,-0.008240692,-0.0015252647,-0.16409867,0.008544493,0.19385275,score_roll3_mean,
GRD,-0.039832078,-0.18971868,-0.02557387,0.008779924,-0.1889487,-0.05193397,-0.084517024,0.023211777,-0.11112829,-0.44161186,-0.6883759,-0.0020866361,-0.22400066,-0.061829254,-0.08339288,-1.026118,0.19655907,-0.0044902097,-0.014589643,-0.12686566,0.2555046,-0.02005802,0.08025566,-0.07656537,-0.020268332,0.009636295,-0.0041915127,0.02294224,-0.0017001068,0.058197357,0.026806746,-0.00094534777,-0.090983294,-0.091626145,-0.0059209485,-0.076783784,-0.043433785,0.0074768923,0.04048967,-0.024607712,0.021029193,0.009213464,-0.0077304966,0.0027866815,0.04104195,0.051927667,0.059385777,0.046718583,0.0034574957,0.09940873,0.045303497,0.014408783,-0.045704436,0.0025724787,0.0011500985,0.0003203149,0.020350095,0.0037935833,-0.0033392115,-0.030854806,0.0025154215,2.9274926,0.15180294,-0.571183,0.0002718556,0.0,0.0,-0.017644871,0.021346416,-0.019339241,-0.019780979,0.017511036,-0.0042200084,0.00015560041,0.012679823,-0.0104302,0.019883769,-0.058434132,-0.008189248,-0.032399617,0.0012861311,1.7490187e-05,-0.00023915168,4.6274894e-05,-1.6441452e-05,-0.0055776546,0.009033059,-0.045904957,-0.0039959536,0.0045692087,-0.0041653174,-0.013806777,score_roll3_mean,
GTM,-0.058082446,-0.20008704,-0.048284538,0.0060549006,-0.22230034,-0.027979717,-0.05548444,0.020149935,-0.058763146,-0.22684993,-0.7136678,-0.037238132,0.04666382,0.050649248,-0.08972221,-0.6975419,0.056658957,-0.023259128,-0.0020314502,-0.106759496,-0.00061608735,-0.02847709,-0.0063164593,-0.06380832,-0.013439768,-0.0013558188,-0.0018115812,-0.00016396464,0.00045629762,0.04702083,0.04541811,-0.0039142086,0.012607806,-0.15491915,-0.024920672,-0.043686833,-0.036840428,-0.028497057,-0.0015422888,-0.035307776,-0.014683438,-0.0024611661,0.016055,-0.055515133,-0.05627561,-0.122522324,0.036828738,-0.031675696,-0.023526434,-0.017478846,-0.05736279,-0.018688641,-0.009917148,-0.006019073,-0.004698367,0.03578143,0.0011339705,0.010189538,-0.0057441234,-0.097753994,-0.0029860863,-3.97756,0.58406925,-0.5833832,0.0058116247,0.0,0.0,-0.012959072,0.017505597,-0.034644563,-0.13229342,-0.0058662225,-0.017913908,0.0062073534,-0.0036939015,-0.0033707467,-0.011303964,-0.088245474,-0.003328397,-0.024811514,-0.010347811,-1.3335643e-06,-0.00018678489,6.088132e-05,-7.193301e-05,-0.0115151005,-0.011845091,-0.038991522,0.004657734,-0.043476846,-0.07295475,-0.00020829919,score_roll3_mean,
GUY,-0.038687456,-0.18353215,0.012879996,0.048830103,-0.09858932,-0.0632922,-0.0575751,0.014790377,-0.16993673,0.0012657887,0.4907493,0.10823506,0.0859215,0.011725208,-0.04502474,-0.54439825,0.21432188,-0.030113958,-0.0076079434,-0.111644596,0.062197614,-0.006616928,-0.034001872,-0.0125685,-0.018537644,0.011566839,-0.007861769,0.023630688,-0.0019423927,0.070813924,0.046839677,0.00092881644,-0.003478801,-0.06980997,-0.005058746,-0.066911414,-0.01352134,-0.022202637,0.006781252,-0.010749448,0.007112155,-0.0023094567,-0.01166881,-0.008517719,-0.020345388,-0.041396003,0.026779192,-0.022080716,0.029836357,-0.024300281,-0.06614539,0.01670972,-0.02186147,0.0025786138,-0.0007068569,0.010040727,0.008518142,0.0062440145,-0.013710082,-0.04896064,-0.002119185,2.5726037,0.42664176,-0.69520015,0.005742483,0.0,0.0,-0.0078013176,0.013278291,-0.008894309,0.025748786,0.031846166,-0.0156185785,0.0052600424,0.015073852,-0.018520389,0.0017630098,0.008501484,-0.0019977218,-0.036144663,0.00891779,1.470363e-05,-0.00019983064,4.523847e-05,-0.00028878095,-0.005733433,-0.01152594,-0.010774542,-0.008976698,-0.027585581,-0.011038517,0.12550007,score_roll3_mean,
HND,-0.05671342,-0.19419344,-0.037263684,0.0076549533,-0.16847643,-0.02674512,-0.06334654,0.022232648,-0.05904343,-0.23531125,-0.7476708,-0.034727294,0.05522999,0.042194713,-0.08145591,-0.70659167,0.038363196,-0.03315791,-0.0075865267,-0.10595545,0.18369058,-0.014519806,-0.004964338,-0.06479709,-0.007232003,-0.0017106122,-0.0023201383,0.0028682563,-0.0010592984,0.036867294,0.06548439,-0.0019555823,0.0014307684,-0.14994761,-0.024031466,-0.037680082,-0.043997537,0.0057778694,0.009244089,-0.035303645,-0.017962424,0.00688139,0.0013252646,-0.031831358,-0.048375793,-0.12546876,0.02874306,-0.038991883,-0.03251861,-0.02213543,-0.0552057,-0.005977011,-0.0054321853,-0.0056895376,-0.0018967382,0.03543266,4.5526715e-05,0.009720555,-0.0049304576,-0.070283785,0.0006365899,-3.8906975,0.3772655,-0.60024685,0.00375124,0.0,0.0,-0.038459327,-0.042078275,-0.0036147893,0.019701054,-0.010431035,-0.012760943,0.006419164,-0.004200123,-0.01597416,0.0011269726,0.01806187,-0.0097459275,-0.025122536,-0.0030475245,1.981028e-05,-0.00017414543,6.088132e-05,-1.5116424e-05,0.0022217222,-0.037583295,-0.1335014,0.0059636794,-0.036484256,-0.07989223,0.015132074,score_roll3_mean,
HRV,-0.023565836,-0.142729,-0.018074412,0.06915272,0.17297307,0.4384098,0.28552818,0.011013721,0.21647912,1.2434504,0.47691277,0.24381988,0.11284723,0.08292979,-0.03161226,-0.5255141,0.059162583,-0.042963367,-0.005324535,-0.030461635,0.3696434,0.0894796,0.08105776,-0.06985442,-0.0063803536,-0.0006005935,0.0012499779,7.0667083e-06,0.031836882,0.07206476,0.03527678,0.021414261,-0.02863011,0.010887101,-0.018265134,0.041777324,0.025747247,-0.008048316,0.01723667,-0.009688672,-0.021496166,0.012344481,0.019287433,-0.035888884,-0.032410912,-0.014323939,0.003255864,0.049511906,0.053602815,-0.14555056,-0.02968891,-0.02804736,-0.0038141767,-0.012928707,0.00822391,-0.013501543,-0.003966598,0.0016435577,0.0021826718,0.24052158,0.0017638628,12.224073,0.13059126,-1.5272504,0.023718655,0.0,0.0,0.01243731,0.0018850071,-0.008134992,0.01137628,0.001448589,0.013924662,0.001524279,0.013128765,0.021623228,-0.046589773,0.00937582,0.025423022,0.00286229,0.023844706,1.9954825e-05,-0.00010668429,3.3583157e-05,-0.00021557255,0.008446122,-0.017939433,0.018460818,0.03617296,0.19566938,0.006306853,0.0377385,score_roll3_mean,
HTI,-0.08563963,-0.31026226,-0.14860164,-0.026783252,-0.22159368,-0.031389527,-0.06692295,-0.030296903,-0.07007527,-0.8141629,-0.9875944,-0.028110644,-0.49772766,-0.13771573,-0.41484493,-0.96051,0.024342364,-0.0434941,-0.007242875,-0.23818287,-1.8879203,-0.03493935,-0.30587605,-0.02698301,-0.010888629,-0.00030521507,-0.0047657713,0.003621099,-0.0009626718,-0.044896096,-0.04621932,-0.005266656,-0.0022693973,-0.10913365,-0.025919123,-0.0570313,-0.060458697,0.0008086711,0.007586049,-0.0141989235,-0.007938663,-0.014126004,-0.01716927,0.0066456012,0.058337145,-0.05221554,0.013449742,-0.08875545,-0.039483637,-0.0073155905,0.008728965,-0.011523328,-0.0048182164,-0.020809582,-0.008187459,-0.10530935,-0.006270633,-0.027888276,-0.0024643815,-0.5283369,-0.007843043,-17.33886,-0.039003517,-0.44655693,-0.009356437,0.0,0.0,-0.059011452,0.011878926,-0.001988804,-0.11241213,-0.0039273566,0.02149489,-0.021586128,-0.05502893,-0.024218347,0.006569705,0.024524339,-0.035593193,-0.0077929334,-0.006669066,1.1147138e-05,-0.0008178858,4.904942e-05,0.00011560624,-0.021473885,-0.010366831,0.00299962,-0.0041819364,-0.058067225,-0.0077532935,-0.3447757,score_roll3_mean,
HUN,-0.042376336,-0.12935632,-0.038582884,0.058083534,0.17644656,0.4527752,0.31758898,0.024217166,0.37914377,0.72527605,0.45309186,0.11192734,0.13673754,0.08177599,-0.03154265,-0.5007789,0.06340901,-0.027631575,-0.005881279,-0.06567415,0.3344253,0.0732812,0.050319344,-0.012288237,-0.013979004,-0.001770424,-0.0006672969,-0.00016951813,0.03112794,0.086555734,-0.022073194,0.007282652,-0.024807287,0.00683749,0.016458701,0.041985936,0.02296415,-0.0044956123,-0.0020559994,-0.012543566,-0.025405176,0.03464847,-0.048485696,-0.028570207,-0.02426305,-0.033224683,0.03866264,0.022519875,0.06332428,-0.06054422,-0.05077107,-0.031499196,0.0004298217,-0.006337875,0.011604192,0.028506353,-0.0020966914,0.0021310078,0.0039947974,0.24657752,0.0020275696,11.313811,0.1723806,-1.1462481,0.005777836,0.0,0.0,0.054418545,-0.016008988,-0.041361623,0.0038696725,-0.0021645902,-0.03563906,-0.0077441367,-0.011272706,0.019470274,0.010738817,-0.012524972,0.005900036,-0.023654215,0.004207384,1.0526908e-05,-8.866205e-05,4.223504e-05,-0.00018300065,0.0038589663,-0.05785379,-0.051490992,-0.007233591,-0.017493,0.0053800982,0.012579925,score_roll3_mean,
IDN,0.01055739,-0.14252862,-0.08096467,0.063941374,0.4077882,-0.044127252,0.23386155,0.015166901,-0.040223245,-0.22539805,0.47537106,0.072289966,0.09422794,0.008861288,-0.035620965,-0.36886317,0.17290229,0.48342267,-0.08095225,-0.10842047,0.092597194,-0.064118735,0.03713045,-0.057257235,0.018025937,0.0009473789,0.015632283,-0.002179965,-0.010709138,0.08781423,0.08314261,-0.002954115,0.002787218,0.027110744,0.015219537,0.12945238,0.15348561,0.030716171,0.017214948,-0.004045374,-0.008988553,0.017449636,-0.0014446912,-0.0024595656,-0.0023048504,0.01677727,0.022084592,0.007747758,0.0031871668,0.0258179,0.04745016,0.009360399,-0.010097069,0.0003608461,-0.0067467797,0.00698529,-0.0007703871,0.042490706,-0.0044638566,-0.07479751,0.0020811262,6.7462683,-0.028414534,-0.63960415,0.025501136,0.0,0.0,0.0028193025,0.008139642,0.016343443,0.06643378,-0.0038988818,0.010938037,0.00013482088,0.035079174,-0.006835483,0.021866268,-0.018920353,0.015171477,0.002511997,0.003924655,1.3689245e-05,-0.00011078758,4.523847e-05,9.0250505e-06,0.011801335,-0.011107938,0.023228843,0.24592918,0.0031268166,-0.015684742,0.23629788,score_roll3_mean,
IND,0.010238823,-0.12683429,-0.013162246,0.08785059,0.4966063,-0.013066442,0.41593364,0.035462063,0.5215281,0.19653334,0.4427376,0.10909697,0.09024984,-0.018664442,-0.036495376,-0.35147926,0.06515934,1.0015457,0.26069486,-0.09919606,0.16564684,0.0067014406,0.029705537,-0.08406412,-0.007879358,0.010767002,0.073001176,0.0023328029,0.05368377,0.07516389,0.07813708,0.004621559,-0.02560293,0.018223902,0.03542335,0.18575129,0.1582627,-0.007954586,0.026139315,-0.026689064,-0.012021684,0.031689186,0.013770227,-0.0020410498,0.022894658,-0.03882371,0.044056796,0.082915135,0.0417743,-0.042421963,-0.035810146,0.047968943,-0.0081979185,0.025136141,-0.0006857011,0.03597533,0.013680005,0.0057107485,-0.0019373951,-0.09132144,0.011586187,16.140467,0.2946219,-0.8705759,-0.020722482,0.0,0.0,-0.0147268195,-0.0011149603,-0.0016053998,0.07425798,0.011500991,-0.0049789464,-0.006437678,0.027047008,0.064109996,0.036865514,0.0033101826,0.039192487,0.012814834,0.009476656,8.031691e-06,-9.67967e-05,4.6274894e-05,-0.00013914864,0.0036768033,0.060309514,0.023025313,0.022743335,0.08127241,-0.07818608,0.16746992,score_roll3_mean,
IRL,-0.05849045,-0.098845415,-0.43726447,-0.014073025,0.2606728,0.2187406,0.270466,0.05504187,0.35243002,1.4191245,0.5289279,0.28234848,0.2937611,0.0825591,-0.029966287,-0.34155953,0.04558849,-0.2367627,-0.0153229,2.4629116,0.3083628,0.050420053,0.06298127,-0.13149066,-0.013308584,-0.0031044292,-0.0053966157,-0.0011786282,-0.0017786399,0.016252996,0.014921553,0.016717719,-0.013511769,-0.020550309,-0.015131207,0.01058247,0.021018555,-0.057681732,-0.023839496,-0.013820588,0.0095231375,-0.08258553,0.0066750622,-0.041953534,-0.038660426,0.04239159,-0.09456351,-0.100878894,0.016903361,-0.0966386,-0.042227503,-0.031685647,0.015732845,-0.00986086,0.011798027,0.033756156,-0.0043193675,0.0019190394,0.00035570248,0.22706252,0.003418841,19.963305,0.21849535,-1.4108706,0.0112850545,0.0,0.0,-0.046688907,0.01256886,0.003603337,0.026073111,0.011849807,0.0067639584,0.0037926172,0.01360178,-0.15529272,0.08952156,0.0063360943,0.0069425143,-0.012849381,0.012265072,1.2957831e-05,-9.095101e-05,2.079632e-05,-0.00022569943,-0.015024094,0.06798262,-0.0026171524,-0.0024110028,0.1938404,0.017907845,0.043253273,score_roll3_mean,
IRN,-0.04610381,-0.2848632,-0.09755962,0.026749726,0.59674776,-0.04087301,0.377478,-0.005163269,0.26873544,-0.43795878,-0.7891629,-0.02360428,-0.28787345,-0.10839564,-0.045537237,-0.5284819,0.11673716,0.33358887,0.08941345,-0.07462155,0.38516417,0.004516482,0.07708418,-0.062184114,0.054463957,0.001124545,0.012573054,0.011486795,0.005750351,0.056100756,0.022830138,0.0112948585,0.041556947,-0.008818007,0.018737514,0.10825728,0.14803404,0.017969979,0.012038782,-0.11275986,0.013601027,0.029940166,0.025231497,0.010078654,0.044528466,-0.04448884,0.07223976,0.031057589,-0.02316642,0.08797003,0.048659906,0.06736833,-0.022519855,-0.008484584,0.010241646,0.006748627,-0.004280027,-0.0021518806,0.0018124685,-0.060683113,0.0045244046,2.8844664,0.4041171,0.036965147,0.0022298282,0.0,0.0,0.049633138,0.003555009,0.01620123,0.043771114,0.009028778,-0.005218451,0.008534511,0.0038170174,0.009040872,-0.030415036,0.0129557075,-0.02208972,0.028947689,0.007169657,2.1326572e-05,-0.00024405056,4.6274894e-05,0.00010199082,0.020925852,0.05069907,0.024342308,-0.014529505,-0.025074324,0.0075307977,-0.008893933,score_roll3_mean,
IRQ,-0.036818683,-0.31578198,-0.047051806,0.0026986727,0.5077093,-0.02799749,0.33627218,-0.02053072,-0.03832092,-0.39525682,-0.52699107,-0.03936786,-0.15591727,-0.1206722,-0.05703971,-0.3896885,-0.0043163025,-0.024468414,-0.0069307876,-0.097183906,0.09772849,-0.008730716,-0.018983826,-0.03049036,0.0018517759,-0.00029757555,0.0036038833,-0.0027417995,0.0007627747,0.032548763,0.09265598,-0.012334521,0.0046577994,-0.12802507,-0.00015806493,0.026625115,0.13399915,0.0053792633,0.010895017,-0.028213365,0.0075840415,0.0053973487,0.0076860976,0.0050586564,0.024796365,0.03663443,0.04114667,-0.022830661,-0.0041998955,0.08400754,0.015611367,0.013562039,0.005049591,0.009550499,0.00041692163,0.03337807,0.004815985,0.008964094,-0.0009676113,-0.16079296,-0.0014824207,-3.7614172,0.37605396,-0.06338655,-0.11829403,0.0,0.0,0.019089926,-0.03672483,0.037846606,0.046247095,-0.0030454271,0.021881327,0.00052286015,0.009152158,-0.008507325,0.026753763,0.0003994673,0.0048947637,0.015017721,0.006389199,2.110816e-05,-0.00018819173,6.1917744e-05,0.000116026815,-0.0072961473,0.014318722,0.03084994,-0.015256875,-0.024622822,0.01415179,0.021704787,score_roll3_mean,
ISL,0.018018734,-0.11540367,-0.4785321,0.06277741,-0.092052706,0.23521742,0.011532111,0.023705553,0.06714525,1.3414693,0.6163733,0.3046042,0.2431868,0.060177818,-0.03247253,-0.4028393,0.031310096,-0.282718,-0.012789021,2.5730338,0.25523454,0.07044042,0.044724915,-0.11688172,-0.0061234185,-0.0038362464,-0.0055904957,0.0030010934,-0.0017755608,0.05549736,0.007553287,-0.005296964,-0.030969037,-0.08876041,-0.018592754,-0.048862804,0.0023415026,-0.06369198,-0.030530103,-0.012798898,0.019268157,0.0463101,0.010835351,-0.018923042,-0.028024614,0.032519355,-0.102428526,-0.29981342,0.0076568094,-0.12224859,-0.05390802,-0.0066204644,0.02757319,-0.011897443,0.012860051,0.008337244,-0.00436914,-0.011070416,-0.0005230287,0.2043005,0.003178706,17.025059,0.28993964,-1.671554,-0.056012582,0.0,0.0,0.036791977,-0.015079779,-0.01207037,0.012115169,-0.004094491,0.006333719,0.0015464487,0.009985715,0.06947774,0.03358944,-0.05062799,0.020057943,-0.0038556126,-0.005662937,1.2380681e-05,-9.346887e-05,2.079632e-05,-5.7399142e-05,0.03875134,-0.025624681,-0.02263557,0.010258139,-0.16040684,0.020756213,0.03461846,score_roll3_mean,
ISR,0.010546551,-0.13083486,-0.4370268,0.021145,0.21379909,-0.028526824,0.26832575,0.06553435,0.34299272,1.4179636,0.4813447,0.32240525,0.17052412,0.08848688,-0.029758751,-0.26705673,0.035827406,-0.08646395,-0.0048449347,2.9901412,0.29340062,0.06640323,0.04924954,-0.19708452,-0.028384209,-0.0012585298,0.008295048,-0.00021603331,0.0023830836,0.030640638,0.014668034,-0.008975019,-0.041429754,-0.033860937,-0.008555741,0.016447686,0.036310505,-0.029743813,-0.03332889,-0.0281845,-0.013098612,0.025948921,0.01423619,-0.051552292,-0.016282635,-0.032758553,-0.08205868,-0.049188524,0.018379712,-0.065509595,-0.030601177,-0.03659518,0.017863337,-0.012562538,0.0054789074,-0.0005810413,-0.0065393075,0.0062428685,-0.0028510585,0.22901121,0.0011742195,19.139261,0.2426837,-1.4325429,-0.060552124,0.0,0.0,-0.14180605,-0.058185734,0.045300134,0.025257664,0.0016635808,-0.017692637,0.0038290168,-0.008352346,0.09594572,0.015482201,-0.0065243216,0.007663279,0.0061907573,0.00539137,2.5784662e-05,-9.599297e-05,3.1008898e-05,-0.00021800963,0.0011188805,-0.0014850815,-0.011372842,-0.00023746376,0.18724757,0.0014934383,0.012147048,score_roll3_mean,
ITA,-0.0037957611,-0.049104366,-0.051061414,0.06354232,0.42537057,0.1442964,0.33127674,0.018755298,0.41433457,1.5019633,0.584362,0.26358816,0.078600004,0.06320056,-0.033185203,-0.37045774,0.06479286,0.9644768,0.25003493,3.2275887,0.29458815,0.10526547,0.046465,-0.013746445,0.0019048862,0.00086905237,0.0374544,0.032504406,0.004502069,0.053172898,0.0149497995,0.015666246,-0.043084923,0.019503102,0.037529055,0.33405215,0.13840088,-0.014858093,0.033179432,-0.01350837,0.027358556,0.005907565,0.00047974763,-0.042987667,-0.0258127,-0.046050526,-0.0021952956,-0.0590163,0.05050318,-0.09071475,-0.024978971,-0.032930918,-0.0016285047,-0.017292978,0.0013616388,0.0019361157,-0.0049349233,-0.0055716117,0.0019464837,0.24174716,0.0016918428,29.667524,0.0053488603,-0.39287096,0.021507833,0.0,0.0,0.0021466152,0.010118926,0.043030087,0.087234765,0.010523152,0.013267213,0.0038524084,0.036507506,0.10114011,0.001338943,0.024691908,0.022185817,0.018386865,0.004205839,2.3286697e-05,-0.00010674034,3.3583157e-05,-0.00017885555,0.013111199,-0.024165852,-0.0013190935,-0.0009217381,-0.14808625,-0.0006375073,0.19672891,score_roll3_mean,
JAM,-0.034407523,-0.20789012,-0.24512383,0.05092416,-0.08556236,-0.050591413,-0.03310077,0.014476959,-0.1369564,0.7295013,0.60143703,0.23496406,0.044874806,0.07184882,-0.031463794,-0.53885084,-0.027544782,-0.06923112,-0.009441302,-0.088665694,0.25340292,-0.0015391055,0.0039121215,-0.032047205,0.054026287,-0.0016908885,-0.0033646168,0.0028614707,-0.0022297273,0.03878693,-0.007647984,0.0004175046,-0.010867508,-0.095469266,-0.005968937,-0.087323114,-0.02790984,0.00777594,0.020222168,-0.020961575,-0.030985536,-0.014201768,-0.0020026828,-0.04150284,-0.022608347,-0.025086058,-0.008536801,-0.06569756,0.015658367,-0.069463395,-0.015645966,0.044855222,-0.04423544,-0.0019893183,-0.004468907,0.002088508,0.0024143623,0.007094848,-0.0055457465,-0.031246241,0.0038581896,2.6695902,0.4025939,-1.0279585,0.0125532495,0.0,0.0,0.055028647,-0.00021554982,0.011258296,0.009421809,0.011021205,0.013296124,0.0016409359,-0.00095477625,0.0056609795,0.042334065,0.0039539314,-0.0048004864,0.004666653,0.0024811362,1.0553371e-05,-0.00012494794,4.223504e-05,-0.00019933142,0.0006254701,-0.01692604,-0.017668935,-0.008302701,-0.0280786,-0.015801825,-0.010844348,score_roll3_mean,
JOR,-0.03314139,-0.21889612,-0.26239547,0.06812929,0.33449686,-0.047447782,0.21347015,0.041316368,-0.04684072,0.3854223,0.45709828,0.07545716,0.09931359,0.06969914,0.022880506,-0.39037344,0.3967045,0.0011935707,-0.005358478,-0.10392034,0.24318327,0.032518834,0.025660245,-0.041053597,0.076740146,0.00030285487,0.0012019915,-0.001587638,0.000726574,0.069540724,0.014086264,0.00016388498,-0.0072872667,-0.007772305,-0.0063868845,0.039580517,0.02152056,0.0033451845,0.022140628,0.03224783,0.09538865,-0.0068814373,0.0063671726,-0.031403568,-0.022130864,-0.015201326,0.007668397,-0.0907036,0.0060313274,-0.03924264,0.003467315,0.02552145,-0.0055574244,3.5819063e-05,-0.0010000397,0.0029154331,0.0005878814,0.005496928,0.007279833,-0.049178537,0.004288073,3.9693043,0.027172597,-0.2867966,0.023488482,0.0,0.0,0.06536519,-0.0005869477,0.0014382094,0.05481157,-0.005420969,-0.009262418,-0.0067337644,0.0034205457,0.012718262,0.024014512,-0.0108432695,0.016659912,0.0005518699,-0.004631463,1.621193e-05,-0.000116079136,4.223504e-05,-9.659499e-05,0.030255217,0.0086870575,-0.012582161,-0.005202845,0.06898429,-0.0013434332,-0.0035546224,score_roll3_mean,
JPN,0.019799512,-0.04153361,-0.035356864,0.04389803,0.37565175,0.16737778,0.31772405,0.010083165,0.44174856,1.5465516,0.64156836,0.313239,0.13359138,0.07626572,-0.03017699,-0.36738628,0.062455043,0.71577024,0.034823086,3.1055655,0.28977224,0.01912167,0.054114964,-0.036134712,-0.011037653,0.00071707356,0.020411948,-0.006660909,0.0046999315,0.0039545214,0.009901696,0.004161831,-0.054367423,0.019801361,0.012800736,0.20545973,0.13781393,-0.015029327,0.003871825,-0.009071607,0.025580576,0.020234954,0.0033119337,-0.034237385,-0.020781007,0.026990168,-0.08307546,-0.14364262,0.051658098,-0.09212705,-0.044495054,-0.028405664,0.020099284,-0.016792005,-0.015425062,0.0024707308,-0.0031953421,0.0019402837,0.011743483,0.28755045,0.0025344235,28.237232,-0.010281434,-0.5017589,-0.002717096,0.0,0.0,0.013090415,0.0006706246,0.08150302,-0.0035426684,0.0018777344,0.01201792,0.003925706,0.017331667,0.102836,-0.0097282585,0.022011695,0.019392852,-0.0024547079,0.0020619673,2.6648095e-05,-9.557995e-05,1.9892062e-05,-0.00019161134,0.0060007633,-0.010594172,0.00198742,0.019362858,0.21248972,0.0012644739,0.006078098,score_roll3_mean,
KAZ,-0.044436138,-0.26538405,-0.0029344084,0.00951755,0.22048344,0.04034647,0.16226745,0.07731867,-0.08614581,0.37456855,0.23683695,0.009519584,0.06405709,0.008175139,-0.03445007,-0.57096654,0.07687554,-0.044433106,-0.006742406,-0.09037129,0.3020543,0.072616614,0.052642897,-0.058769446,-0.011908499,-0.0020963151,-0.0066195694,-0.007197184,-0.001318231,0.08992649,-0.006881857,0.0022364159,0.014497498,-0.049418237,-0.030342668,0.03944963,0.015926715,-0.039856248,0.02048596,-0.11646161,-0.05519993,0.0012330466,0.0110613145,-0.0049393713,-0.016464083,-0.01770707,0.04512917,0.010047005,-0.020265859,-0.044244308,-0.0069649015,0.004520575,-0.0047273827,0.0012729927,-0.0070955167,0.0009817245,-0.0015303881,0.004625309,0.004838097,0.04227821,0.0037502532,1.5400171,0.30514216,-0.10800852,0.00847094,0.0,0.0,0.019544924,-0.002339571,0.0062595657,0.035408244,-0.0036408973,-0.011954888,0.0011587063,0.0052150977,-0.0055158557,0.002327399,-4.5202403e-05,-0.028642103,0.008654861,-0.000654374,2.7955532e-05,-0.00012185797,4.223504e-05,-4.3964188e-05,0.005473989,-0.028668439,0.01849562,0.08929103,-0.015778,-0.0118597075,0.04747714,score_roll3_mean,
KEN,-0.03168743,-0.25337893,-0.03404053,0.045124896,0.2823435,-0.026016343,0.24388552,0.010280572,-0.09442903,-0.0055834954,-0.3605139,0.108818755,-0.06279451,0.014450656,-0.039172858,-0.4317976,0.035119023,-0.01062153,-0.0050180717,-0.1522609,0.03830992,-0.045566592,-0.14517793,-0.02892783,-0.016926875,0.0010743568,0.0011145803,-0.0010909981,0.0038026813,0.028377388,-0.088333696,-0.011298958,0.006254264,-0.012842675,-0.008037123,-0.015994254,0.02923371,0.007940827,0.0020704092,-0.015464248,0.0066973,0.012751247,0.0034090497,-0.005538831,-0.015650708,-0.030838719,0.028518356,-0.05929437,-0.010417041,-0.033790793,-0.026458144,0.018124847,-0.009760359,0.0075267325,-0.0024502939,0.03650041,0.0034275292,-0.0018221883,-0.0019739547,-0.058765333,-0.002961379,-1.026204,-0.06458792,-0.41105095,0.0016948998,0.0,0.0,-0.031927023,0.0024075971,-0.01916474,0.05375814,-0.004945839,0.018909758,-0.0011337161,0.0014137169,-0.0028717208,-0.0016745452,0.014126795,0.0052793133,-0.04643774,-0.0022940028,7.966557e-06,-0.00012393156,4.523847e-05,7.7343575e-05,0.0027302168,-0.009074584,-0.016875006,0.00018788315,-0.024060797,-0.012626842,0.02460585,score_roll3_mean,
KGZ,-0.050525047,-0.35625738,-0.10046416,0.016319962,-0.11063182,-0.0332979,-0.013832513,0.031955764,-0.07414976,-0.49661133,-0.51433194,-0.04742109,-0.09185313,0.023404177,-0.094300106,-0.63306737,-0.03178543,-0.03889764,-0.0060016136,-0.09805418,0.070152745,0.024864629,0.041912183,-0.06178069,-0.0009150205,-0.001162142,-0.004337031,0.0026971812,-0.0009998776,0.068285085,-0.011072836,-0.013888483,0.012972872,-0.21589679,0.005134912,-0.040949304,0.03503553,-0.010194481,-0.0094619915,0.007351869,-0.0051470855,-0.0022088047,0.016178573,-0.03543386,-0.032679565,0.06273933,0.015376453,-0.0966434,0.007566021,0.013371858,0.0028372433,-0.00017060524,-0.010441005,0.0029823445,-0.008915764,0.030471606,0.00057925214,0.00927438,-0.0016335301,-0.10461252,-0.0025020775,-7.1656756,-0.04008619,-0.4766397,-0.17384711,0.0,0.0,-0.011952006,-0.0023210547,0.0048738504,-0.0145714525,-0.0036351434,-0.038339343,-0.0016302464,-0.059377592,-0.0023038965,0.0050496776,0.0014539058,0.008762757,-0.008329159,-0.022526113,2.1999844e-05,-0.00022490814,6.088132e-05,6.0448787e-05,-0.014604289,-0.010978501,-0.012299392,0.00032147206,-0.036747795,-0.009194317,-0.15711099,score_roll3_mean,
KHM,-0.036783617,-0.33695132,-0.08308753,0.0039306586,0.41270223,-0.03506849,-0.0015595305,0.04398262,-0.0734206,-0.045654945,-0.5498127,-0.032092854,-0.11040734,0.016790412,-0.07249879,-0.60574394,-0.03005042,-0.03419565,-0.0043579084,-0.12808402,0.20596747,-0.06268256,-0.07687326,-0.025180181,-0.010434385,-0.0014552298,-0.004131169,-0.0009777511,0.0010723448,0.09057793,0.07323721,0.0010363198,-0.0038372052,-0.2099232,-0.016033594,0.01818387,0.049502857,-0.011533838,-0.006792171,0.004969689,-0.00406993,-0.0020225933,0.021581398,-0.0055619227,-0.015631175,0.0130764125,0.056584343,0.01611167,-0.014031039,-0.03776886,-0.016866539,0.0038410053,-0.00937111,0.0064161643,-0.0007103299,0.031416375,0.007059266,-0.021555841,-0.00431259,-0.109479584,-0.0052871923,-6.9916744,-0.021333441,-0.30477628,-0.024872676,0.0,0.0,-0.0045530554,-0.007103281,0.02738275,0.053084925,0.009563405,-0.029333787,-0.0004580747,0.015165809,0.009997455,0.0290598,-0.0588569,0.008523261,0.026870556,-0.01696073,2.3843366e-05,-0.00025500736,6.088132e-05,5.928324e-05,0.0059619728,-0.015323952,-0.12185368,0.0058067967,0.038782552,0.00579686,0.0060027824,score_roll3_mean,
KIR,-0.03914066,-0.14625749,-0.051358864,0.11348916,-0.115663216,-0.022709247,-0.2253031,-0.014956868,-0.13007112,1.1233989,0.6746384,0.1918832,-0.028340362,-0.1107103,-0.043928932,-0.663672,0.13659473,-0.05416098,-0.010382293,-0.1303905,-1.2402271,-0.07750062,-0.10143494,-0.018323876,0.0032258034,-0.0061289757,-0.0059051886,0.0036971306,-0.001138173,0.10801595,-0.032105274,-0.0018249801,0.013874342,-0.00288286,-0.0028823968,-0.029513918,-0.012754728,0.026440436,-0.0102628395,-0.034057546,0.0010909932,-0.01774367,0.013077541,0.011121557,0.074415565,-0.098972276,0.044772673,-0.18934512,-0.031311158,-0.13342728,-0.11032302,0.014777158,-0.008070768,0.0055333483,-0.006739929,-0.04405463,-0.018903825,-0.040810354,-0.0058083404,-0.08109382,-0.017915273,-1.6735436,0.2826089,-0.37677348,0.01227431,0.0,0.0,0.043687187,0.014103932,-0.015393126,-0.036368005,-0.0030098094,0.022232,0.0013877244,-0.0010704307,0.0026914962,0.029566778,0.025549227,0.038132813,0.054213814,-0.028580625,2.2031167e-05,-0.00030390217,5.2914846e-05,-0.00013508592,-0.005879447,-0.02822386,0.051163234,-0.016117724,-0.06292297,-0.0032419937,0.24342,score_roll3_mean,
KNA,-0.09124136,-0.28118318,-0.11104543,-0.012176157,-0.19790642,-0.045533445,-0.17137961,-0.030399391,-0.06629221,-0.54185194,-0.73504007,0.020475347,-0.27335915,-0.10865426,-0.10819439,-0.96774924,0.09583015,-0.038024794,-0.01218926,-0.14244963,0.15270346,0.03164795,0.046185296,-0.06092537,-0.022506488,-0.0009850748,-0.004145915,0.0020516987,-0.001180821,0.08857141,0.03741219,-0.0019715952,-0.07348178,-0.1782587,-0.005359375,-0.033172697,-0.040065985,-0.0009670344,0.009414965,-0.079058185,-0.027127037,-0.045491524,-0.031289477,-0.010285091,0.027636355,0.024923055,0.02048757,0.049822565,0.0032469619,0.07998011,0.040397152,-0.0005686471,-0.002776415,0.0076066325,-0.0016015993,0.0022091274,-0.018381255,0.009445316,0.0047321324,-0.0046495143,-0.0011443483,-5.529762,0.17815518,-0.3192816,0.0060163666,0.0,0.0,-0.015756492,0.0071414667,0.04173485,-0.08817775,-0.02519221,0.01185998,0.00037518694,0.0029503312,-0.027280184,0.01134613,-0.09429129,0.003976014,-0.040747546,-0.0017218607,1.5715274e-05,-0.00026976306,-0.004138433,-0.037561063,-0.006157156,-0.051011875,0.035550456,-0.0032477619,-0.055147167,-0.042968936,-0.02764786,score_roll3_mean,
KOR,0.048648685,-0.07900388,-0.34587148,0.009591218,0.41269144,0.17152186,0.31318423,0.031442177,0.38750848,1.3920646,0.600509,0.22574776,0.1754005,0.049266867,-0.032230947,-0.31940323,0.06455775,0.19841509,0.02800429,2.7835019,0.28546688,0.0003649089,0.08629294,-0.11528932,-0.0031838675,0.011617221,0.015066811,-0.007093509,0.0046919957,0.04718667,0.055234145,0.0011749042,-0.05177983,0.022758087,0.0137712695,0.25187778,0.1396233,-0.013424608,-0.043212913,-0.028694315,-0.0037193284,0.027947344,-0.0014642912,-0.040516064,-0.00087560486,-0.016257403,-0.060244236,-0.06734592,0.02925805,-0.06852286,-0.050214607,-0.04217285,0.005456912,-0.013067402,0.008291946,0.0041397107,0.0053839115,0.0021815184,0.012225814,0.24070434,0.0016537282,23.461187,0.042539343,-0.95034564,0.012227301,0.0,0.0,0.058923513,-0.032843202,-0.028474946,0.06909095,0.011635216,0.0059395647,0.0038417368,0.0018753515,0.07805808,0.05177631,-0.01803481,0.0088200895,0.007803539,0.026739359,1.33989015e-05,-8.938281e-05,3.1008898e-05,-2.687243e-05,0.0048373123,0.021090643,0.011767638,0.033944983,0.25697353,-0.0032158596,0.028675288,score_roll3_mean,
KWT,-0.03953538,-0.214357,-0.10055841,0.08275179,0.2242577,-0.005129606,0.035137296,0.015842678,-0.058752295,0.018740606,0.405465,0.039996162,-0.0704371,0.02062905,-0.041307062,-0.42006153,0.31342936,0.0061245123,-0.0068787877,-0.06728127,0.33828324,0.049110394,0.03723803,-0.041247457,0.013221934,0.009097225,-0.0036618588,0.0029279492,-0.0012209843,0.13215704,0.15376522,-0.004224398,0.030090451,-0.004761638,0.013716774,-0.039066263,0.0072634066,0.010533362,0.0025808853,0.01482598,0.06956473,-0.0032619329,-0.0029002035,-0.0059751393,-0.0085065225,-0.0150112435,0.029123694,-0.039019264,0.07277972,-0.00062601536,0.0398971,0.022717508,-0.026988098,-0.004388155,0.012087192,0.0002841418,-0.0021043303,0.00499005,0.010455401,0.14596258,0.0019407157,6.5555553,0.116441935,-0.6695584,0.02301531,0.0,0.0,-0.008109916,0.011490696,-0.020467449,0.051408663,2.3660552e-05,-0.008669201,0.0018008457,0.0050317226,-0.00268489,-0.0106783835,-0.07290044,0.0077133193,0.1716024,-0.017077973,2.0129553e-05,-0.00010840234,4.523847e-05,6.9081936e-05,0.0092072515,0.021868892,-0.06250795,0.065285124,-0.026201049,0.0035139578,0.00038864464,score_roll3_mean,
LAO,-0.038658764,-0.34296235,-0.10913597,0.020711051,-0.07707909,-0.023336343,-0.08027026,-0.028383598,-0.06576449,-0.13489503,-0.5095243,-0.032345414,-0.05139202,-0.03352417,-0.17132996,-0.8400636,-0.051763367,-0.03155372,-0.0040124743,-0.12450007,-1.4250617,-0.069655694,-0.0323002,-0.065990366,-0.012828631,-0.0009010876,-0.005085766,-0.003563995,0.0012309471,0.022004161,0.021544501,-0.004500144,-0.0034975337,-0.11768682,-0.02937804,-0.02276527,-0.032859094,-0.007782214,0.004334156,-0.05741492,-0.014072558,-0.041350123,-0.020122789,0.008918453,0.04292148,0.045323145,0.035465494,-0.088174455,0.0026872202,-0.036806967,-0.026906613,0.0018462854,-0.016200475,0.01518567,-0.008411251,0.002833692,0.0069731125,-0.015990814,-0.004072512,-0.25408146,-0.0033140078,-10.740758,0.043999378,-0.3067807,-0.020026622,0.0,0.0,-0.012007268,0.0026583073,-0.0034808996,0.08847261,0.0039345967,-0.012135592,0.00013739381,0.00764032,-0.004867723,0.0019105298,0.0062677376,-0.07447895,0.055444505,0.001503211,1.6853965e-06,-0.0007775224,6.1917744e-05,1.6618844e-05,-0.021047127,-0.014186372,0.049400628,0.043423623,-0.08803524,-0.039326124,-0.06679089,score_roll3_mean,
LBN,-0.04517377,-0.30217963,-0.07962431,0.061652303,0.27837047,-0.04334549,0.25830102,0.014690277,-0.04112325,-0.29295272,-0.5151258,-0.031750508,-0.13277826,-0.06890797,-0.053615145,-0.6908802,0.05100241,-0.02164158,-0.0049907537,-0.07182043,0.29003662,0.004971214,0.0059632156,-0.034872532,-0.014972537,-0.0016578488,-0.0023805443,-9.631307e-05,0.0017452661,0.03208737,0.07197687,-0.0071733133,-0.09594768,-0.037313562,-0.008431329,0.01339679,0.07635405,0.005382055,-0.009230044,0.00798055,0.008878714,-0.0028786731,-0.008662888,0.0058239745,-0.016311064,-0.006275808,0.05120297,-0.014051088,-0.016994063,-0.0006779622,0.0096147545,0.020644678,-0.0055683865,-0.019001482,0.019682534,0.004287671,0.0022128958,0.00674984,0.0017714712,0.15945594,0.0025114666,-0.40908337,-0.014640043,-0.32387584,0.00035217468,0.0,0.0,0.0182802,0.0016171985,-0.03271355,0.0339888,-0.008767438,0.0037751507,0.005798477,0.0069225742,-0.0043475116,0.0039077722,0.016232751,-0.0017129714,-0.06092211,-0.04487931,1.951531e-05,-0.00015003553,4.523847e-05,4.6064888e-05,-0.005671836,0.0070080864,-0.008573833,-0.01495725,0.0075456365,-0.0058861063,-0.021974385,fh_combined_score,political
LBR,-0.07282873,-0.30136248,-0.10630296,0.012317002,-0.15281259,-0.026745347,-0.12684365,-0.007607214,-0.074896716,-0.3695474,-0.46378353,-0.032317802,-0.28369942,0.0074120057,-0.20800431,-0.88708013,0.1068522,0.02109412,-0.017004458,-0.25243825,-1.152462,-0.05738058,0.005547454,-0.038775787,-0.018029114,0.009986477,-0.0042401296,0.0024441313,-0.0005099926,-0.03187046,0.015526837,-0.0015463438,-0.005489353,-0.15313914,-0.023792835,-0.031127345,-0.011862745,-0.017461207,-0.007183612,-0.06418774,-0.03354517,0.0040377453,-0.025914159,-0.014005899,-0.052311953,0.0030437883,0.025551185,-0.11646443,-0.05552976,0.024312546,-0.018066294,0.0076972344,0.0031384956,-0.034223415,-0.0082304925,0.0021212173,0.0044812635,-0.037255127,-0.0033377283,-0.16182199,-0.005000434,-8.570275,0.5665245,-0.7110794,0.0071089645,0.0,0.0,-0.028742975,-0.0055166557,0.014214322,-0.10936102,0.064304344,0.060048997,0.0012535494,0.006961451,-0.029503595,0.044588048,-0.026971854,-0.048979346,0.0021744051,-0.008385354,1.3670067e-05,-0.00025557494,6.088132e-05,7.220151e-05,-0.03025968,-0.0081959,0.011710625,0.0049019465,-0.019212354,0.0006660454,-0.17028658,score_roll3_mean,
LBY,-0.06197209,-0.51657915,-0.12053217,-0.0075703943,0.41873083,-0.04122735,-0.006294256,-0.028314373,-0.07201798,-0.65801704,-0.6743512,-0.04410907,-0.25243482,-0.09118962,-0.07953902,-0.84869385,-0.021045106,-0.031681664,-0.0060735247,-0.0823676,0.34417015,0.003207689,0.041496657,-0.02787975,-0.0042108693,-0.0012703433,-0.005256956,-0.0012863511,0.0006899641,0.038829267,0.031237919,-0.0018763284,-0.09403334,-0.26831955,-0.0015406564,0.015225246,0.11709933,-0.0019011192,0.009348479,-0.015512466,0.00038391244,0.024565546,0.013384442,-0.0014496357,0.046245866,-0.005641696,0.011667256,0.028308447,-0.0042060246,0.087102585,0.029969145,0.019783834,-0.0045950157,0.0009043674,-0.030355075,-0.0073636645,-0.017685868,-0.0101446295,0.0041401265,-0.14938849,0.002241039,-9.191899,0.104747385,-0.086402304,-0.014887202,0.0,0.0,-0.0068686227,-0.0044167875,0.00323985,0.0795498,0.0022428974,0.008376426,-0.0075673168,-0.24289182,0.01956884,-0.1336186,-0.012540899,-0.11337196,-0.02427148,0.0026816982,2.8154333e-05,-0.0001941576,6.1917744e-05,0.00022991348,-0.006707753,-0.012848366,-0.00623665,0.0030282652,-0.03133813,-0.005430842,0.027808715,score_roll3_mean,
LCA,-0.046710417,-0.18342775,-0.30480286,0.0741089,-0.104260914,-0.06619478,-0.1262546,-0.00023702995,-0.11948625,0.8067322,0.8154017,0.36878455,0.06531272,0.036915943,-0.038477775,-0.5693255,-0.012966775,-0.06731905,-0.0052518477,-0.055376574,0.19920143,-0.04592147,-0.015526593,-0.039066695,-0.0660881,0.00016532958,-0.00603017,0.0038491732,0.002448804,0.04410243,0.09374872,-0.0012742807,-0.0076475963,-0.08987427,-0.00799648,-0.112298034,-0.016998833,0.030469576,0.042981915,-0.0049184132,-0.034934487,0.031700194,-0.010234478,-0.022305777,-0.027724352,-0.034295965,-0.04097135,-0.09175688,0.024680931,-0.049183745,-0.013795496,0.040601574,-0.02176038,-0.0026195464,0.018121233,0.012077027,0.005339846,-0.0025495163,0.0016861878,-0.03037778,0.0015519947,2.6992652,-0.035547115,-0.8867272,0.0140672205,0.0,0.0,-0.010891972,0.002948934,-0.0016792889,-0.013510603,0.015441568,0.014777788,0.0016526827,0.010959723,0.011170184,-0.009184785,-0.042323824,0.016216148,-0.011607789,-0.07611599,-0.008592593,-0.00030201385,-0.0067919428,-0.0011857944,-0.0017571044,-0.011919103,0.0782964,-0.016877986,-0.0013605608,-0.00929453,-0.03492738,score_roll3_mean,
LIE,0.012179042,-0.11881421,-0.45868602,0.07731619,-0.09446012,0.2616162,-0.049904257,0.025361605,0.22333898,1.4445603,0.6853995,0.3284286,0.29918483,0.08376764,-0.034426004,-0.47744915,0.109241605,-0.11402912,-0.002600029,2.780503,0.36899495,0.08119741,0.03650663,-0.06313489,0.0032945476,0.015910178,-0.011329484,0.0040134997,0.0002766711,0.062300645,0.010055381,0.004213241,0.0072247144,-0.089879446,0.0022537448,-0.051512666,0.0068140463,0.02164126,0.018525133,-0.023075584,-0.007865606,0.072302446,0.0065210327,-0.024517465,-0.027597696,-0.042791795,0.09684885,-0.25700712,0.00022542376,-0.09775126,0.08398105,0.049968313,-0.00096364634,-0.017724782,0.014240794,-0.005227114,0.00057784026,0.040702056,0.005815006,0.21166047,0.004238979,17.02636,0.34517485,-1.2946,0.009354053,0.0,0.0,0.6222764,0.0065551884,0.061097324,0.012047297,0.013743517,-0.0013701206,0.0019499332,-0.0024853807,0.08593942,0.087699704,-0.0010490663,0.015026407,-0.030661196,0.04685325,2.7297114e-05,-0.0001327143,3.1008898e-05,-5.513064e-05,0.05381665,-0.011785201,0.09540446,0.003647106,-0.09507425,-0.074549444,0.17981438,score_roll3_mean,
LKA,-0.058013804,-0.24016096,-0.12905298,0.036930755,0.35699826,-0.021244245,0.25133383,0.035741303,-0.02991332,0.32708043,0.28479958,0.10450635,-0.12202558,-0.06114934,-0.029741693,-0.4552764,0.08376056,0.010174141,-0.009898651,-0.07407347,0.31941852,-0.022694541,0.027685871,-0.03233374,-0.09438293,0.00025738176,0.0026223282,-0.001411178,0.0014267024,0.06646976,0.1275007,-0.004172395,0.015776725,-0.028020486,-0.009881894,0.056213968,0.027764937,0.025847243,0.02943725,0.020370979,0.08776147,0.023415472,0.005578294,0.007464255,0.02045769,-0.048629098,0.029725883,-0.0023677805,0.016530408,-0.05409248,-0.0002749284,0.027191719,0.004577738,-0.011856719,0.017267585,-0.0050370363,0.0021339625,0.0058607035,0.0010491451,0.17042258,0.0058410596,2.7694466,-0.007198085,-0.22040306,-0.010875472,0.0,0.0,-0.0006065109,0.007342917,0.007422303,0.061389945,-0.0063463976,-0.012709306,0.0016078001,0.012318626,0.005312481,0.0208563,-0.010216978,0.006370454,-0.021566432,0.005313276,8.000634e-06,-8.981384e-05,4.3271462e-05,-3.2593762e-06,-0.0071862363,0.01844827,-0.017311769,-0.030769436,-0.026898509,0.003331991,0.011766463,score_roll3_mean,
LSO,-0.09422251,-0.079566784,-0.1345995,0.046073887,-0.1288013,-0.03093136,-0.091944456,0.005391504,-0.12696736,-0.058836777,0.3763658,0.0861388,-0.26129413,0.011976116,-0.115430765,-0.8014357,0.09113954,-0.012691298,-0.008851379,-0.2730236,-1.3281748,-0.077268,-0.029038884,-0.05323238,-0.013006587,0.017174534,-0.0075622653,0.002904961,-0.00078301545,0.07839451,0.041725706,0.0013324278,0.014996511,-0.09115513,-0.022189375,-0.02454357,-0.01819988,-0.0082204,-0.0041561676,-0.056815606,-0.019724349,0.0075553185,0.037086822,-0.009719616,-0.041602604,-0.1980932,0.015809307,-0.1010549,-0.0396196,-0.040940605,-0.0473361,-0.013037271,-0.0015365762,-0.022119556,-0.0020883796,0.0027945954,0.005897805,-0.03643009,-0.006544852,-0.053564318,-0.043904666,-5.28599,0.6787971,-0.70571446,-0.035179906,0.0,0.0,-0.07817699,0.004694091,-0.031602282,-0.10089819,-0.008234516,0.07592093,0.0017930098,0.0569803,-0.0048836772,-0.021020368,-0.016964417,0.0025243515,-0.035493955,0.0031351852,2.4081652e-05,-0.00020945823,6.088132e-05,2.8856217e-05,0.024838509,-0.015101446,0.0024740417,0.0047799964,-0.0440941,0.0011037602,-0.07563487,score_roll3_mean,
LTU,-0.006253509,-0.1577927,-0.07538224,0.03440977,0.17874116,0.44151482,0.28207386,0.01658049,0.3029042,1.4517809,0.69989216,0.2259729,0.12225871,0.089381896,-0.03247909,-0.51096904,0.06028119,-0.04726035,-0.006827096,-0.055189066,0.36574706,0.065184504,0.07086788,-0.14477132,-0.00849439,-0.0035490678,-0.0054652067,-0.00027736498,0.02980767,0.080150485,0.02395883,0.02690597,-0.025736962,-0.0072038886,-0.020529598,-0.00090544956,0.01590471,-0.009047795,0.012436775,-0.006251586,-0.006272823,0.011237244,0.015882328,-0.036191728,-0.03219703,-0.026059648,-0.10406787,-0.24591061,0.07540939,-0.09308979,-0.035218827,-0.035284013,0.011120313,-0.0029834374,0.007731406,-0.013885058,-0.0034108665,0.02501142,0.011898493,0.23748542,0.002941492,12.756262,0.16672315,-1.7322396,0.030036874,0.0,0.0,0.054025047,0.0047982093,-0.02706482,0.017565396,0.0069899387,0.013945261,0.0038733631,0.013306854,0.012881748,0.024819883,-0.010002694,0.010484825,0.0064168614,-0.002196666,2.6285425e-05,-9.0988586e-05,3.1008898e-05,-0.00020897808,-0.016456714,0.080884,0.011486485,0.048643053,0.12730399,-0.083245724,0.03466456,score_roll3_mean,
LUX,-0.068257034,-0.1077559,-0.48242307,0.042786505,0.17564373,0.21471077,0.027649038,0.025146052,0.32412913,1.3001791,0.5530814,0.29397658,0.32190144,0.08719005,-0.032736167,-0.3581927,0.03520378,-0.23194055,-0.02357065,2.3152864,0.24819554,0.042169545,0.04274017,-0.110037796,-0.0015803046,-0.0018320178,-0.0059401365,0.002971475,-0.0018110829,0.044932235,0.04284545,0.012782415,-0.02983397,-0.07196337,-0.012249351,-0.016826624,0.016586669,0.007259395,-0.000821121,-0.006872507,0.01224316,-0.017156133,0.0028205914,-0.033131346,-0.04858191,0.021897787,-0.14659403,-0.39711496,0.031098621,-0.17007968,-0.05004496,-0.035624035,0.017471919,-0.011801601,0.012296646,-0.006048773,0.007697398,-0.002156292,0.00064352085,0.24393173,0.0033454562,16.580795,0.31822667,-1.5707004,0.017463295,0.0,0.0,-0.005131361,-0.010515862,-0.07128026,0.042290095,0.006378444,0.0063061146,0.003835548,0.0088860355,-0.155423,0.06428565,-0.0061888895,0.025485527,-0.013288119,0.013713638,1.013123e-05,-0.00010182768,2.079632e-05,-5.2093983e-05,0.005123067,0.040454634,-0.011634025,-0.00024206344,-0.13511866,0.021069262,0.055646446,score_roll3_mean,
LVA,-0.026544744,-0.11033461,-0.05404619,0.07384751,-0.03838313,0.4348153,0.20236422,0.0175676,0.18080017,1.417118,0.7873518,0.28742188,0.16959244,0.08154954,-0.03635828,-0.5062221,0.046471905,-0.054110255,-0.007628929,-0.053093534,0.35786945,0.070435904,0.09059709,-0.07310891,-0.00828717,-0.0023561853,-0.0057694567,-0.0005132088,-0.02114073,0.11005634,-0.056698196,0.0062868693,-0.018551324,-0.03586498,-0.010686185,0.0077909916,0.010326929,-0.019116737,-0.0030683982,-0.003743938,-0.0047211954,0.05416865,0.026795508,-0.028791139,-0.03556789,-0.020229103,-0.04730403,-0.08637009,0.05353423,-0.14177576,-0.03376215,-0.011484632,0.012491895,-0.010867694,-0.0064512137,-0.008656232,0.005585191,-0.002728115,0.0043678037,0.19847599,0.003020182,11.435292,0.23189227,-1.6683916,0.0026136604,0.0,0.0,0.0545193,-0.0012453285,-0.029335642,0.0090730665,-0.0008672335,0.0007751423,0.0016203276,0.0041809487,0.013970528,0.02583211,-0.011605771,0.012179166,0.011998997,0.017376924,1.386811e-05,-8.6781794e-05,3.1008898e-05,-0.00020897808,0.00902433,0.032526918,0.018745568,0.012995666,-0.022571167,-0.0006203262,0.00075056776,score_roll3_mean,
MAR,-0.034659445,-0.23094341,-0.29421973,0.0938908,0.42282903,-0.051592086,0.23175217,0.029319407,0.32636172,0.49154577,0.25343892,-0.008095519,0.06578908,0.093950585,0.0035205076,-0.3304556,0.38395637,0.02398709,0.0075850068,-0.06590305,0.12911746,-0.022683283,0.05813382,-0.03639079,0.06810267,-0.001007698,0.04003633,0.0064864205,0.002701646,0.064226806,0.016691484,-0.005527896,0.010331606,-0.0090485485,-0.0030204428,0.06013306,0.023237415,-0.0013259312,0.027656104,0.035894543,0.06090844,0.025015645,0.0011788592,-0.044608,-0.027169213,0.03182363,0.041892387,0.018714037,-0.009219353,-0.05411965,-0.041545898,-0.0075383866,-0.0032409227,-0.00929477,0.008714164,0.008032766,1.069752e-05,0.0031073468,-0.006673797,-0.081702344,0.005471515,4.383226,0.020846127,-0.200252,0.0066621136,0.0,0.0,0.051663306,0.0069974978,-0.00022979309,0.062501356,0.03375795,0.008979236,0.0015650956,0.064710505,0.02373172,0.02375902,-0.014935002,0.002217072,-0.0072585237,0.010322602,1.9102388e-05,-0.00011590259,4.223504e-05,-2.8980343e-05,0.029288804,0.052252963,0.015144845,0.19286993,0.08909649,-0.005627575,-0.00046733388,score_roll3_mean,
MCO,-0.013935517,-0.21349718,-0.56328684,0.010679537,-0.20892392,-0.03857105,-0.07943073,-0.00034677432,0.18146628,-0.6015203,-0.71750826,-0.0006886341,-0.26886994,-0.09912509,-0.14044099,-0.8356321,0.14323352,0.07816641,-0.030487327,-0.1371539,0.510311,0.1075001,-0.106201686,-0.11736574,0.0033730876,0.01479508,-0.01091269,0.003839245,-0.00089543004,0.16414252,0.26011628,-0.0005771004,-0.079718,-0.065852165,-0.03419821,-0.069313765,-0.029606706,0.00049213384,0.016887484,-0.023551174,-0.009088265,0.059293684,0.027497016,0.0024162356,0.057968143,0.026458682,0.040377732,0.069700465,-0.001446173,0.103239395,0.05775759,-0.073721856,-0.010599309,0.00434459,-0.005058773,-0.097962044,-0.0011476274,0.022752155,0.0064132893,0.11153976,0.00026827442,21.43655,0.6448575,-0.8059398,0.012478205,0.0,0.0,0.22937693,0.031117018,-0.0060257455,-0.023365064,0.0040454403,0.04600855,0.0006744344,0.0076272786,-0.0075462223,0.015047105,-0.05200808,-0.0026358597,-0.0435686,0.0029131307,1.5769885e-05,-0.00025160416,3.534442e-05,0.00019804048,0.004080368,0.03950055,0.11031171,0.0032263838,-0.03881631,-0.13228299,0.17751436,score_roll3_mean,
MDA,-0.05317192,-0.26314467,-0.30144736,0.023007557,-0.04212665,0.06365947,-0.0005408908,0.032030612,-0.05658056,-0.21241625,0.48937646,-0.013662326,-0.043971352,0.014627336,0.0036921336,-0.5157449,0.27275026,-0.01636459,-0.008184719,-0.09336988,0.31145164,0.040698025,0.024423435,-0.041344225,-0.09583526,0.012935514,-0.0046983515,0.0025293974,-0.0017396316,0.02779897,0.018998383,-0.0023713636,0.011762697,-0.056389257,0.006917911,-0.078541055,-0.006488187,0.009083128,0.042097416,-0.034315415,0.009510514,-0.00044582406,0.0030348734,-0.0052065104,-0.019493883,-0.0012077002,0.06455564,-0.0047283075,-0.02623731,-0.003798314,-0.01986894,0.004605147,-0.021125637,-0.0010729259,-0.0015971822,0.0011211303,-0.0020503774,0.0058225067,0.006146564,-0.023727005,0.002506941,3.9119737,0.2568573,-0.8314811,-0.0097314585,0.0,0.0,-0.0062108464,-0.0028702535,-0.01751102,0.0009750231,0.02036916,0.013499358,0.0016212477,0.0035471972,1.0376097e-05,0.02564903,0.006381062,0.0028822154,-0.034432653,0.0006214301,2.3880857e-05,-0.000112322035,4.523847e-05,-2.1839698e-05,0.0118004,0.0330538,-0.014333633,-0.015371943,-0.005045354,-2.2362692e-06,-0.010475696,score_roll3_mean,
MDG,-0.06437833,-0.23565121,-0.08089259,0.016663942,-0.14051785,-0.027490212,0.04679189,0.010518176,-0.07677047,-0.08273585,-0.3534153,-0.017724566,-0.21226916,0.023199989,-0.14507072,-0.8694736,0.070088595,-0.032592013,-0.0049778465,-0.23545073,-0.79391307,-0.078034565,-0.07278389,-0.05685093,-0.009565484,-0.0033666743,-0.006003129,0.0037986676,-0.0011030386,-0.045836255,0.0037927623,-0.0044716108,-0.008850414,-0.074390456,-0.025864808,-0.034292255,0.035262045,-0.024165984,-0.0021489728,-0.05806034,-0.03128564,0.003927436,0.0070005027,-0.009680356,-0.041295987,-0.10635954,0.03915236,-0.038871173,-0.043171357,-0.043211445,-0.033148695,0.014277043,0.006099265,0.008417794,-0.0049283616,-0.07016793,-0.006004476,-0.054580647,-0.0025008284,-0.06888683,-0.010254905,-7.5640097,0.42006817,-0.61171883,0.0073868297,0.0,0.0,0.037169233,-0.004278849,-0.12389522,0.059754703,7.299838e-05,-0.03416355,0.0065612863,0.009557035,-0.024335675,-0.012561304,-0.04730718,0.021539956,-0.079924956,-0.027901586,8.056292e-06,-0.00020485866,6.088132e-05,7.075378e-05,-0.022773948,-0.016517976,-0.098833025,-0.0038437974,0.017509675,0.0010103128,-0.067606784,score_roll3_mean,
MDV,-0.044205613,-0.26528534,0.02174224,0.07538878,-0.062127147,-0.08013999,-0.07518759,-0.005839354,-0.08454605,0.12876557,0.50755024,0.15782931,-0.17608418,-0.0319235,-0.03323428,-0.5838982,0.10229714,-0.024285529,-0.014203096,-0.081924945,0.30288857,0.081511706,0.012568838,-0.045871414,-0.025031589,0.009844334,-0.0055411626,0.034882322,-0.0012468416,0.09069629,0.016353,0.0011839368,-0.014485087,-0.09600344,-0.0045102523,-0.0604811,-0.0021974333,0.007027599,0.022576956,0.009333811,0.04159553,-0.014463058,0.012133251,0.0017723844,0.026141828,0.0003498203,0.012873085,-0.013606764,-0.021782167,-0.039571438,-0.0458852,0.045483917,-0.024448102,-0.019229652,0.012413062,0.0026884312,0.002766402,0.016064167,0.005647483,0.13656977,0.0057192673,1.718575,-0.048400573,-0.26115885,0.011248766,0.0,0.0,0.015830325,0.009087788,0.021857383,0.025224516,-0.008331764,-0.021082189,0.0017584829,0.004620728,0.0013730845,0.0134417275,0.0008026249,-0.0034166984,0.015970504,-0.102173485,3.484317e-05,-0.00019980584,4.6274894e-05,4.953602e-05,-0.006068224,-0.011297369,0.020971963,0.0054551177,-0.0011943183,0.0038372744,0.21231885,score_roll3_mean,
MEX,-0.021844653,-0.12195114,0.0057563675,0.019424211,0.5966352,0.091244034,0.412536,0.025627747,0.3630453,0.052939147,-0.48428422,0.025901955,0.1654239,0.06554908,-0.04766662,-0.4165682,0.06221345,0.69024944,0.15984346,-0.09848838,0.35586998,0.044229012,0.09386042,-0.040198628,0.00631336,0.01226059,0.018153014,0.001796825,0.05307623,0.07212296,0.03294058,0.0031643382,0.08039965,0.007455919,0.018048849,0.060500197,0.075857274,0.0006907367,0.004751386,0.0012951766,0.030740444,0.026480597,0.004136294,-0.026972884,-0.023982957,-0.03893836,0.036121953,0.10301811,0.019083846,-0.031476777,-0.032438558,-0.032370303,-0.0066210893,-0.0010515971,-0.0014299195,0.03176557,-0.0028904374,0.0010933328,0.011745535,-0.06087363,0.0009127432,13.263781,-0.034242358,-0.70045674,0.023236057,0.0,0.0,0.0012409042,0.006555741,-0.009855906,0.011020035,-0.0041853758,0.023338689,-0.0059853327,0.038321726,0.06506558,-0.0054747136,-0.021219866,0.04775402,0.003380177,0.008181636,5.840046e-06,-9.745291e-05,4.523847e-05,-1.0295617e-05,0.006129527,0.058993552,-0.02606489,-0.004574916,0.15559778,0.0071282065,-0.007963094,score_roll3_mean,
MHL,-0.11183821,-0.2553353,-0.14382046,-0.00255442,-0.20328411,-0.03576047,-0.3467423,-0.01450863,-0.076212555,-0.5649929,-0.6862614,-0.00073860417,-0.22644573,-0.14565362,-0.16331017,-0.93162817,0.14792979,-0.046295878,-0.006170639,-0.20638983,0.2695788,-0.023863077,-0.006795681,-0.030421767,0.00035282178,-0.0077791954,-0.005207714,0.0035228415,-0.0011721639,0.089861974,0.09293942,-0.0015142503,0.0014522347,-0.0994574,-0.06406554,-0.036883865,-0.05697091,-0.0012302021,0.001794805,-0.058864135,-0.024719492,0.00085207686,0.027831001,0.008235208,0.050102055,0.02374395,0.03808629,0.056386214,0.0061639813,0.08047587,0.043331396,0.01535991,-0.0014760754,0.009158695,-0.001943951,0.03668508,0.0047537335,0.020883344,-0.007291054,0.038942963,-0.0035559966,-6.983096,0.71066624,-0.4105055,0.016532507,0.0,0.0,-0.03688417,0.005663555,-0.14963888,-0.07906452,0.0021918106,-0.026795922,-2.0459618e-05,0.0040221843,-0.026436567,-0.029160935,-0.07876649,0.00238647,-0.06271805,0.00024263593,-0.009208744,0.021230418,0.00031724642,0.0046106926,-0.013949778,-0.0188162,-0.09359422,-0.006401751,-0.016339898,0.00080878445,-0.062385976,score_roll3_mean,
MKD,-0.049875583,-0.23316982,-0.11851157,0.06450478,0.117460765,0.23622654,-0.025972838,0.010953136,-0.123173594,0.2906674,0.46731442,0.091558404,0.114023045,0.07828322,-0.044149637,-0.6317295,0.031137919,0.01378963,-0.011687534,-0.20119125,0.44592124,0.00488533,-0.07290257,-0.09774667,0.0014431681,0.01109329,-0.01665335,0.0032626046,-0.0019853923,0.057165768,0.020942807,-0.0004726535,-0.0019327314,-0.037564646,0.0095609445,-0.014775234,-0.0004932968,-0.006315025,0.02112026,-0.016099487,-0.010182603,-0.0014015385,-0.017232196,-0.024900561,-0.013826184,-0.004671446,0.053609673,0.017256435,-0.022205025,-0.06868495,-0.04413319,-0.026846126,-0.0015167319,-0.0011572982,-0.00033816337,-0.031142449,0.0116942525,0.008632743,0.004549732,0.15623313,0.0021369313,6.8072505,0.34304672,-1.6096373,0.026258668,0.0,0.0,-0.0021962582,0.01700903,-0.003929783,0.04319197,0.008096782,0.0020471846,0.00070506,-0.008118209,0.03328719,-0.008292724,0.0005534075,-0.019816112,0.023226397,0.021450162,2.6704902e-05,-0.00011133317,4.223504e-05,7.1370605e-06,0.010469381,-0.022805694,0.061999913,0.16118544,-0.02512589,-0.0045104404,0.0063034836,score_roll3_mean,
MLI,-0.073402725,-0.23173317,-0.09665963,0.028184677,-0.15924506,-0.028378608,0.032470044,-0.015175262,-0.07436254,-0.45559722,-0.5871821,-0.018494751,-0.23556039,0.100134514,-0.23107696,-0.79556924,0.03796335,-0.03447642,0.009061532,-0.31712982,-1.533584,-0.07268762,-0.15270987,-0.0266674,-0.0129274,-0.0008301613,-0.003105028,-0.0011210146,0.00046471125,-0.006442866,0.016606987,-0.019490816,0.0006965457,-0.08373392,-0.036354642,-0.040255148,-0.056010824,0.008671684,0.008471764,0.00649658,-0.008373995,-0.0124134235,0.018546404,-0.037884627,-0.04926723,-0.18876155,0.007531924,-0.15324631,-0.15138872,0.0011688417,-0.026527608,0.009469222,-0.011779232,0.007822346,-0.008356663,-0.06404983,-0.0021813968,-0.053605974,-0.0018672587,-0.2620166,-0.01722948,-11.04097,0.096084215,-0.53734034,0.008046149,0.0,0.0,-0.010526341,-0.0035644067,-0.0176565,0.047007564,-0.012302362,-0.06307824,-0.018701786,-0.054843258,-0.009658218,-0.02050044,0.016048865,0.015704257,-0.048264746,-0.014557343,2.8259033e-06,-0.00077543803,6.088132e-05,0.000104676685,-0.0149399545,-0.007388518,-0.104182996,-0.0025796772,-0.061199423,0.00019923318,-0.25696176,score_roll3_mean,
MLT,-0.11783469,-0.13872662,-0.07865852,0.068482466,0.020352162,0.24105518,0.0037037814,0.020651557,0.23055603,1.2608008,0.5311637,0.42606843,0.16791235,0.083928004,-0.03222356,-0.3876923,0.035396196,-0.2782406,-0.0062996787,2.081774,0.29705882,0.055963725,0.049781155,-0.074680105,-0.0026285744,-0.0038717901,-0.0044472823,-0.00090946595,0.029886428,0.09546467,-0.020073852,-0.0029417397,-0.031047547,-0.041594,-0.014624063,-0.007476131,-0.0065859416,-0.05699047,-0.02147278,-0.022295156,-0.004972039,-0.15782845,-0.10943395,-0.0356122,-0.027008088,0.005042357,-0.017116748,0.027777903,0.0457516,-0.11238583,-0.049548674,0.014588489,-0.0008579134,-0.010347198,0.012645487,0.001558835,-0.0008041176,0.00040062767,0.002660559,0.16701011,0.0029575732,11.324389,0.1636667,-1.4316376,-0.0027369282,0.0,0.0,-0.05547025,-0.003197901,-0.012718549,0.013356813,0.0067380155,-0.018063746,0.0038883155,-0.00092274573,-0.16126205,-0.1074902,0.0025005434,0.024495212,-0.001540955,0.021646744,1.434888e-05,-9.402548e-05,3.3583157e-05,-0.00020215909,0.011010496,0.062631,-0.0036261813,-0.002095447,-0.20862825,-0.003047933,-0.042314414,score_roll3_mean,
MMR,-0.030846056,-0.45505172,-0.09975292,0.029917605,0.41114917,-0.008751973,0.071326,0.014257112,-0.075419344,-0.5003511,-0.38629943,-0.054345038,-0.2370942,-0.11940179,-0.20712967,-0.72310364,-0.03249888,-0.034043334,-0.0064771343,-0.18168472,-1.5205002,-0.057334695,-0.0016383479,-0.020956649,-0.021417042,-0.0019976094,-0.0013773738,-0.0017134856,-0.0006402719,0.018354254,0.03260785,-0.0065200496,0.021595804,-0.101715095,-0.02847853,-0.026150642,0.087419756,-0.003955543,0.009448951,-0.054350544,0.00085928576,-0.011160022,-0.014955285,0.013130554,0.03314393,0.045268394,0.015389909,-0.13139512,-0.026904196,0.04030526,0.022485387,0.008969504,-0.00021318137,0.009775333,-0.007981958,0.0034617283,0.004259611,-0.020634264,-0.003633555,-0.30399093,-0.0075444556,-10.600042,-0.036084678,-0.24652067,-0.025066137,0.0,0.0,-0.0109995585,-0.005635943,0.034692034,0.12239314,0.0044151247,0.06736776,-0.0028101082,-0.04693116,0.0106801465,0.059767865,0.009716531,0.025577363,0.013212377,-0.014366382,2.2216263e-05,-0.0007378554,6.1917744e-05,0.00013517654,-0.013886092,-0.009771885,0.027738094,-0.01356305,-0.08358873,-0.028321102,-0.05566776,score_roll3_mean,
MNE,-0.049106367,-0.278099,-0.37502408,0.047020927,0.02294549,-0.045525584,-0.0024044681,0.031399127,-0.13530244,0.38119796,0.52168584,0.021232395,0.09441086,0.060865752,0.009192174,-0.5290175,0.004128809,-0.050171316,-0.005457175,-0.05458616,0.30875275,0.05211808,0.051629525,-0.049846444,-0.0924133,-0.0026026063,-0.006195346,0.0028598956,-0.0020895912,0.061346687,0.008240306,0.0041497163,-0.013219412,-0.06295206,-0.0056377067,-0.043627676,-0.0030490942,-0.010127876,0.06500602,-0.022460433,-0.002881906,0.0013764688,0.011789974,-0.016822537,-0.029664291,-0.0075978828,0.03713385,-0.079455405,0.009031366,-0.049726993,-0.014739685,-0.0023663263,0.0045872293,-0.014643061,0.008647385,0.0007400101,0.002088236,0.004389877,0.013846063,0.17135005,-0.0045523746,2.9610157,0.26829052,-0.99168074,-0.028193038,0.0,0.0,-0.018155478,0.01544368,0.016555144,0.011993893,0.03215542,-0.013026844,-0.0072775874,0.054981418,-0.004012915,-0.015091453,0.030980904,-0.006668545,0.0045448504,0.019961245,2.3181403e-05,-0.00011772101,4.223504e-05,-0.00021319873,0.018527342,-0.018614538,0.09160105,-0.006793737,-0.020154957,0.018895889,-0.006377009,score_roll3_mean,
MNG,-0.05683416,-0.251809,-0.23049186,-0.011721691,0.09753031,0.020883193,-0.017501164,0.07609032,-0.1410193,0.08300538,0.24870856,0.10363746,0.06835948,-0.007678347,-0.03387044,-0.41268823,-0.077679835,-0.044725265,-0.007597933,-0.117465645,0.26854223,0.053763025,0.06829579,-0.035154175,-0.08708065,-0.0032419488,-0.002396692,-0.0012893346,-0.00065133494,0.030989924,-0.008472635,-0.0022638661,0.021099592,-0.07244556,-0.0016016982,-0.046073258,0.005099382,-0.016422417,0.048363946,-0.022303801,-0.01828819,-0.008743983,0.021907406,-0.009213386,-0.010745903,-0.038615614,0.05696754,0.0027480642,-0.0070917574,-0.027265025,-0.052611932,-0.013971603,0.002538744,0.00046848858,-0.002284628,-0.00061058596,0.0022629518,0.000887103,0.031265404,-0.020031476,0.0036171984,2.7543776,0.33281675,-0.890818,0.012864215,0.0,0.0,-0.009506862,0.0018043275,0.0037410622,0.015545629,-0.00600793,0.007937366,0.0017009218,3.246297e-05,0.0071350476,0.010860102,-0.016490966,0.031174421,-0.010465195,0.00524958,1.3703044e-05,-9.8719654e-05,4.523847e-05,-0.00013434366,0.007218595,0.022088787,-0.008920177,-0.007685101,0.038692433,-0.00056730816,0.010202927,score_roll3_mean,
MOZ,-0.08445925,-0.22295281,-0.08864134,0.027944557,-0.112266034,-0.029709723,0.059860766,0.02062258,-0.076425165,-0.43006888,-0.34037068,0.08778157,-0.22531287,-0.0053376188,-0.20370805,-0.6715137,0.100584924,-0.04681774,3.3745426e-05,-0.30661023,-1.3946816,-0.06332305,-0.06901401,-0.02454738,-0.009018572,-0.0013818535,-0.005266003,0.0025955583,-0.00096611143,-0.041776996,0.005530568,-0.004817103,0.001177237,-0.07371287,-0.023989866,-0.033634983,-0.07591225,0.005290167,-0.0036024412,-0.023936236,-0.027066022,-0.005857064,0.0006709485,-0.00042565074,0.029269945,-0.17510681,0.01678243,-0.16636485,-0.13885258,0.02523902,-0.011224314,-0.002160226,-0.0012726791,-0.018137125,-0.009088753,-0.07001235,-0.0008465573,-0.05020548,-0.005812827,-0.27107242,-0.007024117,-10.923648,-0.023830703,-0.545645,-0.007903767,0.0,0.0,-0.027031617,0.006245258,0.0025914405,-0.0023497262,0.0013988896,-0.034441035,0.0016894165,-0.053012934,-0.045820784,-0.2543195,0.016565934,0.019932527,-0.025049621,-0.006206704,2.6853164e-05,-0.0007392977,6.1917744e-05,0.00010837078,0.0015291619,-0.012414288,-0.06568415,0.004165423,-0.0500899,0.009638875,-0.17886059,score_roll3_mean,
MRT,-0.067502104,-0.21724449,-0.11085121,0.004872354,-0.17000431,-0.02445717,-0.13512658,0.027966056,-0.06976394,-0.4820003,-0.64870197,-0.021882977,-0.30802023,0.01578593,-0.16060337,-0.7944454,0.081083536,-0.037459392,-0.0033486784,-0.27382752,-1.2357601,-0.066551134,-0.055627387,-0.028316682,-0.000814116,-0.0006925707,-0.003198862,0.0024471267,-0.0011913013,-0.009968682,0.013061825,-0.0022685817,-0.0022086892,-0.11570085,-0.016325323,-0.03516933,-0.034858603,0.010667244,0.0065939296,0.002774847,-0.023973031,0.0074574654,0.0335992,-0.0061084656,-0.05539002,-0.1102184,0.038856775,-0.11761973,-0.14131634,-0.013389489,-0.029959736,0.0040995404,0.00015826599,0.014438634,-0.009081633,-0.0640296,-0.0045580463,-0.05908351,-0.00038602392,-0.2572505,-0.010523844,-12.056743,0.085231476,-0.54239154,0.008924057,0.0,0.0,-0.034114044,0.0018064198,-0.0143157225,-0.14310615,0.012921964,-0.025968192,0.00036909035,0.0007839116,-0.052223466,-0.25784603,-0.034089245,0.014512359,-0.024242105,-0.013435018,1.0184362e-05,-0.0007478561,6.088132e-05,9.983978e-05,-0.01997176,-0.0037887178,-0.040789515,-0.015057791,-0.036780402,-0.00032680677,0.009502399,score_roll3_mean,
MUS,-0.036090083,-0.16198914,-0.108871646,0.082424775,0.085293494,0.20161514,-0.04244077,0.015329508,0.17430405,1.4362483,0.55690277,0.36500242,0.18251105,0.07849172,-0.035746675,-0.5026553,0.05001333,-0.054806244,-0.007981724,-0.087719716,0.25662333,0.041387647,0.012073331,-0.08145989,-0.003401867,-0.0027628008,-0.0024987857,-0.0013355863,-0.002191627,0.0148727335,0.015928261,0.00020157726,0.029531443,-0.086640105,0.0077303476,-0.06412712,-0.005793874,0.024460899,0.014522025,-0.020849943,-0.008326992,-0.0015416476,0.018827232,-0.022628412,-0.024323178,-0.13068621,-0.0048772176,-0.14546339,0.011322486,-0.11337507,-0.0692479,-0.010473627,0.0012815335,-0.010005107,-0.0054322947,0.02157047,-0.000995812,-0.0033837557,0.016814584,-0.040376727,0.00088205567,7.1837,0.34591153,-2.0281262,0.052980103,0.0,0.0,0.010872974,-0.035735477,-0.030351592,0.03010233,-0.001851696,-0.0024461057,0.0016104236,0.04422737,0.008878189,-0.011666042,0.009910412,-0.0037764797,0.010877682,0.019807918,3.0344187e-05,-0.00012865003,3.3583157e-05,-0.00019813776,0.0124692395,0.03422075,0.016277,0.08806093,0.06557642,0.04642425,0.020998148,score_roll3_mean,
MWI,-0.07689672,-0.10277658,-0.12315966,0.002648283,-0.059939235,-0.03669435,0.053472854,0.012109831,-0.15670237,0.086175,0.33035412,0.11648076,-0.2694406,-0.0058869077,-0.0622913,-0.72324216,0.058586106,-0.03458966,-0.0053177103,-0.22823146,-1.0430928,-0.109468214,-0.08574276,-0.032638535,-0.01870915,-0.0042183027,-0.0062473053,-0.002262136,-0.0010010044,-0.024178166,0.0015103855,-0.001102015,-0.0008638748,-0.056303207,-0.0139008965,-0.026466671,-0.021150552,6.489936e-05,-0.0022253501,-0.04891568,-0.031607293,-0.044841435,-0.020764569,-0.011919442,-0.040551152,-0.14140138,0.0021806487,-0.050083958,-0.039824963,-0.09338672,-0.05931428,0.024470638,-0.004068625,0.01631455,-0.001098869,-0.050057262,-0.014770561,-0.030989679,-0.0064711776,-0.094878644,-0.027986845,-5.1847,0.2990187,-0.57147217,0.0065678493,0.0,0.0,-0.077113874,0.0027078495,-0.015846208,-0.1369218,-0.0011337085,0.032071386,0.0011851459,0.0015478577,-0.015892593,0.01814474,-0.04979533,0.0067176516,-0.044750668,-0.0075072753,9.436256e-06,-0.00019105407,6.088132e-05,1.9903317e-05,0.017278297,-0.0144571485,-0.04009103,-0.0009413594,0.018837648,-0.015319161,-0.018392691,score_roll3_mean,
MYS,0.005071564,-0.11998998,-0.020899646,0.07533615,0.4008882,-0.06315025,0.3842281,0.06852287,0.36281648,0.65895253,0.43222052,0.16269109,0.13171877,0.042327575,-0.030777298,-0.3310356,0.057963476,-0.034648,-0.00775779,-0.07217255,0.27912894,-0.012876101,0.04600189,-0.03640077,0.0008803749,-0.0013271127,-0.005957585,-0.00034620252,0.029264703,0.08019922,-0.010736128,0.0029249554,-0.023648486,0.035044923,0.019403758,0.17451179,0.120694324,-0.081145994,-0.025644252,0.012234725,0.027493766,0.008454654,0.03199969,-0.033611163,-0.006516945,-0.03083493,-0.009902851,0.0552942,0.025458796,-0.06586985,-0.021385819,-0.030451989,-0.00065440824,-0.0051904586,0.008245592,0.011792571,-0.002243029,0.004229801,-0.0025474215,0.17054033,0.00123807,11.080946,0.029936869,-0.53748584,0.011827633,0.0,0.0,0.009364334,-0.00084679335,0.008582566,0.040888768,0.019341506,0.019172588,0.003926289,-0.004273318,0.015671818,-0.049112834,-0.0073444266,0.039798878,0.0005454305,0.021732254,1.8200417e-05,-9.573691e-05,4.223504e-05,1.3489051e-05,0.009067774,0.07770525,0.016309297,0.044181634,0.119002946,0.0044922614,0.021646976,score_roll3_mean,
NAM,-0.024940984,-0.16965185,-0.082150444,0.09863339,-0.043917023,-0.0070741014,-0.026160242,0.0011479197,-0.1188836,0.7056829,0.5816435,0.24044132,-0.036951296,0.048879962,-0.03976319,-0.5081698,0.033083078,-0.05921713,-0.0084736515,-0.1438439,0.035999898,-0.0114384405,0.0144865485,-0.01763422,-0.009989529,-0.0022941376,-0.009684265,0.0039363564,-0.0022381116,0.07288944,0.08057873,-0.0017893997,-0.029042227,-0.08491709,-0.006048795,-0.06128403,0.009231029,0.0014833404,0.005680863,-0.042682167,-0.007807736,-0.0017946737,-0.0034901032,-0.040439624,-0.023105,-0.11596671,-0.0067278915,-0.08429385,0.04679439,-0.10654672,-0.019092156,0.009467224,-0.03953462,0.018999038,-0.007451654,0.0052261613,0.0050223502,0.0015509535,-0.0057194447,-0.056783274,-0.016646326,0.577889,0.60644865,-0.63181937,0.020129755,0.0,0.0,-0.011115803,-0.013651873,-0.02017229,-0.018996576,-0.006836106,0.02064323,0.0019150118,-0.0019888731,-0.00076141703,0.015784396,-0.014446149,-0.0015845221,0.028273016,-0.021990027,1.7015545e-05,-0.00012836524,4.223504e-05,-2.4038914e-05,0.0030960483,-0.010210289,-0.009334877,-0.008331071,-0.042595707,-0.0123625975,0.005819684,property_rights,institutional
NER,-0.049512673,-0.28389516,-0.12002882,0.011826444,-0.13224284,-0.030242449,-0.14888541,0.016402585,-0.07692666,-0.34630543,-0.044662047,0.018871333,-0.34121063,0.01718148,-0.14895605,-0.7618074,0.046631612,-0.048943985,-0.00084138307,-0.22770602,-1.3008355,-0.08249936,-0.14914833,-0.03472629,-0.008167695,-0.0022095563,-0.0032825773,0.0027818806,-0.00093723374,-0.040825494,-0.0012352755,-0.0018156628,-0.0035917098,-0.09813169,-0.02646072,-0.021999918,-0.046108235,-0.015431499,-0.016112644,0.018185904,-0.034265194,0.005794318,0.02244519,-0.014548052,-0.056756344,-0.11182109,0.015787905,-0.08237187,-0.12185147,-0.00064827234,-0.054508727,0.0074235257,0.0024521924,-0.016552227,-0.009317852,-0.06802897,-0.004464237,-0.05722627,-0.0011188756,-0.21937247,-0.008682472,-10.691459,-0.025652107,-0.587313,-0.012952946,0.0,0.0,-0.041860055,-0.00018110304,-0.054616254,-0.011301699,0.002911318,-0.028869156,0.002073778,-0.08270263,-0.038628004,-0.0098298555,-0.012283299,0.007071657,0.03649427,-0.013585909,1.1747437e-05,-0.00044195564,6.088132e-05,4.679104e-05,0.0026360806,-0.005010661,-7.627002e-05,9.269556e-05,-0.033308353,0.0036707637,-0.06272056,score_roll3_mean,
NGA,-0.05706662,-0.3671914,-0.0644539,0.013555663,0.55922484,-0.030053109,0.36907646,0.03547985,-0.054448314,-0.5398118,-0.40587735,0.041958444,-0.1741281,-0.013892353,-0.12918258,-0.659377,0.1036813,-0.05104876,-0.0030354082,-0.36293292,-1.4317108,-0.05657261,-0.0017416249,-0.022607973,-0.03563371,-0.0010449007,-0.0028143434,-0.0012909796,-0.0009756699,0.01774968,0.027776679,-0.012718006,-0.014209585,0.00026803717,0.046588995,0.039045993,0.12987895,0.0043941033,0.006120121,-0.008421597,-0.015500895,-0.006627714,-0.024469962,-0.0023334562,-0.023357313,-0.09998301,0.03545928,-0.05665517,-0.02378743,0.033686396,0.012442257,0.009395076,0.0047604092,-0.0615659,-0.008877065,0.0065012607,0.0009791307,-0.042331487,-0.00090642384,-0.50577605,-0.0030954927,-8.528397,-0.07021653,-0.24996862,-0.037382033,0.0,0.0,-0.015107189,0.0009984759,0.01661816,0.08961621,-0.0008166825,-0.036257133,0.0019529077,-0.009149871,-0.009390518,0.008496669,0.014396017,0.014807768,-0.03634902,-0.0068521826,1.2884757e-05,-0.00021725008,6.088132e-05,0.000106310115,-0.030627543,0.01109326,0.013168095,0.004512043,0.002936113,-6.0475642e-05,-0.011680768,score_roll3_mean,
NIC,-0.07886233,-0.28328994,-0.11811343,-0.008334361,-0.22651725,-0.034859315,-0.14491397,0.007311787,-0.058412567,-0.5977738,-0.9211073,-0.042892274,-0.13622546,0.051502272,-0.10712739,-0.8681964,-0.06072811,-0.034568336,-0.0030432418,-0.07072185,0.2376037,-0.01841841,-0.037132934,-0.06061716,-0.016825836,-0.00056577066,-0.0016898563,-0.0028266055,-0.00075151224,0.029616151,0.06710437,-0.002217232,-0.0018489016,-0.2851884,-0.024784312,-0.03658869,-0.04394433,-0.00020835223,0.008150326,-0.021910781,0.008038996,-0.0014990943,0.014839792,-0.055713724,-0.05570375,0.01350194,0.040882643,-0.042979997,-0.07325811,0.032254133,-0.0013382128,-0.001311319,-0.006656433,-0.0034219339,-0.03359868,0.033451267,0.0018186821,0.01506792,-0.015262187,-0.28173938,0.0024203605,-9.8393345,-0.048250306,-0.54023683,0.0040060924,0.0,0.0,-0.021793405,-0.003422067,-0.053967156,-0.004908772,-0.0065318807,-0.048572406,-0.022516744,-0.119436674,0.017113877,-0.03137289,-0.07655514,-0.00042823804,-0.044804536,-0.0026146953,3.51779e-05,-0.00078448973,6.088132e-05,-2.3040036e-05,-0.0064716954,-0.007768662,-0.18776816,-0.003436097,-0.015366202,0.0063335835,-0.25243357,score_roll3_mean,
NLD,-0.01195669,-0.07260917,-0.27696612,0.06870357,-0.11690165,-0.022220423,-0.11532232,0.00016321866,-0.040695194,1.5898552,0.71732104,0.3145109,0.25544807,0.082726784,-0.03852627,-0.46015126,0.0560867,0.3090622,0.04582156,2.784481,0.2975041,0.06667079,0.06747501,-0.111527,-0.00011893711,-0.000629976,0.010652034,-0.00043611153,0.013987546,-0.0279869,-0.009922261,-0.009828433,0.005425943,0.10984538,0.019968588,-0.1219096,-0.011856773,0.01625763,0.01271417,-0.02161907,0.0017372755,-0.035192344,0.0011835127,-0.04661336,-0.047764838,0.021519866,-0.14969066,-0.2564045,0.016839927,-0.101907104,-0.05540742,-0.018459901,0.013051696,-0.014347267,-0.005049838,0.0051604738,-0.006061311,0.004836656,0.00038013217,0.18457446,0.007980096,24.866278,0.17580491,-1.2326958,0.004132137,0.0,0.0,0.05536705,0.011601388,0.05577923,-0.008580184,0.014158157,0.008070005,0.0014904875,0.013393863,0.107745044,0.024225883,0.016923778,0.00921291,-0.008533077,0.019027863,-3.4464751e-06,-0.0003149596,-0.0010527328,0.009663561,0.01738953,-0.014358686,-0.019315481,-0.0018065146,0.2806802,0.0017494251,-0.0585492,score_roll3_mean,
NOR,0.031223891,-0.09348052,-0.44099325,0.04331639,0.20895953,0.23872074,0.23873463,0.027999826,0.39880064,1.4031879,0.57261175,0.26725587,0.2536977,0.07099406,-0.032133993,-0.39495707,0.056004908,-0.019375496,-0.015166959,2.8151631,0.30781412,0.053406637,0.066757634,-0.08190468,-0.0077514434,-0.00076808373,0.0003832106,-7.5372445e-06,0.0016608771,0.037340887,0.06741788,0.014538883,-0.036632527,-0.018209621,-0.013121255,-0.0066681476,0.034828465,-0.015049147,0.0025460701,-0.014095023,0.014777487,0.025146829,0.0005589032,-0.03557345,-0.012271334,0.037515905,-0.17673638,-0.4264257,0.0034129182,-0.2976612,-0.048827626,-0.021528363,-0.016625825,-0.013670941,0.011033818,0.004162604,-0.0074637076,0.0016361347,-0.002526524,0.2735001,-0.00021604857,22.445679,0.17669868,-1.1825904,0.018516667,0.0,0.0,0.059394706,0.020228196,0.03241622,0.03295258,0.0067004818,0.004367416,0.0038353938,0.011443875,0.0893741,-0.005743506,0.007500734,0.0030979146,-0.005572264,0.021865884,7.2200705e-06,-9.613613e-05,2.079632e-05,-6.6076034e-05,0.0037502437,-0.021776393,-0.0030904708,0.034706745,0.23420379,0.0013377839,0.012456975,score_roll3_mean,
NPL,-0.021965303,-0.25406858,-0.041719366,0.032519434,0.2436921,-0.05458599,0.18975952,0.002204365,-0.10433243,-0.16026685,0.28244367,0.09428489,-0.023093462,-0.08688128,-0.05111708,-0.39183465,0.08553782,-0.03310598,-0.008001449,-0.106175594,0.07927751,-0.0137488,-0.03360535,-0.021550052,-0.0070090583,-0.0012566418,-0.00038703825,-0.0016844572,-0.002085192,0.05235972,0.05783461,-0.0034331302,-0.004325055,-0.03901594,-0.0010140716,0.014746394,0.05797963,0.008742109,0.0039912965,-0.021738432,0.004415038,0.014564794,-0.00282056,-0.023213299,0.010708579,-0.029319406,0.019282533,-0.053663768,-0.04108185,-0.040533517,-0.01850677,0.020563513,-0.002714834,0.0057245814,-0.000956677,0.008065961,0.002382061,0.0216116,-0.004126338,-0.07188192,0.000752213,-1.4698006,-0.058868185,-0.21972506,-0.00087144575,0.0,0.0,-0.07956001,-0.00023733074,0.0071008867,0.045789294,-0.002115397,0.009107413,-0.0006158995,0.0018362248,0.0066544237,-0.040541988,-0.008525332,0.005963159,-0.015937623,-0.023059554,2.2613707e-05,-0.00013567648,4.6274894e-05,0.00012541845,-0.0039909314,-0.0121255815,0.043366335,0.008660963,-0.0035062237,-0.012149737,0.031458218,score_roll3_mean,
NRU,-0.07579516,-0.15361872,-0.016410414,-0.033406824,-0.15156172,-0.058333028,-0.3078889,-0.033519395,-0.12048998,-0.3357967,-0.53666425,-0.02095887,-0.2884063,-0.12369544,0.076708384,0.21815099,0.21790402,0.023846645,-0.019003002,-0.18702185,0.72120184,0.013831107,-0.14296119,-0.030218445,-0.01326336,0.009468367,-0.0016918703,0.013692125,-0.0008928125,0.03420034,0.078034215,-0.0004284504,-0.0008865702,0.023579748,0.018427834,-0.08650759,-0.04082002,0.016840775,-0.017635498,0.016596908,0.017710684,-0.014704773,0.000830698,-0.0022473226,0.028091824,0.0068600145,0.04829943,0.039034773,0.004006961,0.061738744,0.052798793,0.006399498,-0.053217106,0.019329393,-0.005416897,-0.059691403,-0.010224461,0.0032276458,-0.0039976933,0.089126684,-0.014005223,2.7781837,0.7736639,-0.8975073,0.0075268853,0.0,0.0,0.0027537,0.013597841,-0.070039384,-0.013657914,-0.0029438823,0.0016562024,-0.0024271412,-0.08209567,-0.021782704,0.012969871,-0.012369541,-0.010867963,-0.037290722,-0.004411654,6.496371e-05,-0.0006611631,7.398165e-05,0.00039907004,-0.0022714613,-0.011673995,-0.079629034,-0.005269875,0.024183547,-0.011656465,-0.14831656,score_roll3_mean,
NZL,0.032624215,-0.08128492,-0.50983983,0.045596723,0.19385137,-0.032069962,0.29315692,0.027378894,0.35023782,1.4412942,0.57082903,0.29625195,0.2393029,0.08473586,-0.032887217,-0.35510254,0.06791702,-0.27468506,-0.015981898,2.9143717,0.33551538,0.06183246,0.06348971,-0.12889196,-0.011799627,-0.0035348355,-0.0052936017,0.0030115012,-0.0006952514,0.034340702,-0.024279289,0.01746527,-0.03219256,-0.024904119,-0.016466534,-0.00526031,0.012546073,-0.014316865,0.010718045,-0.021553867,0.012071755,0.025226975,0.010135881,-0.039180137,-0.014796307,0.009826036,-0.18113166,-0.55738133,-0.014703835,-0.069982134,-0.032964107,-0.02859529,0.011327288,-0.01294488,0.01118672,0.021438282,-0.008300982,0.0016840503,-0.0030470064,0.22075161,0.0036362691,17.246307,0.14647387,-1.3581009,0.013127982,0.0,0.0,0.03401135,0.011881595,0.05099923,0.013250228,0.0020659764,0.002468674,0.0038031228,0.020535002,0.10270247,0.05013054,-0.003985399,0.016662555,-0.004819845,0.0010733056,8.25477e-06,-0.00010448942,1.9685202e-05,-0.00022569943,0.0007355692,-0.031328566,-0.016003,0.016774386,0.28477904,0.008762871,-0.030324806,score_roll3_mean,
OMN,-0.032360367,-0.2504146,-0.074465156,0.061896835,0.20406692,0.047780924,0.10089945,0.036435064,0.25074837,1.0355225,0.29518136,-0.04315711,0.07470915,0.049224183,-0.042219833,-0.48418793,0.19560552,-0.055533983,-0.0046388237,-0.052660193,0.27205524,0.031271163,0.015177722,-0.06270974,-0.00069769233,-0.0020453339,-0.009508356,-0.0015545697,0.00081183866,0.09421946,0.018643279,0.0074101174,0.01842152,-0.051004797,-0.002787984,-0.042173278,0.016070778,-0.010718651,0.033292636,0.049138162,0.07864048,-0.01657418,0.009418251,-0.037290156,-0.021587877,0.024187729,-0.031869996,-0.11385028,-0.014785491,-0.14149284,-0.011086037,0.0033310167,-0.016796796,-0.01625246,0.009118347,0.0033202148,0.00044253783,0.0022523995,0.00450387,-0.052331686,0.004758116,2.572611,0.0030182095,-0.470976,0.0040215245,0.0,0.0,0.034999475,-0.00072176487,-0.013858372,0.01076099,0.019150415,0.0048406664,0.0014969759,0.003345013,-0.0051967115,-0.004654402,-0.061117418,-0.0370763,-0.0168315,-0.0002540553,2.3573051e-05,-0.00013387356,3.3583157e-05,-0.00010622668,0.011191726,0.075127766,-0.0053644725,-0.033133548,0.10713349,-0.005479061,0.0052480996,score_roll3_mean,
PAK,-0.032885455,-0.29718712,-0.03921998,0.017019391,0.45816806,0.011934085,0.31380096,0.01979344,-0.059052486,-0.30401653,-0.292866,-0.017128356,-0.11284038,0.05217086,-0.07873545,-0.4779216,0.03738264,-0.012071562,-0.00029078752,-0.12215821,-0.81600326,0.079309635,-0.029403243,-0.034965996,-0.02833359,-0.00014250763,0.00020571475,0.003155255,0.0008683811,-0.01998701,0.010097535,-0.0034684688,-0.007431032,0.016620254,0.037051197,0.03699069,0.12812825,0.0018005639,0.008695682,-0.009150071,-0.0002047729,0.0028574034,-0.0161318,-0.040812172,-0.026894936,-0.014044256,0.020125702,-0.051735472,-0.044515204,0.046901926,0.013298389,0.019384174,0.0024534008,0.005175013,3.1944066e-05,-0.073891744,0.00077361445,0.10772308,-0.0012091501,-0.14083575,-0.014923644,-2.5246618,-0.11905145,-0.26921436,-0.0023132695,0.0,0.0,-0.023731094,0.0035266401,0.017495736,0.073360145,0.005598697,-0.0017201169,0.008271981,0.0069361846,-0.008127735,0.0071123233,-0.03016381,-0.0053383266,-0.006090436,-0.0059378115,8.779354e-06,-0.00015236223,6.088132e-05,0.00011434497,0.074196115,0.0007892618,0.04247277,0.01698267,0.018935828,0.028098313,0.0004830346,score_roll3_mean,
PAN,-0.062166803,-0.23618655,-0.3095984,0.043714255,-0.047240034,-0.0044991313,-0.004525316,-0.02313414,0.253872,0.42115152,0.5033088,0.08923343,0.1087953,0.07023236,-0.034457896,-0.53113925,-0.035161164,-0.04312326,-0.004622015,-0.036872804,0.23649517,-0.009837179,0.03324412,-0.04326966,-0.08957752,-0.0017016851,-0.005176598,-0.0012147921,-0.0021269042,0.07455773,-0.014438601,-0.0037653258,0.013451248,-0.06748407,-0.008492708,-0.083099365,-0.002921478,0.011347069,-0.0073837256,-0.028768005,-0.05208927,0.0005054035,0.0044899764,-0.032660596,-0.033504345,-0.02640183,0.045663834,0.021067109,0.015252783,-0.022382028,-0.013881494,0.026200019,0.002951793,-0.015614166,0.008477873,0.00043599715,-0.0005489269,-0.0019265984,0.0014248223,-0.041920688,0.0011268385,2.3311205,0.36886412,-0.89849013,0.0047144685,0.0,0.0,-0.0022641146,0.0048860265,-0.016653167,0.014519193,-0.0019102982,-0.008878118,0.0015266304,-0.0064016646,-0.0059853545,0.010249522,-0.023467163,0.02095852,-0.0043328158,0.0034185138,8.583389e-06,-0.00012848497,4.223504e-05,-0.00022825251,0.0005751745,0.013955021,-0.020274363,-0.02068039,-0.028229758,-0.004089748,-0.02433984,score_roll3_mean,
PER,-0.030070586,-0.19407773,-0.06672897,0.051780086,0.19263905,-0.049816478,0.1968097,0.0068485998,-0.085480675,-0.031202652,0.35723326,0.0869138,0.100959405,0.04940785,-0.043127075,-0.3863781,0.035452165,0.45929766,-0.0539462,-0.06382891,0.30213773,-0.0110162925,0.07950568,-0.08848789,-0.016248338,0.0010601189,0.01846711,0.0021733707,-0.010715395,0.029068774,0.017125132,-0.0028339687,0.019631112,-0.0036705094,0.01777234,-0.036271576,0.017210687,-0.00038640076,0.026440354,-0.021563487,-0.01666396,0.005061979,0.0027208065,-0.03248412,-0.030655688,-0.016466435,0.042717423,0.017606873,-0.017775953,-0.046073344,-0.0108603,-0.032542966,-0.024214761,-0.007899323,0.008080164,-0.01067256,0.0063574472,0.005721302,-0.0043206937,-0.05017062,0.0007902449,6.8458657,0.106991135,-1.2303299,0.031509176,0.0,0.0,0.000985679,0.006363901,0.003547794,0.09010283,-0.0029589883,-0.007821877,0.0019234082,0.012254121,-0.02883535,-0.00030366905,-0.01782479,0.06464945,-0.005133025,0.003243851,1.445585e-06,-0.00011037615,4.523847e-05,-0.00018044688,-0.0054165474,0.022413379,0.008166372,0.06187298,0.027166687,-0.0045861965,0.013720059,score_roll3_mean,
PHL,-0.032435607,-0.20994787,-0.09993021,-0.0064815176,0.34334,-0.061791543,0.17784256,0.07250272,0.30232957,-0.020569652,0.22896744,0.018787682,0.110252224,0.037053682,-0.04366077,-0.41820106,0.089362666,-0.012821866,-0.0037707277,-0.09964959,0.084826544,-0.04013513,0.056339562,-0.050403852,0.042423084,-0.001091706,-0.0035545947,-0.00075251516,0.00082870125,0.051818676,-0.00133017,-0.0033843059,0.004570291,-0.02159189,-0.0070213857,0.051862698,0.03660079,-0.09768106,-0.012998274,0.033119775,0.047832068,0.00031496564,0.0064060534,-0.046272684,-0.022297831,0.0071431133,0.040892743,0.012827495,-0.019645983,-0.010570558,-0.058794476,0.008645581,-0.004874942,-0.00018717075,-0.0023978758,0.0072788578,0.0026559148,-0.0017146142,-0.004401218,-0.07357938,0.0044105174,3.1915352,-0.03082101,-0.37295392,0.0028614507,0.0,0.0,-0.009488608,-0.0028158356,0.009931625,0.06730473,0.013674956,-0.008192148,-0.0045119864,0.059911482,0.017331168,-0.0012067218,0.0066852607,0.006249603,-0.0008873654,0.006472821,1.0179079e-05,-0.00010723898,4.523847e-05,-0.00010642361,0.0074343225,0.05873667,0.011850184,-0.01739583,-0.06941393,-0.000118405806,0.0016695114,score_roll3_mean,
PLW,-0.096113026,-0.11812169,-0.061456483,-0.029358627,-0.2001671,-0.033189323,-0.20525275,-0.026373819,-0.070037924,-0.4330925,-0.75683784,-0.0019589663,-0.31066304,-0.1469311,-0.110501364,-0.9191061,0.12121206,-0.040308148,-0.016641859,-0.15201887,0.28208926,-0.010483578,0.10442478,-0.06382301,0.0012954148,-0.0014088977,-0.005285722,0.0024438328,-0.0011571428,-0.10367473,-0.041946426,-0.00177077,-0.0009525108,-0.071242824,-0.098844565,-0.031154096,-0.03342788,0.0009067777,0.005499599,-0.047778055,-0.017448163,-0.0071854894,0.0046281307,-0.01540426,0.039957512,0.016625322,0.041597493,0.05018342,0.0032976065,0.06742403,0.04103483,0.0044899075,-0.006544526,0.008280255,-0.001813198,0.03549962,0.005971832,0.015092321,-0.00035969008,-0.029520549,-0.0040019946,-3.7134695,1.3201102,-0.428905,0.0067122052,0.0,0.0,0.17681159,0.015485542,-0.06954814,-0.05711987,-0.02432479,-0.009284851,0.000756382,0.0051941113,-0.051636603,0.00895142,-0.08160319,0.009195824,-0.041664828,-0.0025923022,1.1463666e-05,-0.00044231335,9.4353716e-05,-8.424654e-05,-0.0043295603,-0.010649257,-0.30135897,0.009850455,0.1823826,-0.076406516,-0.29747108,score_roll3_mean,
PNG,-0.091587774,-0.26252076,-0.1288479,0.015182902,-0.14647941,-0.03697952,-0.11235044,-0.020911254,-0.08355321,-0.08537105,-0.21964899,0.103048,-0.2701114,-0.08037839,-0.11707435,-0.8712495,0.09332832,-0.053907033,-0.0044110073,-0.29344514,-0.8278403,-0.08663159,-0.14415392,-0.035705037,-0.01362473,-0.006315515,-0.007485634,0.0036420764,-0.0010516283,-0.027808905,0.0061802994,-0.0014884225,-0.0040774117,-0.078048036,-0.026548766,-0.022620989,-0.024572594,-0.1566642,-0.19112523,-0.005078004,-0.034300115,-0.00966,-0.045973673,0.009403514,0.06658317,-0.16247071,0.026143724,-0.07883411,-0.07823462,-0.11133576,-0.04827807,0.006190262,-0.038318846,0.011863225,-0.010250052,-0.09705075,-0.013666476,-0.037676323,-0.010232473,-0.050279465,-0.008691455,-9.350745,0.36280495,-0.43936682,0.004908959,0.0,0.0,-0.04619876,0.0013232828,-0.030363128,-0.27868357,0.0006254791,-0.01593658,0.0020543577,0.007914187,-0.018195655,-0.23066697,-0.060243003,-0.04409022,-0.026618417,0.0049238065,-3.210812e-07,-0.0002740689,6.1917744e-05,8.6830754e-05,-0.005237866,-0.008322672,-0.10308603,0.026240544,0.046455648,0.0009287865,-0.00053051166,score_roll3_mean,
POL,-0.017550593,-0.15441372,-0.06976995,0.06329955,0.36065555,0.20001209,0.3975181,0.019182077,0.42286482,1.1353729,0.7635015,0.08091413,0.15223499,0.07815749,-0.03308209,-0.46454826,0.05830118,0.4243264,0.059900325,-0.035805147,0.39435148,0.034721497,0.069604166,-0.097686976,-0.014615974,0.011470662,0.02574529,0.00027870393,0.038179338,0.06314806,0.023381392,0.019951623,-0.029866409,0.03517742,0.015757937,0.14264153,0.13633151,-0.007792103,0.010711723,-0.006184304,-0.018740365,0.016650377,0.0061566676,-0.026440663,-0.026538964,-0.005475536,-0.039538912,-0.06114642,0.07476909,-0.06804624,-0.039616853,-0.04190059,-0.00205343,-0.010574034,0.009838942,-0.0131836925,-0.007098346,0.0028999574,0.005842921,0.27457336,0.0018800345,14.964004,0.081318244,-1.3407738,0.0048821094,0.0,0.0,0.03749259,0.060793903,0.017537469,0.005034438,0.007990313,-0.033319656,0.0039649783,-0.0046803155,0.047900215,-0.015814377,-0.0050032637,0.0020044134,0.0065766424,-0.0017113601,1.8118186e-05,-0.000106889995,4.223504e-05,-0.00020062765,0.007342636,0.024576785,-0.0061674407,0.0034837709,0.0022501443,0.007966981,0.010415621,score_roll3_mean,
PRK,-0.06604211,-0.3267102,-0.17693016,-0.007069337,-0.20258252,-0.051596176,0.031630985,-0.011194548,-0.05346,-0.74886185,-1.0537541,-0.029347388,-0.37605882,-0.15430401,-0.10105871,-1.2382848,0.02459723,-0.034275636,-0.0031070933,-0.14452145,0.29181838,0.055002186,-0.04575041,-0.0654434,-0.006060124,-0.0022592908,-0.0012107803,-0.0018213855,-0.0013028613,-0.07682907,-0.1063192,-0.0017450696,-0.08225602,-0.2821116,0.007417765,-0.00061814184,0.010056936,0.00046527036,0.007904372,-0.004873285,-0.00032663904,-0.038934417,-0.030459251,0.014236267,0.054640736,0.026565457,0.03574423,0.05892901,-0.0021730256,0.05565183,0.010446869,0.017061891,-0.0070343013,0.0027947712,-0.03267967,-0.032069337,0.0043186913,-0.011383767,0.0064362693,-0.36938727,0.0011076311,-13.678563,0.17988852,-0.08625045,0.0057117315,0.0,0.0,0.12984565,0.011154416,0.053895902,-0.42547208,0.0017292657,-0.008088486,0.00082400633,0.01697391,-0.014002131,-0.167231,-0.030650523,0.011317793,0.025321173,-0.35610282,1.826436e-05,-0.00073383254,4.904942e-05,0.0002677867,-0.006218016,0.001147811,-0.008206747,-0.002622133,-0.038154602,-0.015128538,0.016584046,score_roll3_mean,
PRT,0.013789416,-0.12830372,-0.45909154,-0.0016495796,0.22986113,0.17474599,0.26504457,0.011987854,0.34800902,1.4339182,0.52725345,0.27552763,0.15393302,0.08762552,-0.030560497,-0.39728907,0.061549198,0.19010147,0.030230433,2.7078998,0.3042856,0.07149072,0.04994541,-0.19255999,-0.006509875,0.012308661,0.020318273,-0.006689859,0.004714895,0.028386598,0.014609023,0.012124076,-0.03862809,0.0014252084,-0.006701623,-0.0044241906,0.03292655,0.0047911396,0.002195064,-0.021901775,0.014865668,0.009937733,0.002260572,-0.041483484,-0.011281069,0.0054710456,-0.082422785,-0.05990236,0.03378152,-0.08988869,-0.041596595,-0.030819653,0.010854892,-0.013060457,0.0076899854,0.03291004,-0.004999231,0.007106153,0.0006081291,0.23075396,0.008793478,20.049799,0.19438133,-1.2805347,0.02627125,0.0,0.0,-0.020328848,0.023715127,-0.042040613,0.027707677,0.0003682237,0.003585942,0.003896349,0.0136117805,0.08963665,0.02210427,0.000110733454,0.0045311963,0.0010555598,0.016208746,1.7595e-05,-0.000107342414,3.3583157e-05,-0.00020962786,0.005542031,0.0756731,-0.0025801142,0.0024038414,0.24191983,0.008690572,-0.010597156,score_roll3_mean,
PRY,-0.040021993,-0.2174708,-0.070775166,0.062449917,-0.15414478,-0.022263372,-0.053672303,0.010842386,-0.08380269,0.06459471,-0.5139219,0.0058796923,0.0451405,0.07265998,-0.05710715,-0.7138303,0.05556472,-0.03580273,-0.0074540665,-0.10460125,0.012884376,-8.022918e-05,0.051122155,-0.05886216,-0.025040863,0.0006404011,-0.006852076,0.0033374722,-0.0021326258,0.055788703,0.0445204,-0.0026800267,0.010582399,-0.086243056,0.0024361396,-0.05093912,-0.021766294,-0.022103429,-0.0017265726,-0.034812696,-0.019178463,-0.0005389912,0.0059290975,-0.037695695,-0.061929617,-0.013617222,0.015432314,-0.032505035,0.005945816,-0.0528246,-0.06299374,-0.0172382,-0.002878961,7.39791e-05,-0.008766931,0.03448297,0.0021952074,0.0051584635,-0.0041215005,-0.042549126,-0.0019933134,-0.32681808,0.6530694,-0.64931077,0.017109632,0.0,0.0,0.049827646,-0.00086818903,0.029206524,-0.007865082,-0.001541755,0.0097409105,0.0015939102,0.0006171024,0.005129551,0.0001302246,0.030774495,0.002497474,0.048330054,-0.010330946,9.217881e-06,-0.00011192883,4.523847e-05,-0.00017665558,0.0006417501,0.0035672286,-0.032001074,-0.0054271524,0.0015698941,-0.0060639847,-0.0020481807,fh_combined_score,political
QAT,-0.057699077,-0.29185724,-0.27646378,0.064086914,0.18372785,-0.055349067,0.22652002,0.030227812,0.2332905,1.0856202,0.3439207,-0.0049787727,0.08408776,0.043150738,0.008161892,-0.42222807,0.4038786,-0.07421804,-0.0074125393,0.035881225,0.31031662,0.023674816,-0.017027542,-0.07479582,-0.10758121,-0.00065419683,-0.0039825314,0.0034854766,-0.0014334609,0.08962299,0.033176787,0.0062942645,-0.0010724657,-0.01791157,-0.016352475,0.034550834,0.019223025,0.014832573,0.03490494,0.02298457,0.067029804,-0.00847954,0.0053631477,-0.051585574,-0.019152582,-0.021937054,-0.047710467,-0.1419305,0.00032249087,-0.10283613,-0.012742489,0.001442841,0.007214426,-0.012728948,0.00909687,0.0012534605,0.0032068,0.0024427671,0.008323122,0.1998727,-0.0026233778,2.829068,0.07286844,-0.34436706,0.008916819,0.0,0.0,0.05053089,0.0027064097,0.0070899604,0.04454955,0.006748223,0.014577877,0.0015815069,0.005340029,0.014120158,0.0016650154,-0.029661098,0.0002733733,-0.010510384,0.013080862,2.5083233e-05,-0.00013370771,4.223504e-05,-0.000111484434,0.021948876,0.084227934,0.01375386,0.022243252,-0.057732474,-0.0068557495,-0.055381175,score_roll3_mean,
ROU,-0.02386924,-0.15492947,-0.0078108287,0.09169138,0.2079252,0.03880639,0.3413078,0.0139197465,0.3176835,1.2833288,0.5237421,0.13911483,0.1486447,0.0667851,-0.033103507,-0.49446037,0.056132235,0.40743327,0.09007206,-0.04687081,0.3725202,0.10194343,0.04021305,-0.05269874,0.002200049,-0.00059635105,0.008823217,-0.006051209,0.05390806,0.09206986,0.02871567,0.024399903,-0.0031149595,0.02613597,0.0086391475,0.058400113,0.06001772,0.004793022,0.027020173,-0.021374833,-0.017852297,0.033422306,0.013563588,-0.037772242,-0.026186224,-0.019980779,0.029847857,0.055828948,0.069523804,-0.13935407,-0.033189766,-0.039577477,0.00290149,-0.0058341916,0.008350565,0.028542196,-0.000984835,0.0024746745,0.005878595,0.1896498,0.0009926395,12.4251,0.090610854,-1.3195462,0.0058316193,0.0,0.0,-0.01575376,0.022164589,-0.043411292,0.017317155,0.018247,0.0123746935,0.0039763674,0.026479602,0.09778169,0.015025038,-0.005559656,0.02823633,0.010159746,0.01718478,1.3849887e-05,-0.00010760575,3.3583157e-05,-0.00016670616,0.0067583937,0.071072966,0.00689128,0.029787714,0.14372978,0.004776778,0.06486964,score_roll3_mean,
RUS,-0.04281802,-0.22666557,-0.059256785,0.029154398,0.6292685,0.12192036,0.4240605,-0.025633253,0.39414868,-0.40806818,-0.5191817,0.003003011,-0.13975488,-0.07127698,-0.037090503,-0.5530111,0.116398096,0.32356444,0.058653835,-0.09418097,0.4343965,0.052325077,0.11769658,-0.07788843,0.009572311,0.00093056017,0.026622478,0.011715441,0.0072995303,0.11021561,0.07353307,0.001427625,0.021093573,0.01904694,0.03393742,0.13096231,0.14431165,0.023571977,0.07371737,-0.06522276,0.04788602,0.060974207,0.024645017,0.01625523,0.04091604,0.033559915,0.059758134,0.02077139,-0.019800168,0.066000335,0.045430545,0.07204461,-0.007349385,0.001312914,0.0011023926,-0.0047804904,-0.008189966,-0.0019092334,0.0012312203,0.14665224,-0.0067716045,6.49938,0.3783131,-0.36853492,0.04753727,0.0,0.0,-0.100773014,-0.011785149,-0.03658343,0.073261626,0.013373788,0.029945182,-0.0086436,0.0017957432,0.01675598,-0.0010293592,0.0056298682,-0.0140543515,0.013706798,0.040521555,5.797692e-06,-0.00021545621,4.6274894e-05,0.00014673595,0.034214612,-0.016380154,-0.021179426,0.0710728,-0.027052326,0.002852294,0.02682267,score_roll3_mean,
RWA,-0.058045775,-0.26803705,-0.070249915,0.11939599,0.09067141,-0.017526934,-0.003931557,0.015941422,-0.10998451,0.8103397,0.58499783,-0.04277374,-0.16111664,0.060346156,-0.035832938,-0.4836268,0.024528323,-0.04807914,-0.010192381,-0.14904927,0.08815538,-0.0644212,-0.04560607,-0.026444798,-0.0106892185,-0.0012077012,-0.010163021,0.0014807913,-0.0016644369,0.014752572,0.0035100908,-0.019467032,-0.0034674646,-0.13903897,-0.015460855,-0.02176003,0.01135332,0.00031383857,-0.038534045,-0.0103040505,0.0006816947,0.0059677754,0.008542873,-0.049499333,-0.028822001,-0.010703141,-0.05874404,-0.21427613,-0.03024189,-0.094066165,-0.043448545,0.0070659313,-0.000850695,0.0035002683,-0.0008477762,-0.06937155,-0.0009965808,0.002828327,-0.0061716377,-0.054870512,-0.003029298,-4.2089124,-0.115671776,-0.38670623,-0.08560604,0.0,0.0,-0.005444114,-0.0037037865,0.033835296,0.024469892,-0.01053102,-0.010247283,0.0016993411,0.0008378455,0.023588205,-0.02467926,0.11662557,-0.07321932,0.10565895,-0.019784898,1.7221404e-05,-0.00017450762,4.1022802e-05,2.2381024e-05,0.016189262,-0.00561459,0.10047026,0.008851793,-0.0094892755,-0.036504015,0.016820114,score_roll3_mean,
SAU,-0.045766603,-0.24588594,-0.25731435,0.08167379,0.5450635,0.29460144,0.24343391,-0.021689424,0.37935463,0.017588282,0.44208053,-0.00045524005,0.12872772,-0.014898473,0.009768765,-0.5137374,0.32683283,0.014766054,-0.005063103,-0.09806545,0.3388418,0.033201255,0.06036782,-0.050177686,-0.10358173,3.668901e-05,0.0022374112,-0.000118549,0.00069895067,0.07570963,0.09218518,0.0071964944,-0.00828488,-0.017904038,-0.005028522,0.10107557,0.11189207,0.0037396424,0.0057719364,0.018444195,0.04978747,0.009644033,0.0044235988,0.0007801213,0.0039499337,-0.02553802,-0.037075527,-0.09767047,-0.012011155,-0.017374383,-0.04525299,-0.0142055005,-0.012011082,-6.927122e-05,0.0010989639,-0.0004893098,-0.0069965366,-0.0025358663,0.0064684283,0.15091252,-0.004006835,3.2711647,0.36262223,-0.006950435,-0.0007717928,0.0,0.0,0.01126092,0.02353378,0.000121020385,0.056165352,-0.0018761321,0.001600203,0.003983441,-0.00041788354,0.016270649,-0.007162014,-0.023053452,-0.05305318,0.004294574,0.00088009285,7.3254814e-06,-0.00015773148,4.523847e-05,-2.98526e-05,-0.08287269,0.03988705,0.0030732555,-0.01948412,-0.021205656,-0.0045149634,0.012051543,score_roll3_mean,
SDN,-0.04985121,-0.37158182,-0.11487445,0.0018420022,-0.028169299,-0.024012698,0.10711956,-0.020107023,-0.07256349,-0.64905095,-0.8821259,-0.026364597,-0.306493,-0.10626533,-0.33432904,-0.7103051,-0.00072323385,-0.035376903,-0.0013016602,-0.28917116,-1.486766,-0.048673727,0.0805097,-0.027188212,-0.0060659475,-0.0023557718,-0.007203457,-0.0016646101,-0.0006217381,-0.0263345,0.007655741,-0.0026984257,-0.016146049,-0.056320965,-0.025477273,0.007010635,0.09115778,0.002258059,0.008743255,-0.113666095,-0.010152548,-0.010257708,-0.031041475,-0.0025825284,0.051244568,0.04061035,0.039167784,-0.017570496,-0.005890818,0.0352158,0.016864244,0.010490358,0.0043386053,0.009490282,-0.008391591,-0.03589556,0.003494463,-0.03250177,-0.0019029329,-0.25220135,-0.00846891,-13.083195,-0.022758737,-0.1752907,-0.04836179,0.0,0.0,-0.03375384,-0.004138428,0.035147104,0.113146365,-0.0026514041,0.017856237,0.0002552751,-0.004961872,0.0017730795,-0.13097563,-0.038771264,-0.0661255,-0.02714581,-0.020294016,2.2094438e-05,-0.0007758917,4.904942e-05,0.00021555442,-0.014055293,0.007865267,-0.037243847,-0.00081986934,-0.03893538,-0.0011972034,0.014427368,score_roll3_mean,
SEN,-0.025650324,-0.21445312,-0.10055193,0.064765476,0.0069072316,-0.057314463,-0.01671036,0.017702341,-0.114889294,0.39905128,0.39995864,0.1424755,-0.19191775,0.04873889,-0.038534816,-0.5076342,0.034898765,-0.028047448,-0.008588999,-0.13885063,-0.123102024,-0.033522435,-0.03253868,-0.025243701,-0.014452125,-0.0023268317,-0.0032577026,-0.0010035837,-0.00070234435,0.06066317,0.067940265,-0.0006468652,-0.011286783,-0.020479333,-0.0068562855,-0.031124022,0.009626433,0.008558128,0.017000197,-0.018595329,-0.010663221,0.009423507,0.002438039,-0.03503284,-0.02284844,-0.040739,0.022973605,-0.08292498,-0.06826456,-0.059152626,-0.017197127,0.008823653,0.003958672,0.0039405287,-0.0012511952,0.0065584723,0.0046709743,0.00017344322,-0.003045493,-0.05012659,-0.0023883055,0.097421974,0.34645727,-0.47829953,-0.018029206,0.0,0.0,-0.022944445,0.00064574473,-0.07690502,0.054919485,-0.0012718694,0.018988848,0.0017681906,-0.022792019,-0.0001250982,0.009687678,0.009856653,-0.00014385924,-0.04846879,0.002377995,2.5815643e-07,-0.00012473397,4.223504e-05,-8.003842e-05,0.017218124,-0.004314446,-0.0055381185,-0.014164815,0.051839158,-0.004200221,-0.014123461,fh_combined_score,political
SGP,0.044011924,-0.033440217,-0.305641,0.035876554,0.4837476,-0.035840157,0.28770593,0.064031474,0.364887,1.4365476,0.5351972,0.10126793,0.29923213,0.09392256,-0.028931892,-0.29599378,0.048954714,-0.28753766,-0.019546654,2.8353047,0.31007,-0.0020596548,0.05912517,-0.11987504,-0.0035388672,-0.0015215474,-0.003532905,0.002922647,-0.0023275593,0.035259362,-0.03408965,0.015539639,-0.041975647,-0.023952207,0.005951722,0.14237952,0.10843914,-0.07562761,-0.025121044,0.0033175764,0.049586087,-0.02179273,0.012561963,-0.031711604,-0.01412891,-0.031708088,-0.1036249,-0.5681985,0.01424967,-0.08212694,-0.0318794,-0.033326726,0.0045112087,-0.011508489,0.007936113,0.016894564,-0.0044917306,0.002738748,0.00072220655,0.28910673,0.0033758176,16.85832,0.0015104688,-0.9076576,0.0066331574,0.0,0.0,0.026490334,0.008268639,0.03340528,0.0056746327,0.01679844,0.015760006,0.0038690427,-0.018350111,0.091008484,0.095282786,-0.025118636,0.0032781991,0.005402959,-0.011425665,3.369782e-05,-9.012934e-05,3.1008898e-05,-4.8831975e-05,0.002409652,0.075276114,-0.008612013,-0.0037912535,0.2466283,0.011886451,-0.037256643,score_roll3_mean,
SLB,-0.073974185,-0.14473851,-0.07736093,0.022715567,-0.1462229,-0.06761577,-0.1547797,-0.025058778,-0.11834773,0.03026874,0.57156795,0.0797682,-0.25278282,-0.1340568,-0.025960565,-0.5725112,0.056623954,-0.048852053,-0.011945022,-0.10034643,0.03878155,-0.06019735,-0.115902804,-0.02206023,-0.015107235,0.0017095843,-0.007059029,0.0021838145,-0.000991143,0.027173756,0.043497838,-0.0006781407,0.008278862,-0.13723001,-0.018332584,-0.032359045,-0.016723981,0.00455206,0.01177882,-0.058220413,-0.016401429,0.008336185,0.011462387,-0.029831937,0.041005045,-0.1664928,0.00047558674,-0.1550626,-0.028354224,-0.11337223,-0.102741554,0.0112601435,-0.0019315971,0.0056949155,-0.0056715272,-0.106943816,-0.03323651,-0.005626054,-0.008616037,-0.06438006,0.0012686035,-3.7420201,0.025619155,-0.34139258,0.0114113465,0.0,0.0,0.010277783,0.0106189605,-0.03873548,-0.049882736,-0.005857034,0.019107668,0.010196742,-0.016888628,-0.023889162,-0.008225666,0.07884651,0.0033003304,0.074704714,-0.015421403,1.2481801e-05,-0.00034185688,6.1917744e-05,-6.440942e-05,-0.01227481,-0.001452957,0.096338846,-0.010740593,-0.03648927,0.013018461,0.02450211,score_roll3_mean,
SLE,-0.0916674,-0.27462712,-0.12385423,0.04499018,-0.1524811,-0.03940581,-0.09720244,-0.008632449,-0.13103588,-0.4386337,0.48290712,0.07056295,-0.3907552,0.088958964,-0.14993756,-0.6278846,0.22114167,-0.040559564,-0.015351051,-0.3180646,-1.7894117,-0.06283598,-0.21939072,-0.040604014,-0.018027728,-0.00073333195,-0.003788166,0.003764924,-0.0008144232,-0.031228617,-0.008051814,-0.0011856469,0.0101255765,-0.098937735,-0.02979113,-0.022018887,-0.03760821,-0.010497018,0.0041350047,-0.03712136,-0.0465607,0.00015995547,-0.0011553783,-0.038479738,-0.06642477,-0.21508232,0.012081393,-0.13142376,-0.08914562,-0.034957908,-0.08098432,-0.008497133,-0.006023821,-0.028812384,-0.008565537,-0.03780272,-0.0036597778,-0.033955462,-0.0020810445,-0.41193247,-0.09643963,-11.133767,0.48792496,-0.54997396,0.0015435013,0.0,0.0,-0.10596006,0.002893976,0.0012215263,-0.018014224,-0.00558806,0.0292617,-0.006311477,0.0053567714,-0.01849904,0.014075361,0.015579402,0.015735023,0.020877033,-0.015148692,9.888686e-06,-0.00038535203,6.088132e-05,3.3957494e-05,-0.007251377,-0.003294073,0.024536049,0.024139488,-0.073264785,-0.031394843,0.013787331,score_roll3_mean,
SLV,-0.05633878,-0.20723599,-0.049968995,0.019975804,-0.038752805,-0.068042256,-0.121295825,0.0031473106,-0.10372025,0.033548705,0.40371642,-0.0669116,-0.034387622,0.061856803,-0.037888594,-0.57407874,0.032384124,-0.044557948,-0.00899796,-0.094128296,0.28041628,-0.016994925,0.02795974,-0.010831728,0.0042476165,0.013607906,-0.004934644,0.0025244795,-0.0016103261,0.0461901,0.02724112,-0.003865749,-0.008446031,-0.12579238,-0.040513463,-0.06317368,-0.005396573,-0.03674963,-0.012821772,-0.024260128,-0.0107035,0.01337752,0.013051474,-0.037301544,-0.044776704,-0.04644925,0.018205602,-0.13965012,-0.06975999,-0.072700925,-0.062808596,0.014318242,-0.0041579744,0.0015977025,-0.0025121453,0.0008961437,0.002791171,0.008322036,-0.002839798,-0.0250909,0.0020506266,-2.414057,0.7850043,-0.54810613,0.00032956866,0.0,0.0,-0.013076619,-0.04056396,-0.042157065,-0.018780861,-0.0010709675,-0.010688978,-0.025304334,-0.052616734,-0.0073587415,-0.013915542,-0.08283138,-0.003457943,-0.08261365,-0.04072086,5.1666534e-06,-0.0001223491,6.088132e-05,6.9791577e-07,-0.004117426,0.010087768,-0.14064062,0.007848089,-0.036205374,-0.071541004,-0.24180761,score_roll3_mean,
SMR,-0.19216795,-0.20072244,-0.45024696,-0.00013973827,-0.18533412,-0.07223255,-0.32389688,-0.03916753,-0.14641911,-0.5594003,-0.39795655,-0.0060647973,-0.39729223,-0.11085523,-0.09918135,-0.6037695,-0.0822872,-0.32883266,-0.013724108,2.7375922,0.28608415,0.11210178,0.030671623,-0.07823797,-0.06793776,-0.00086639397,-0.0030578712,0.0038059321,-0.0019212955,0.012731993,0.040917158,-0.0019851823,-0.025414445,-0.09357144,-0.00584323,-0.10373265,-0.04851837,0.0027065575,-0.0202957,-0.0374929,-0.04084922,-0.045738924,-0.037143428,0.0029496884,0.041216303,0.02758329,0.07652877,0.054572456,0.008736149,0.088426486,0.04985085,-0.00289456,-0.048991024,-0.022198664,0.02321012,0.0025038829,0.00082038296,0.051268134,0.00512396,0.1373869,-0.0051637567,2.9519284,0.6289119,-0.90656716,0.012259719,0.0,0.0,-0.07105708,0.0076559065,-0.042923536,-0.018178795,0.0057945433,0.002255052,0.00068271265,0.0015400804,-0.14153206,0.022785645,-0.017537007,0.0042494894,-0.035203747,-0.005802641,3.4833647e-05,-0.00045578365,3.1699157e-05,-6.424473e-05,6.569186e-05,-0.019220246,0.07880367,-0.008574291,-0.113180615,0.01985973,-0.3304687,score_roll3_mean,
SOM,-0.13573737,-0.25081274,-0.2441122,0.03021024,-0.2647256,-0.032586228,-0.94583046,-0.039744332,-0.07057659,-0.86934435,-1.4154614,0.00050160894,-0.6500974,-0.278146,-0.33157215,-1.2007927,-0.08922578,-0.007508656,-0.025454726,-0.43668202,-3.5018606,-0.080527045,-0.45730776,-0.0639758,-0.0055075916,0.0066529713,-0.004162394,0.003045145,-0.0005269985,-0.013725738,-0.031044442,-0.0025874998,0.0010608933,0.128991,-0.04544113,-0.055361982,-0.09058004,-0.00091347576,-0.0020902862,-0.17075743,0.0114344545,0.007301106,0.04993051,0.009983968,0.048530504,0.058601264,0.023104265,-0.034972828,-0.024534099,0.06490965,0.02769274,-0.013314318,-0.0054692733,-0.03742984,0.002888562,-0.09853109,-0.005054256,-0.020536292,-0.02051628,-0.61391723,-0.12807442,-18.265102,-0.047670588,-0.28119564,0.0015516201,0.0,0.0,-0.06363148,0.004433308,-0.056463834,-0.1875816,-0.034128673,-0.009988447,0.0008342429,-0.036484532,-0.029983083,-0.004994181,-0.029997602,-0.15106967,-0.036927532,-0.4101637,4.071707e-05,-0.006228176,0.00031724642,0.00016969108,-0.021796318,-0.010463893,-0.033704273,-0.011982513,-0.081099555,0.007105839,-0.27148172,score_roll3_mean,
SRB,-0.057651207,-0.23525295,-0.114476494,0.08776459,0.22288741,0.36607227,0.3253214,-0.006561814,0.28307086,0.4019829,0.3264084,0.10604185,0.14453337,0.10001086,-0.034123458,-0.61148113,0.06125851,-0.033547055,-0.0077832374,-0.040175937,0.33895648,0.06848952,0.06704202,-0.08188137,0.0059550838,-0.0028372942,-0.0055817296,-0.0009263652,0.0003187386,0.04570405,0.018763268,0.00572408,-0.035387576,0.017201541,0.007491338,0.027835483,0.032915704,-0.001415283,0.024384528,0.003411396,0.013729593,-0.006481633,0.016281778,-0.045959815,-0.028693993,0.01437914,0.033009868,0.029543482,0.04187183,-0.07298186,-0.03096046,-0.038265556,0.009846654,-0.00690472,0.009194728,-0.008472048,-0.0032832767,0.0007663719,0.007156925,0.22385328,0.0016588873,6.1154537,-0.019187648,-1.1027869,0.021683259,0.0,0.0,-0.03541313,0.01855028,0.017050251,0.031730264,-0.0027669151,-0.0044468027,0.00026559868,-0.009013497,0.018516967,-0.032557115,0.027518045,0.0096827885,0.012972655,0.033793826,1.7034987e-05,-0.00012874856,4.223504e-05,-2.990208e-06,0.015464848,0.059789702,0.07670764,0.065475754,-0.05507622,0.0070448816,-0.03931219,score_roll3_mean,
SSD,-0.036311958,-0.44500992,-0.12222321,0.028631385,0.3476911,-0.026587728,-0.20888828,-0.015491577,-0.059214033,-0.6358085,-0.99497026,0.008342514,-0.27272952,-0.0973826,-0.26840815,-0.65435797,-0.0031721957,0.036871918,-0.0120569505,-0.40921238,-1.7544985,-0.0039808545,-0.2611066,-0.020802217,-0.0065958905,0.010761066,-0.010914983,0.0036000442,-0.00018620503,-0.0058824713,-0.03546722,-0.0013319307,0.0020549733,-0.122335,-0.009254347,0.013701398,0.12147236,0.002114096,0.008803342,-0.056630015,-0.005407991,0.00076099025,0.00083579484,0.014713047,0.04800721,0.044270743,0.032253955,0.057263855,0.012102037,0.0712314,0.03873559,-0.008855112,0.0014893695,-0.008483562,-0.00896173,-0.042773318,-0.005183806,-0.001047121,-0.0047623073,-0.32108852,-0.0014163414,-13.70845,-0.049802236,-0.0036002256,0.0034784926,0.0,0.0,-0.044040907,0.005590487,0.04824174,0.09686786,-0.02876722,-0.007887439,0.0006340764,-0.01978085,0.06947284,-0.02698075,-0.0081897285,0.010823649,-0.02214827,-0.00079367816,3.7001e-05,-0.004386344,4.904942e-05,0.00018934002,-0.015657429,-0.0044201002,0.035866998,0.005524183,0.03156616,-0.088470794,0.11828748,score_roll3_mean,
STP,-0.057767123,-0.2819878,-0.093476355,0.08399777,-0.10882097,-0.0619603,-0.19920048,-0.011240544,-0.11714871,0.19481128,0.58247787,0.16373892,-0.14604656,0.051793627,-0.048671838,-0.73464483,0.13405849,0.0111406855,-0.013554453,-0.1813171,0.46181133,-0.0053189844,-0.12153787,-0.028021378,-0.02161377,0.010817647,-0.005757899,0.0038109974,-0.0018725765,0.12067194,0.17474207,0.00016852177,-0.017681561,-0.050851505,0.007532676,-0.080863886,-0.015178401,0.019608062,-0.0002517952,-0.011278992,-0.0009798423,0.009515691,0.008223367,-0.030700302,-0.035310682,-0.08320319,0.0039785802,-0.06541915,0.055966593,-0.040514663,-0.055017672,0.03935526,-0.040916566,0.009404558,0.013748685,-0.03691374,-0.007279344,-0.003330349,-0.0020244902,0.1582241,0.004665857,2.796631,0.35349393,-0.5131214,-0.013324183,0.0,0.0,0.0167232,0.008564686,-0.0010334956,-0.011137354,-0.0068359533,0.0067141005,0.00091686216,-0.008154471,0.00081112306,0.0044723866,0.035808004,0.074652955,0.026123423,-0.016242087,1.8580715e-05,-0.00036985034,6.05303e-05,2.5294019e-05,-0.0055229715,-0.0063391086,0.062946,0.17915311,-0.020319004,-0.02694942,0.30373636,score_roll3_mean,
SUR,-0.048133343,-0.15107757,-0.07333069,0.027927754,-0.14321128,-0.06516742,-0.29414272,0.0033831587,-0.14910325,0.01301659,0.45851213,0.07669827,-0.21318653,-0.0070384275,-0.043812644,-0.48709235,0.13340186,-0.044167865,-0.005457877,-0.094332874,0.06551744,-0.03178499,-0.034544952,-0.02251355,-0.048316874,-0.0004761901,-0.004755885,-0.0027258391,-0.001250777,0.040497564,0.044499207,-0.0010141563,0.005769556,-0.093260966,-0.033750433,-0.04554513,-0.017393596,0.014189833,0.003209526,-0.061826702,-0.016138153,-0.059513338,-0.024529884,1.5924648e-05,-0.024871716,-0.048328727,0.017555691,-0.10553058,-0.054535147,-0.03146852,-0.07270977,-0.001798781,-0.00033122208,0.0031871125,-0.0006810626,0.008014887,0.006127652,0.019114489,-0.005558151,-0.062168743,-0.0071734446,-2.2733552,0.028770331,-0.604018,-0.040869854,0.0,0.0,-0.0031013717,0.0045147925,-0.055075083,-0.057412703,-0.0018184425,-0.019113418,0.002219783,0.003445399,0.00077138585,-0.013731493,0.017226353,0.02293535,-0.065015435,-0.009965503,1.37706575e-05,-0.00032935615,0.00031724642,-0.00013598384,-0.006687886,-0.0047266604,-0.048132624,-0.008371997,0.014845561,-0.04505722,0.024238167,score_roll3_mean,
SVK,-0.021523783,-0.14866322,-0.005597229,0.07841025,0.19860806,0.4534248,0.3095142,0.021238046,0.24271488,1.4296674,0.6818618,0.25533137,0.13201283,0.081584245,-0.03372963,-0.48208225,0.05963399,-0.032582447,-0.006848016,-0.07557593,0.3980573,0.08237547,0.03571507,-0.12114926,-0.008652568,-0.0035291873,-0.0054716,-0.00027642696,0.02980767,0.07269812,0.035879195,0.029437177,-0.024723547,0.018607885,-0.017288033,0.056996584,0.02881008,-0.0053828335,0.011813364,0.00778391,0.035753842,-0.038727265,-0.13871926,-0.041856408,-0.029636094,-0.019098943,-0.007525421,0.05812674,0.08763935,-0.08569637,-0.033669986,-0.026306087,0.0006328641,-0.013375564,0.008657098,0.029215189,-0.0010749275,0.0014262302,0.0063065593,0.2483664,0.0014751211,12.039954,0.111304924,-1.4084382,0.0048068753,0.0,0.0,0.035356563,0.005491536,-0.01333933,0.0034173273,0.011968185,0.015277076,0.0015771596,0.031181771,0.0119773485,0.005955878,0.009450747,0.027579097,0.009346417,0.0064252685,2.0183683e-05,-0.0001086373,3.3583157e-05,-0.00021614115,0.009098963,0.040859394,0.0054884823,-0.0050264955,0.11361071,0.00039832355,0.016321497,score_roll3_mean,
SVN,-0.11144771,-0.15596946,-0.15102416,0.06763359,0.1667844,0.26310548,0.25182998,0.027933383,0.23755835,1.3353583,0.45672643,0.32592446,0.14854093,0.100449696,-0.032375976,-0.39329872,0.058498148,-0.31873563,-0.011845458,2.0381129,0.28033203,0.06061666,0.044135556,-0.15890802,-0.010825634,-0.0031647594,-0.0044201347,0.0030013684,-0.021107543,0.06205009,0.02369548,0.008012774,-0.035888236,-0.051369373,-0.024432443,0.017834453,0.02257087,-0.014688941,0.0115647735,-0.010917029,0.013918535,-0.04465426,-0.014849269,-0.03700167,-0.03104489,-0.035568744,-0.1048181,-0.07575591,0.07415583,-0.08836389,-0.045038074,-0.03739335,0.014191404,-0.012941295,0.007719325,-0.0030528787,-0.0043681855,-0.0015423585,-0.0028920986,0.27929762,0.003240818,14.072482,0.110645905,-1.7594908,0.003924516,0.0,0.0,-0.038616717,-0.0015548468,0.009476924,0.007535435,0.007219024,0.013090268,0.0038134912,-0.03194216,-0.16622865,-0.07304492,0.007140463,0.014007013,-0.00039646588,0.0043861056,2.7711147e-05,-0.00010840843,3.3583157e-05,-0.00022569943,0.003275423,-0.03614992,-0.00016714903,-0.007989689,-0.08613539,0.0023495208,0.0024411313,score_roll3_mean,
SWE,0.014448331,-0.07520888,-0.28530532,0.04639172,0.27423358,0.11269412,0.28213328,0.016290937,0.42299005,1.4517796,0.6383128,0.27762252,0.14624408,0.06630034,-0.032523867,-0.34618902,0.041897364,0.21286936,0.013675052,2.7377264,0.28865394,0.07697487,0.05161255,-0.08321054,0.0038423757,0.0012289771,0.021565342,-0.0001427186,0.0047991043,0.025366519,0.029115334,0.0014601294,-0.042365994,0.004816437,2.2551103e-05,0.010871307,0.106602535,-0.0130608445,0.00036830403,-0.026287634,0.020433756,-0.025791962,0.007511892,-0.04099728,-0.016898688,0.025097193,-0.16831104,-0.3091802,0.02355012,-0.13542458,-0.049952473,-0.051659472,0.009266947,-0.012864412,-0.013744733,0.00270417,-0.0073396876,-0.0065682577,-0.003268547,0.29308832,4.6939247e-05,24.243221,0.2631265,-1.215897,0.012228572,0.0,0.0,0.07230799,0.012403238,0.07997455,0.045998987,0.0021374736,0.0057418626,0.0038118162,0.006055066,0.077447414,0.013719564,-0.027676944,0.002585886,0.01333544,0.018804977,2.1984348e-05,-9.2979906e-05,1.9685202e-05,-0.00022569943,0.0017865596,0.021122739,-0.0067765587,-0.0003692573,0.056497935,0.018286014,-0.011804875,score_roll3_mean,
SWZ,-0.059638645,-0.43109268,-0.11319721,0.012651258,-0.18847191,-0.07462379,-0.21097413,0.008950259,-0.07016631,-0.23247492,-0.72552633,-0.026445415,-0.13355516,0.103287235,-0.14073746,-1.1090103,-0.016868968,-0.004001381,-0.01320057,-0.45568913,0.423371,-0.058557734,-0.22792003,-0.026252499,-0.008690267,0.010762257,-0.0040428573,0.0035815162,-0.0010566885,0.051702313,0.07937875,-0.001776186,-0.079668045,-0.28885284,-0.058168154,-0.020119034,-0.04111099,-0.0095912395,-0.0075336867,-0.092018954,0.0032597815,-0.0087812785,0.02106178,-0.010163988,-0.05063443,-0.17357816,0.0029824907,-0.06298199,-0.059583467,-0.10124204,-0.06526529,0.01153712,-0.005867877,-0.021329952,-0.036590658,-0.08295363,-0.015098472,0.007432478,-0.011118568,0.5425932,0.0030722907,-8.6635685,-0.07975198,-0.5513379,0.008236521,0.0,0.0,-0.020295434,-0.0070058424,0.015805673,-0.543847,-0.006975718,-0.055426616,0.0017200634,0.0058234953,-0.011696336,-0.0046010683,0.030054381,0.0031536424,-0.051029336,-0.08542922,3.3148423e-05,-0.00023717545,6.088132e-05,0.0001544897,-0.019450927,-0.027458148,-0.05892061,-0.0034956867,-0.009225764,-0.0048269564,-0.027473878,score_roll3_mean,
SYC,-0.017505022,-0.24292953,-0.079369195,0.08783389,-0.11328122,-0.043181174,-0.0653909,0.00078211905,0.016744573,1.1394494,0.8499972,0.13064833,0.10186598,0.018049983,-0.03089653,-0.58466095,0.108244464,-0.06530014,-0.00770683,-0.0816048,0.2649822,-0.042464703,-0.022448603,-0.05525607,-0.002736642,-0.0007237626,-0.0072920225,0.0042389883,-0.0018154979,0.10139341,-0.000800456,0.0060026175,-0.018887702,-0.0688659,-0.015175861,-0.08899239,-0.011428675,0.033545222,0.026219048,-0.0010382815,0.005909662,-0.037227776,-0.0001537507,-0.008902082,-0.015693024,-0.053284645,-0.120765224,-0.29341933,0.0006729489,-0.14915061,-0.021676777,0.026633883,-0.028570767,0.0008732492,-0.005643072,0.006521936,0.0028798003,0.00044117303,-0.0064865677,-0.032810867,0.0026226114,1.8169897,0.40647972,-0.7437416,0.006686687,0.0,0.0,-0.0006306946,0.00033113733,-0.036923163,-0.0091950605,-0.0029218274,0.029102078,0.013831666,0.03456886,-0.0014087114,-0.008662399,-0.0032002965,0.042047013,0.0059137847,0.00063961884,2.5207963e-05,-0.0002762272,3.3583157e-05,-0.00039177958,-0.0058616973,0.026969988,0.02840849,-0.020048458,-0.036074534,0.02417948,0.24134816,score_roll3_mean,
SYR,-0.07249796,-0.41641718,-0.057715587,0.0074135102,-0.15539086,-0.0005348417,-0.004052324,-0.018441338,-0.042952448,-0.6190804,-0.85113925,-0.03514318,-0.2804375,-0.10454283,-0.09555767,-0.90423113,-0.033747245,-0.005057501,-0.0014231821,-0.094042934,0.48422915,-0.000119743905,0.088118635,-0.048850402,0.0006720298,-0.00063178403,0.0032289568,-0.0005397036,0.005367468,-0.09300603,-0.032505196,-0.015900312,0.07106056,-0.21558987,-0.009321089,0.0041133882,0.06105019,-0.0005303975,0.007354909,-0.022167742,-0.00092940463,0.010407414,-0.0034259895,0.015894862,0.056994617,0.008471515,0.03611281,0.02441436,-0.006512779,0.09967947,0.018396497,-0.014690254,-0.013993101,0.00072011293,-0.032458298,0.006489185,0.00036240308,-0.0022966394,-0.0023061805,-0.23446104,0.0017582317,-10.054424,0.15281084,-0.090437666,0.002734078,0.0,0.0,-0.006568469,0.022637144,-0.022483712,0.052114423,0.0061653494,-0.003396267,0.00081858627,0.007963535,-0.016759763,-0.420344,-0.06675196,-0.05217564,-0.025875542,-0.09878462,1.265543e-05,-0.00072619185,4.904942e-05,0.0002677867,0.011072474,-0.0013344493,-0.06821908,-0.010756349,-0.053946584,0.0060689044,-0.04243128,score_roll3_mean,
TCD,-0.06852204,-0.3191746,-0.16614161,0.031503934,-0.049163546,-0.028710097,-0.12205477,-0.013409995,-0.0624342,-0.7133573,-1.0401605,-0.038363885,-0.4123912,0.037945684,-0.3930893,-0.8306266,-0.04996074,-0.036181998,-0.027958915,-0.39856806,-2.139764,-0.05421745,-0.2720462,-0.040931657,-0.02256559,-0.0010484977,-0.001265003,0.003456422,-0.00010633987,-0.021369755,-0.039839186,-0.002596925,-0.001534026,-0.06884456,-0.023816688,-0.022423211,0.0007089458,0.0034946783,0.009781984,-0.11779511,0.015097875,-0.002605688,-0.021753939,-0.0311351,-0.05786964,0.027998019,0.030817995,-0.0450761,0.009459222,0.0073254914,0.007954987,0.017678495,0.0068767546,-0.026587633,-0.01186382,-0.06385582,-0.0057587116,-0.0023459184,-0.0044047534,-0.6575911,-0.010552796,-17.538984,-0.11786187,-0.326498,0.0033906377,0.0,0.0,0.008184876,0.0051485985,-0.062245864,-0.058740705,0.0029973935,-0.033305466,-6.811871e-05,0.0056930967,-0.012495801,-0.03381733,0.021556588,-0.022101266,-0.046637584,-0.2010578,2.2155298e-05,-0.00089749775,6.088132e-05,6.638765e-05,-0.021065703,-0.010441515,-0.03890207,-0.013085041,-0.081909776,-0.0063843336,-0.01919852,score_roll3_mean,
TGO,-0.07203437,-0.18746504,-0.10107293,0.030855706,-0.12942328,-0.0054357457,0.046717286,0.0138385035,-0.0654117,-0.32351667,-0.17077455,0.005794694,-0.11188754,0.08498412,-0.13992444,-0.8400037,0.10689481,0.037962817,-0.014902156,-0.23433486,-0.904874,-0.05738302,-0.049154524,-0.026870754,-0.0062656053,0.009940318,-0.0062863915,0.0038739608,-0.00091404596,-0.008384816,0.019966705,-0.0015134268,-0.0010295927,-0.061045546,-0.023071485,-0.034273136,-0.0567593,-0.013832012,-0.0015312181,-0.0120861335,-0.023180738,-0.0028253521,0.01991381,-0.03505609,-0.05169668,-0.08628173,0.018711867,-0.06690861,-0.04226234,-0.002394302,-0.03545941,-0.002388529,-0.0053141084,-0.01965208,-0.00201503,0.004188646,0.0050246683,-0.043553587,-0.0028633461,0.00045428466,-0.007728806,-6.169934,0.21104231,-0.61135155,-0.030884735,0.0,0.0,-0.07254448,-0.0022325704,-0.010680362,0.021302896,-0.0057109054,0.05550534,0.0062042684,-0.00035835578,-0.032817274,0.002063571,-0.022746675,0.010018787,0.017676886,-0.002601964,2.2863383e-05,-0.0002040804,6.088132e-05,8.278999e-05,0.027000837,-0.016540255,0.055657867,0.027526187,-0.0437722,-0.020987108,-0.0111057535,score_roll3_mean,
THA,-0.07587355,-0.2282364,-0.22983405,0.08561217,0.41287002,0.47867998,0.26617768,0.056318305,0.31383127,-0.024471927,0.44962588,0.023831576,0.13862124,0.012586474,0.020643534,-0.44447058,0.36633793,0.025861869,-0.0067606163,-0.074534155,0.35265538,-0.024680398,0.048139688,-0.027617337,-0.091925085,-0.0008728213,0.00181315,-0.0007115812,0.0005005976,0.05682838,0.015654413,0.0024055063,0.009227165,-0.013256393,0.005669321,0.0338735,0.05789142,0.012486387,0.07044032,0.04994773,0.078165546,-0.043372326,0.011162169,0.004641656,-0.0077429204,-0.0162465,0.048352625,0.018369675,-0.007015559,-0.021766733,0.003546087,0.0072112856,-0.0004004983,-0.016361741,0.012190162,0.002322913,-0.005737977,0.0037328214,-0.0057533537,0.17379236,0.004837844,4.002847,0.23269272,-0.1296562,-0.0234951,0.0,0.0,-0.010225148,0.021325588,0.0059767803,0.023337744,-0.010863477,-0.07403931,0.00074154563,0.033066873,0.028119864,0.020737203,0.0076168664,0.014423247,-0.023519695,0.002966739,1.05556965e-05,-9.674675e-05,4.523847e-05,-1.5035028e-05,-0.08605397,0.0460318,-0.03681592,-0.0106722955,-0.02860287,0.004999317,0.00016322316,score_roll3_mean,
TJK,-0.027496316,-0.4259037,-0.11036174,0.003763221,0.3341029,-0.03129003,-0.0413337,0.021485327,-0.083951175,-0.5344356,-0.65418106,-0.050248474,-0.08491684,-0.09317408,-0.109470546,-0.5426005,-0.044415213,-0.030661318,-0.0054427055,-0.08117682,0.2922215,0.007038916,-0.016787944,-0.021770779,0.00011703931,-0.00060077006,-0.0023557302,-0.0019647842,-0.000693018,0.04842861,0.057094883,-0.013918012,0.010509153,-0.24637876,-0.026665293,0.008836714,0.083413646,0.007211989,0.012098094,0.021138523,-0.008196502,0.004708101,0.018137947,0.009056495,0.048421454,0.04686664,0.03045021,-0.025579408,0.003447505,0.046104345,0.003158909,0.00081929757,-0.01696698,0.0032700505,-0.03656462,0.032311775,0.002706099,0.009524881,-0.012546402,-0.23950255,-0.0020025985,-10.16008,0.23975512,-0.1268154,-0.17584606,0.0,0.0,-0.010485653,0.00030932875,-0.04107332,0.02529496,0.011054272,-0.009373801,-0.0004342155,-0.04908811,-0.026890429,-0.044302486,0.017356362,-0.11325395,0.007279234,-0.010287212,1.2132844e-05,-0.00069607794,6.1917744e-05,0.00011520248,-0.010050422,-0.0003453378,-0.10988553,0.006405628,-0.05851116,-0.006422492,-0.02130903,score_roll3_mean,
TKM,-0.059398923,-0.20183808,-0.17858388,0.00435472,-0.120275415,-0.025970483,-0.1251554,-0.020195179,-0.05839593,-0.7411984,-0.97679317,-0.031228364,-0.31836924,-0.13103576,-0.46078962,-0.69768065,-0.0018318882,-0.03191919,-0.0089798765,-0.15111232,-1.7925878,0.014744234,-0.020031951,-0.06698464,-0.005109723,-0.0012742851,-0.0023105333,-0.0012533698,0.0052100215,-0.019097723,-0.03318061,-0.014269816,0.0037371495,-0.10867979,-0.018406492,-0.045847762,-0.047483314,0.0010232645,0.0074460204,-0.056694504,0.010334934,0.0046804133,-0.0060985605,0.0004548237,0.060909122,-0.0006868701,0.016293665,0.0027445008,0.00059175555,0.060571756,0.012708037,0.005713076,-0.0024690274,0.016358927,-0.008202567,-0.102043755,0.0020825595,0.030969959,-0.0076883906,-0.39727095,-0.00834485,-15.494515,-0.023252727,-0.16138008,0.006725822,0.0,0.0,-0.029119395,0.0075268825,-0.06418465,-0.09540121,-0.0012731327,0.004572885,0.0012451776,-0.002949893,-0.03379061,-0.077283986,0.017954497,-0.01059877,-0.042722017,-0.009539312,1.5503363e-05,-0.0007435856,4.904942e-05,0.00012219824,-0.020394655,-0.014431913,-0.03474414,-0.0012767004,-0.07159898,-0.0029647883,0.026431484,score_roll3_mean,
TLS,-0.044863854,-0.26365718,-0.059566736,0.035714224,-0.11303438,-0.025800485,-0.14848821,-0.011798871,-0.10347685,-0.07616363,0.5460397,-0.006843822,0.025473757,-0.036822453,-0.087033756,-0.5832405,0.09792458,0.011367252,-0.009336987,-0.11290596,-0.9622319,-0.011189417,-0.015215774,-0.026453732,-0.01404454,0.012852506,-0.01161977,0.004203411,-0.0008604611,-9.696269e-05,0.0024964123,-0.0010780642,0.008864755,-0.05110397,-0.01335115,-0.032265868,-0.021506036,0.009332283,0.011984695,-0.05739044,-0.015970703,0.0054258043,-0.0043209726,0.0033109058,-0.031600814,-0.023257414,0.014495931,-0.13621563,-0.029811377,-0.021707833,0.017109083,0.018064128,-0.0094377175,0.0061658137,0.0005978412,0.0006945457,0.0069830543,0.123725735,-0.010447091,-0.11255265,-0.0062095285,-1.7491156,0.4462921,-0.4873812,-0.009762929,0.0,0.0,-0.019013612,0.0112098465,0.013113656,-0.00615199,-0.004814088,0.0001417803,0.018973136,0.0010338576,-0.005091836,-0.022786114,-0.0002785051,0.022159036,0.03794327,0.010665097,1.427104e-05,-0.00027748832,6.088132e-05,-0.00017404134,-0.006811538,-0.008446369,0.08717981,0.021200353,-0.03608124,-0.035224553,0.10840411,score_roll3_mean,
TON,-0.06989352,-0.24544415,-0.47100726,0.11173734,-0.118086986,-0.057156943,-0.23450103,-0.008776845,-0.13162772,0.6061288,0.6105659,0.24059942,-0.03242352,-0.08232175,0.01432009,-0.68331623,-0.13744567,0.0001099338,-0.01572783,-0.108501546,0.27468985,-0.045037426,-0.034204688,-0.041749552,-0.10575525,0.014170149,-0.014674445,0.0036925504,-0.0017641736,0.082423694,0.123746976,-0.0010098005,-0.0119234845,-0.071518295,-0.019575037,-0.0974051,0.011809929,0.004752692,-0.009556892,-0.025072845,-0.036711425,-0.011419956,0.0030212693,0.0037702126,0.0026175994,-0.05210439,0.018828446,-0.023130165,0.025107644,-0.099736646,-0.029718647,0.023325326,-0.015146552,0.0038916417,-0.005589962,-0.026021872,0.0072231097,-0.006339174,-0.013307065,-0.027377056,0.0012039001,3.6947381,0.3903127,-0.95343286,0.002732814,0.0,0.0,-0.010552751,0.018893106,-0.009777809,-0.019731537,0.0026303506,0.01107109,0.007135608,-0.0029820895,-0.0019779915,-0.0055235354,0.10063859,0.06975557,0.044225786,-0.04287745,3.8132603e-05,-0.00030146103,6.156672e-05,-4.4204742e-05,0.011245921,-0.006035129,0.06696824,-0.008853837,-0.012340657,-0.014218796,0.27800146,score_roll3_mean,
TTO,-0.017980855,-0.17775989,-0.14332533,0.054767057,-0.01816269,0.019050365,-0.031970657,0.0065270048,-0.14610715,0.47810534,0.6281861,0.096565925,0.15412419,0.057473093,-0.037050225,-0.4618206,0.107905865,0.010533362,-0.0049477527,-0.09252153,0.18825735,0.066691436,0.0027955081,-0.10169849,0.013378924,0.011298749,-0.0109777,0.0030304706,-0.0018988434,0.055243876,0.022100627,-0.0009527614,0.019138278,-0.040575482,0.0130917495,-0.087046705,-0.009776914,0.012821726,0.029974725,-0.02368323,0.0031547577,0.002529616,0.0050925324,-0.03440462,-0.00566025,0.02328849,0.05026693,-0.010702524,0.092686415,-0.052704412,-0.035047155,-0.009645906,-0.02202175,0.0007881194,-0.00054775947,0.012540862,0.004398823,0.010272919,0.012093074,-0.028233627,0.0017829667,7.9461284,0.21387568,-2.0671785,0.044469934,0.0,0.0,0.008796515,0.007941614,-0.011758054,0.009863266,0.0015131687,0.02280149,0.0035030951,-0.0025470613,0.0052999617,-0.011618338,0.0060506985,0.00080746796,0.2113427,0.011449208,1.7813216e-05,-0.00014365658,4.223504e-05,-0.00022889253,0.032392237,0.007396786,-0.080870755,0.069481604,-0.04306894,0.0009263645,0.015856858,score_roll3_mean,
TUN,-0.060249817,-0.16611144,-0.08028631,0.07951597,0.22807954,0.46211973,0.21758503,0.028938714,0.009788117,0.52807456,0.3895523,0.010536375,-0.16068102,-0.055001788,-0.04995058,-0.52200633,0.18822497,0.0175067,0.009030408,-0.0640202,0.2699815,-0.02147478,0.035230614,-0.04070501,0.0017641883,0.00045470917,0.008413474,0.01403333,0.0016056632,0.049868815,0.017629333,-0.0027679051,0.013399062,-0.002071599,0.015844787,0.022758542,0.05050182,0.008520325,-0.002583304,0.013142899,0.047271498,-0.010119346,-0.0029407218,0.00066256314,0.004338534,0.021825956,0.012062814,-0.06558204,-0.0071103163,-0.06470063,-0.051460568,0.03122107,-0.0019322425,-0.007540378,0.015833901,0.0027001612,0.0008876152,0.0036783982,0.00154741,-0.048466213,0.005894181,6.0732775,0.005364289,-0.8547571,0.032714177,0.0,0.0,0.03117937,0.013746663,-0.0048678634,0.07875043,-0.0017679454,-0.0008714081,0.0051212558,-0.0026981425,-0.00064806204,-0.008159191,-0.014520167,0.0044926344,0.0015862334,0.0055257725,9.358655e-06,-0.00010275315,4.223504e-05,8.020601e-05,0.02213926,0.03626302,0.019709501,0.05695538,-0.024163114,-0.0035811777,-0.04368131,score_roll3_mean,
TUR,-0.060434304,-0.16760732,-0.33327496,0.056487452,-0.100899085,0.060681276,0.23081347,-0.009508456,-0.0723884,0.03203226,0.5865898,-0.028749192,-0.1113105,0.093085065,0.0042139553,-0.5823259,0.38665408,0.4635928,0.085794546,-0.08020105,0.37296662,0.037800606,0.03421034,-0.021421393,0.06571976,0.0004607076,0.019269558,0.0016601004,0.0037190071,0.036935046,0.018232245,0.0050255586,-0.025516747,0.027468314,0.0038621204,-0.11978496,-0.006357839,-0.006893863,-0.016301379,-0.0069276355,0.07158358,0.025112066,0.0037894729,-0.04963331,-0.029951282,0.06359316,0.048832648,0.010924775,-0.024555106,0.014996945,0.019586004,0.013521792,-0.02076835,-0.016533652,0.016876055,-0.0006789363,0.003153292,0.0016199416,-0.0018447371,-0.04380915,0.000956153,5.075651,0.09861985,-0.5999077,0.020196686,0.0,0.0,-0.053309485,0.02338323,-0.019217486,-0.011122178,0.0007425774,-0.0010723603,-0.025110316,-0.008524053,0.04473484,0.015026573,0.006537113,-0.030259876,-0.02458874,0.0039400174,-3.1945724e-06,-0.00014945894,4.523847e-05,-5.0278766e-05,-0.07179752,-0.008653141,-0.040752035,0.0041121915,-0.032219663,0.013733248,-0.13889043,score_roll3_mean,
TUV,-0.0926221,-0.20511435,-0.10146062,0.01154666,-0.19414131,-0.030408565,-0.42923218,-0.019555442,-0.06544618,-0.4851307,-0.894141,-0.011139986,-0.2977235,-0.1530475,-0.110867046,-0.800522,0.16292222,0.02621877,-0.023583615,-0.24056192,-0.010636091,-0.013616345,-0.17799713,-0.031431515,-0.02029572,0.007553195,-0.009973924,0.0034287008,-0.0008465875,0.09412921,0.122073576,-0.0021530117,-0.0019604955,-0.06116821,-0.06367352,-0.024422655,-0.07342235,-0.0055409535,0.004668313,-0.0347613,-0.013318156,0.0022647101,-0.03514432,0.0056328634,0.024424816,0.02805526,0.04334644,0.053140413,0.010526735,0.069629915,0.041664325,0.00367308,-0.0062001282,-0.07624483,-0.006196689,-0.36925972,-0.025062438,0.011049799,0.0056769857,-0.034845985,-0.012446212,-2.842891,1.394213,-0.3070938,-0.08360557,0.0,0.0,0.03499608,0.010619085,-0.23910728,-0.05038577,0.00011064294,-0.0065296404,-0.0005276715,-0.0010975829,-0.00082321087,0.018845674,-0.07342717,-0.0018338229,-0.052377608,-0.0048913956,2.1440592e-05,-0.0006663477,0.00030631592,8.996516e-05,-0.006350782,-0.0075053545,0.102329284,0.044897992,0.24436992,0.020103432,0.095332064,score_roll3_mean,
TWN,0.032253224,-0.06841792,0.028005788,0.11844277,0.49062157,-0.041613802,-0.117230564,0.01953885,-0.08407783,1.850402,1.1230024,0.30600208,0.35431638,0.1349867,-0.04084086,-0.64391196,0.090635344,0.038390093,-0.010806909,-0.13228118,0.53726625,0.017966166,-0.06662995,0.03156662,0.04022051,0.010172549,-0.004264965,0.0043206075,0.0018726818,0.014795156,-0.012974423,-0.0028995886,0.006995516,0.15134023,0.051669903,0.25559384,0.20946984,0.051601697,0.035931576,-0.006932944,0.017873479,0.036476623,0.03459939,-0.039057497,-0.039400183,0.016265448,-0.07521748,-0.1187257,0.018413467,-0.052084938,-0.008828557,0.0300716,0.008403483,0.010340289,0.06692334,-0.040610474,0.02345212,0.039276924,-0.005115524,0.2435136,0.0010199833,31.660229,0.101552844,-0.4994196,0.003956029,0.0,0.0,0.64512455,0.01342053,0.11727671,0.085188724,0.009740254,0.061564907,0.00067400414,0.036740556,0.0041666427,0.18331811,0.18573448,0.07232599,0.047466267,0.006403076,2.1390413e-05,-0.00031200622,2.7990642e-05,-2.762445e-05,-0.001940654,-0.007974503,0.05830232,0.055125874,0.06429522,-0.002859488,0.19606483,score_roll3_mean,
TZA,-0.0468662,-0.22833824,-0.065165386,-0.002659594,0.25573108,-0.02875581,0.102315456,0.029044988,-0.117624216,-0.03963921,0.31928203,-0.011083473,-0.17593585,0.037253596,-0.048511975,-0.6295392,0.07508204,-0.0044854805,-0.007297698,-0.2471252,-1.1341528,-0.061531607,-0.05417108,-0.041448865,-0.020849096,-0.0013743343,-3.1318836e-05,-0.0011843288,0.0012097224,-0.02811239,0.0023568922,-0.0056709014,0.002644845,0.009750406,0.014688921,0.0025251273,0.040498137,-0.011278386,0.0035049669,-0.01518575,-0.0032013704,0.005798836,0.0057852305,-0.0051311078,-0.01682534,-0.010607851,0.03584305,-0.07505173,-0.029772794,-0.049922097,-0.023149285,-0.0114603145,-0.0009917134,0.008965396,-0.00042996168,-0.03043901,-0.012630225,-0.02708809,-0.0062026093,-0.055170406,-0.03884777,-5.474672,-0.072927706,-0.34136564,-0.043234352,0.0,0.0,-0.054468486,0.00043428945,0.005518516,0.029314853,-0.0020916162,-0.025471602,0.0013924681,-0.052065022,-0.016176851,0.029369466,-0.0118044745,0.00472175,0.019616306,0.0037206379,7.373537e-06,-0.00018424999,6.088132e-05,1.9184394e-05,-0.012368157,-0.00068602373,-0.060757402,0.0061966744,0.017592646,0.0014725517,-0.019819845,score_roll3_mean,
UGA,-0.056090266,-0.3086312,-0.06446867,0.004627217,0.35893032,-0.014573918,0.11707363,0.022175599,-0.059561692,-0.02238619,-0.7122444,-0.0029933988,-0.15086107,0.026190704,-0.098235786,-0.8224315,0.028544832,-0.058699373,-0.00021723361,-0.2613304,-0.38686457,-0.0652977,-0.14119016,-0.0076759434,-0.020290313,-0.0027607752,-0.0053504636,0.002551638,-0.001709807,-0.019801889,-0.06832089,-0.013763784,-0.016058493,0.013889158,-0.0115773035,0.011385572,0.06034078,0.01022489,0.0051054037,5.970667e-06,0.0037338522,0.0071851574,0.0028926106,-0.008779516,-0.019320011,-0.040685058,0.026962556,-0.040284093,-0.03360441,-0.07334526,-0.079610065,0.009413473,0.00138889,-0.0057491744,-0.002123933,-0.37323847,-0.011838331,-0.018604677,-0.004369036,-0.048883706,-0.007999778,-7.2106996,-0.071245655,-0.3177392,-0.009253958,0.0,0.0,0.06420268,-0.00048123536,0.010362727,0.037762515,0.0033068662,-0.055981934,-0.0069348686,0.0045352005,0.014020445,0.010785782,-0.037703477,-0.010641481,-0.043148182,-0.0087266555,2.4128922e-05,-0.0002278544,6.088132e-05,6.879282e-05,-0.015193931,-0.014276592,-0.086345874,-0.0011001399,0.026288647,0.009303777,0.015287527,score_roll3_mean,
UKR,-0.04854975,-0.24951331,-0.09628495,-0.009209785,0.3766961,0.02320488,0.2711991,0.054488823,0.26150146,-0.3988678,0.15146445,-0.01368217,-0.057876877,-0.032586675,-0.03594891,-0.5030831,0.09232997,-0.04215791,-0.004388652,-0.09960434,0.32056513,0.02766817,0.07611019,-0.037109643,0.0041165673,-0.002005968,-0.0048787855,-0.001486372,-0.00058344286,0.046667192,0.0060435543,0.0016278629,-0.017708872,-0.01960353,-0.012772044,0.031590506,0.047069706,0.0016147144,-0.005659605,0.010226167,0.07505798,-0.0014853667,-0.0124767255,0.005586686,0.020770213,0.01282437,0.01560404,0.008407855,-0.01608491,0.03904907,-0.016477972,0.005349586,-0.0066630626,-0.00028895325,-0.006461764,0.0013781923,-0.0033984433,0.0024136032,0.0035453157,0.16365048,-0.0028134743,2.840089,-0.037578363,-0.2492763,0.0017984803,0.0,0.0,0.065460384,-0.009178424,-0.021512952,0.032957263,-0.003820691,0.007925667,0.00054913585,0.0036467414,0.006648795,0.006704756,0.010936161,0.009295574,0.0058948747,0.003191093,2.8143968e-06,-0.000146531,4.6274894e-05,1.4319787e-05,-0.037500553,0.002259353,-0.0019885788,-0.0021389523,-0.008238562,0.00041211324,0.009856116,score_roll3_mean,
URY,-0.013263728,-0.18439062,-0.071802236,0.08565189,-0.023456141,0.24129286,-0.011700654,0.026983848,-0.02391918,1.5823247,0.789483,0.23843431,0.16469035,0.03614629,-0.034037817,-0.57230484,0.030790035,-0.04700925,-0.006198265,-0.028830161,0.3469367,0.058827743,0.06588444,-0.09884732,-0.016150126,-0.0035637652,-0.0072986973,-0.00027703366,0.02957095,0.07157842,0.011358022,0.0092133125,-0.02300535,-0.055935957,-0.010139668,-0.0005162916,0.007430203,-0.020067,0.009594677,-0.012928386,0.013282578,0.02688617,0.019092456,-0.03838624,-0.03606113,-0.035483215,-0.09879645,-0.6979154,0.028017636,-0.14047073,-0.02156843,-0.014141562,-0.003661433,-0.012373665,0.009220185,-0.022022828,-0.0038761839,0.026823893,0.0023370907,0.17062077,0.0026612089,11.717443,0.16059409,-1.6629493,-0.011806633,0.0,0.0,0.025568746,0.0160822,-0.034565825,0.012706747,0.006989805,0.0071626566,0.0015840451,0.015146923,0.009284042,0.052002292,0.054153673,0.0054017166,0.0057752146,0.021392727,-4.8675224e-06,-0.00010928104,3.1008898e-05,-0.00019499601,0.006564187,-0.014535467,0.013333437,0.018013837,0.047605824,-0.00051595725,0.015706457,score_roll3_mean,
USA,0.017222514,-0.04983247,-0.0144645665,0.04993097,0.43091068,-0.03017846,0.48706236,0.016983766,0.44940776,1.6606245,0.9301666,0.22061783,0.16784734,0.07959092,-0.030871494,-0.2870031,0.064983994,0.77868795,0.14516774,0.053349726,0.35701495,0.049948987,0.1397423,-0.049252108,0.027064387,0.0005478302,0.019090762,-0.0009885863,0.022601461,0.023577137,0.0065599284,0.0046942257,-0.04665,0.043390207,0.0636092,0.25171453,0.15344453,-0.009513527,-0.025031028,-0.020717718,-0.014577532,0.041046526,0.054861423,-0.042760007,-0.020861197,-0.007519644,-0.077228054,-0.108054966,0.022455186,-0.079388045,-0.03959007,-0.036280494,-0.006266893,0.03228969,0.078497835,0.003754747,-0.0018889594,0.0031942413,-0.0027682292,0.2691965,0.0033911692,26.529314,-0.04489214,-0.6550672,0.01720397,0.0,0.0,0.015282554,0.022497846,0.14012602,0.028241936,0.0019920846,0.0042697997,0.0038677119,-0.0017833608,-0.0013626306,0.012363714,0.015374069,0.010560328,-0.0108490065,0.008424205,1.1380036e-05,-8.895659e-05,3.1008898e-05,-0.00020936916,0.010330454,0.021280926,-0.015832208,0.004355154,0.1646333,0.007612042,0.0004971839,score_roll3_mean,
UZB,-0.04519754,-0.32270214,-0.040750317,0.027701715,0.37442958,0.019461876,0.27952048,0.032707978,-0.06494553,-0.27634835,-0.35699767,-0.0588936,-0.039724592,0.09330676,-0.08971045,-0.44699186,-0.00074754347,-0.031899415,-0.0050192038,-0.064667836,0.044310212,0.02145088,-0.032057997,-0.026761863,-0.0006836143,-3.350217e-05,-0.0021456971,-0.0006031895,0.0006201804,0.045378722,0.07401222,-0.025156256,-0.0061277375,-0.16457637,-0.008417816,-0.0015064611,0.08740907,0.016010134,0.008996007,-0.034339614,0.0066285813,0.0074017877,0.0101330755,-0.051107008,-0.019268326,0.04356724,0.017220361,-0.057880268,-0.00066276337,0.04393668,0.011557211,0.025754252,-0.00675265,0.003649511,-0.006078895,0.033863906,0.002479864,0.002173986,0.00503929,-0.1637838,-0.0029781286,-3.5573428,0.7572162,-0.17560527,-0.13929619,0.0,0.0,0.01835809,-7.992578e-05,-0.024431426,0.049863104,0.016019102,0.036117952,-7.943911e-06,0.002037652,0.011239552,0.025092019,-0.031621788,-0.02938366,0.0069501502,-0.0076149483,5.860388e-06,-0.00014830442,6.088132e-05,6.147161e-05,-0.004053093,-0.0073802387,0.04085515,0.04870377,-0.008934786,0.019545462,0.069080904,score_roll3_mean,
VCT,-0.015399859,-0.13963647,-0.18473007,0.0790699,-0.1460796,-0.050097674,-0.13559607,-0.011708483,-0.1344726,0.7980708,0.9089143,0.42616028,0.029141186,0.06335291,-0.03944057,-0.51435137,0.07901959,0.02412959,-0.006215165,-0.08476354,0.23187588,-0.013186688,0.009649959,-0.095732346,-0.021960638,0.011190845,-0.0057537467,0.0028383147,-0.00088153034,-0.0011602024,0.03510368,-0.0004666626,0.008561574,-0.113893814,-0.041902613,-0.096639074,0.030377826,0.0008714929,0.014602729,-0.012431453,0.0034956636,-0.009939095,-0.0063187582,-0.03603481,-0.054558728,-0.10707165,-0.04651406,-0.07087989,0.07299226,-0.09753717,-0.043056067,-0.0013857346,-0.028581848,-4.8055488e-05,-0.0002737535,0.007141176,0.009690936,-0.0042856503,-0.0018873346,-0.023196807,0.0020816685,6.0844197,0.331594,-2.2269855,-0.06362588,0.0,0.0,0.0057342374,0.0046603107,-0.028947977,-0.06923499,0.0092110215,0.013120959,0.0017422648,-0.013760023,0.004826591,-0.03657089,-0.021546477,-0.002248249,0.1805696,-0.01887383,1.46571365e-05,-0.00026664897,6.05303e-05,-0.00022157944,-0.004555569,0.026984254,-0.049901996,-0.112884544,-0.033227365,-0.014838339,0.013598701,score_roll3_mean,
VEN,-0.1035231,-0.38256148,-0.21015812,-0.04767099,-0.27349657,0.014807888,0.03551833,-0.014782268,-0.05592773,-0.8845631,-0.9938419,0.015687587,-0.49148142,-0.15382597,-0.12592556,-0.94239527,-0.0011924494,-0.034297425,-0.011968397,-0.13458398,0.4679045,0.0226687,0.07793904,-0.07803599,-0.011321422,-0.0015645912,-0.0027886897,-0.0017754833,-0.0007890633,-0.10289578,-0.020487115,-0.0018105846,-0.012295862,-0.3343889,-0.0048826286,-0.0655808,-0.08325133,-0.0006833871,0.010439069,-0.03012024,0.010433802,-0.058701154,-0.037911527,0.010269249,0.06342581,0.0228955,0.012252438,0.0011540167,0.0064197034,0.068669066,0.04112549,-0.006178418,-0.009106223,-0.0010992076,-0.032271344,0.0067522847,-0.017267106,0.0048802583,0.00211857,-0.52002984,-0.0016772256,-15.096886,-0.06482096,-0.20695907,0.0067737293,0.0,0.0,0.0131004285,-0.07076377,-0.28316936,-0.12207977,0.0064361678,-0.032831967,-0.028810287,-0.20829426,-0.0051533314,-0.2519853,-0.28036094,-0.043650392,-0.0103103705,-0.34057635,1.1495233e-05,-0.00080079003,4.904942e-05,8.292604e-05,0.019033382,-0.0012221778,-0.10155248,0.042883206,-0.039085284,-0.018214794,-0.42136496,score_roll3_mean,
VNM,-0.016052537,-0.1689659,-0.09006761,0.025553774,-0.08856029,-0.04549004,0.21731493,-0.01182356,-0.08697571,0.14335659,0.43673915,-0.009288268,0.09801648,-0.039803278,-0.032857876,-0.5889129,0.047219988,-0.0053948928,-0.0033710077,-0.087472945,0.10678498,-0.043283645,0.02315339,-0.026610225,-0.01583003,-0.0013249437,-0.0033524148,-0.00029930525,0.00071889954,0.06106513,0.03582779,0.0010113183,-0.008997053,-0.023058252,0.009526803,-0.042497642,-0.011658473,0.0055772983,0.015658768,-0.012442343,0.0026571834,-0.0077544404,-0.023274787,0.004255653,0.016454427,-0.017733395,0.02077385,-0.042984176,-0.022346882,-0.04601419,-0.04999561,-0.034260783,-0.0009787518,-0.00027406888,-0.0046118563,0.0076419944,0.0033993835,0.009761234,-0.004966536,-0.033629585,0.00029397698,0.2781191,-0.053300742,-0.38542342,-0.01930604,0.0,0.0,0.014767084,0.008477028,0.15659901,-0.036964003,-0.001950034,0.0069875554,0.001755863,0.007002566,0.08478683,0.026605563,0.00791936,0.0011345147,0.047851276,0.013056348,0.01325118,-0.0001749964,4.6274894e-05,-0.00014824797,0.017271183,-0.017470043,0.07285629,0.007449953,-0.034709673,-0.012086683,-0.017622301,fh_combined_score,political
VUT,-0.0150785055,-0.17024595,-0.10864158,0.12412546,-0.09418451,-0.04682817,-0.101377,-0.005991262,-0.13281989,0.617954,0.6396892,0.36569852,-0.028887652,0.06428965,-0.029036298,-0.64737123,0.052529864,-0.048447784,-0.009844782,-0.107920945,0.082342096,-0.05796786,-0.088859655,-0.020627769,-0.021327686,0.000989162,-0.010577124,0.0037628934,-0.0021254877,0.06520637,0.05007232,-0.0017612113,0.014510136,-0.06137501,-0.001399068,-0.03296236,-0.015222655,0.015057273,0.012956849,-0.038201086,-0.015197919,0.016606288,0.0053400523,-0.030986713,-0.061451335,-0.11037719,0.034001973,-0.10998268,-0.07184787,-0.057689957,-0.022445822,0.007240022,0.0016340486,0.0006073305,-0.00019119878,-0.07359766,-0.026237767,-0.005826681,-0.012138707,-0.05158498,-0.00879532,-0.8469499,-0.0037252358,-0.53434485,0.007295302,0.0,0.0,-0.08423641,0.007879805,-0.03633627,-0.036751732,0.0011618733,-0.0013616323,0.0021349825,-0.004676474,0.013057771,-0.063720025,0.03202235,0.02976373,-0.0021645352,-0.024237785,-0.001326747,-0.00019855093,-0.0001790591,0.004522775,-0.004810663,0.008586605,-0.011545319,-0.0015371991,-0.02335459,-0.0022745007,-0.012279851,score_roll3_mean,
WSM,-0.010536179,-0.18172255,-0.18525572,0.09961173,-0.024125632,-0.052992295,-0.082397476,-0.0065644034,-0.03333954,1.2457237,0.8030441,0.44406328,0.044875514,-0.018129217,-0.03420447,-0.54671633,0.087410316,0.035551548,-0.0073406594,-0.09065838,0.27699858,0.021087132,-0.031081747,-0.103576705,-0.01909413,0.013462176,-0.009449385,0.0029190932,-0.00091996614,0.08067425,0.058334325,-0.0008790959,0.018388819,-0.037628427,-0.025995081,-0.072141685,-0.024780443,-0.0040744147,0.02059269,-0.02274717,-0.002703848,0.018173737,0.0038137918,-0.00796886,0.0030502928,-0.1347016,0.036547553,-0.059896912,0.03513841,-0.12770095,-0.05371241,0.011743552,-0.022956017,0.0024930523,-0.0056761275,-0.02383694,0.021352243,0.028410196,0.0065079797,-0.03981374,0.0011740035,6.5716066,0.33033207,-1.5025257,0.064804375,0.0,0.0,-0.0025105127,0.005933951,0.019150691,-0.06214944,0.0077617583,0.005385723,0.0021417935,-0.0076785386,0.012031606,-0.01468584,-0.089492425,0.0827646,-0.00035346937,0.002543244,1.2647695e-05,-0.00018211911,3.3583157e-05,-0.00013534792,-0.004598007,0.025423016,-0.03303565,0.06911901,-0.025732951,-0.0013467576,0.3522148,score_roll3_mean,
XKX,-0.025129747,-0.21483184,0.008581877,0.014464362,0.071605965,-0.06469157,0.0062636025,-0.055626214,-0.12124832,-0.0058611906,0.5217675,-0.017969182,0.080104016,0.08006473,-0.043245055,-0.69701666,0.18199268,0.022090234,-0.0095120575,-0.15517662,0.48290268,-0.016956108,-0.101034366,-0.02409395,0.004747695,0.013548315,-0.008531641,0.03614363,-0.002198838,-0.063049324,-0.054535594,0.0004275626,-0.014520311,-0.04527662,-0.0098692775,-0.07195098,-0.013914174,0.0025967816,0.008109742,0.023164837,0.02069177,-0.005563971,-0.00462813,-0.029091638,-0.031295035,-0.002765327,0.041480236,-0.02009952,-0.021401329,-0.023715315,-0.05728111,-0.017654514,-0.00060015626,0.01870162,-0.0004194261,-0.034342967,-0.0020900688,0.013287504,-0.011398139,0.150575,0.0002462123,2.3607798,-0.028334053,-0.45168623,0.011371597,0.0,0.0,-0.010475306,0.012452591,-0.0061015803,0.040667463,-0.0015210735,0.008490332,0.00054921187,0.007149283,0.0970269,0.012726396,0.0047829924,-0.05619114,0.020697288,-0.00083387486,3.172374e-05,-0.00015058604,4.163175e-05,-4.64532e-05,-0.0030888068,-0.017722193,0.046343863,-0.015031396,0.034678657,-0.008953219,-0.019606799,score_roll3_mean,
YEM,-0.08987682,-0.2512879,-0.18241835,-0.037459508,-0.18533453,-0.030392222,-0.8046484,-0.0203373,-0.07157424,-0.709834,-1.0230497,-0.02919843,-0.47223744,-0.14585876,-0.41154343,-0.9424499,-0.030591507,-0.02471457,-0.0068518994,-0.19261967,-2.0818245,-0.051751602,0.046739135,-0.04113167,-0.022221588,0.00087883,-0.00066785177,-0.0011359684,0.002125151,-0.056504183,-0.051744986,-0.0032571338,-0.0039100717,-0.091978,-0.10341364,-0.059158813,-0.06151916,-0.00508573,0.007579056,-0.089836985,0.012658921,-0.009598028,-0.062005654,0.008471534,-0.045142695,0.0071803457,0.025777781,0.006366835,-0.0036606214,0.07868463,0.02014877,0.005496628,-0.009356093,0.015926536,-0.007063278,0.005319553,0.0021006628,0.015800372,0.00056989316,-0.5018169,-0.0071243034,-17.129585,-0.10755869,-0.42671692,0.004576398,0.0,0.0,-0.059856176,0.0071367654,0.047585066,-0.17167732,-0.03515025,-0.014226297,-0.022670327,-0.070942156,-0.060806595,0.007108832,-0.024759443,-0.035879456,-0.061640263,-0.0077413926,1.7236569e-05,-0.004674624,0.00010424777,0.00017242356,-0.019837208,0.038323417,-0.0612663,-0.0050291205,-0.076007694,0.003734902,-0.38356373,score_roll3_mean,
ZAF,-0.03243297,-0.13055122,-0.4900271,0.05613475,0.25718263,0.019639522,0.17440726,0.018531026,0.39081916,0.017378192,0.5201278,0.13563144,-0.004192594,-0.016686168,0.018613247,-0.38732365,-0.04405663,0.4910217,-0.07965572,-0.18049017,0.11609454,-0.04122841,0.005995471,-0.022039097,0.079541795,-3.369221e-05,0.050164487,0.0018313729,-0.010664259,0.022124877,0.032556813,-0.0014740612,-0.038316164,-0.0152807245,-0.002858999,0.017381405,0.008081593,-0.0026270936,-0.0017258764,-0.029872572,-0.049856853,0.0099721495,0.006253901,0.0014083885,0.011659718,-0.013257418,-0.008751391,-0.048093937,0.028666608,-0.032048862,0.011412177,0.003187705,-0.005240627,0.0026534037,-0.0014505885,0.0055120927,0.003996822,0.0066853142,-0.008391041,-0.08205173,0.0007491171,4.2671533,0.1847861,-0.7834095,0.008729662,0.0,0.0,0.03204033,-0.0059745996,-0.014921372,0.020263597,0.011196308,-0.007895272,0.0041935164,0.0020087534,-0.021990018,-0.022333648,-0.015792936,0.0023319195,-0.008732222,-0.001776597,2.8200461e-06,-0.00010865953,4.523847e-05,3.0283336e-05,0.02080393,0.0024154237,-0.045202553,-0.017007738,0.06147119,-0.0007130566,-0.051050987,score_roll3_mean,
ZMB,-0.04515033,-0.18218893,-0.05510647,0.00290416,-0.14390436,-0.024161056,0.012326307,0.0154978195,-0.06732282,-0.24428764,-0.16965419,0.11466221,-0.106546424,-0.0021866162,-0.14933927,-0.5947634,0.055402346,0.030640494,-0.016390372,-0.1816391,-0.45051792,0.067815,-0.10458538,-0.029402828,-0.02339996,0.009971396,-0.005776858,0.0020064693,-0.0009019547,0.0022566046,-0.024219414,-0.0022748737,-0.015900541,0.0035787944,-0.0025568064,-0.046557672,-0.040494993,0.013090145,-0.0009475652,-0.024218032,-0.016648082,0.0032747942,0.011286009,-0.009199479,-0.045858875,-0.033661827,0.009216806,-0.035136968,-0.05711156,0.0112194475,-0.033652302,0.012022273,-0.0020648318,-0.021847155,-0.0016257779,-0.067413546,-0.005972304,0.123980284,-0.00422691,-0.062351488,-0.026656868,-1.7541094,-0.05622641,-0.657109,-0.00022401332,0.0,0.0,-0.012672915,-0.012814154,0.0024533633,-0.049084235,-0.005943628,0.026135296,0.0019719037,0.05285952,-0.010411438,-0.0037010633,-0.044076517,0.0014307626,-0.05691996,-0.020018928,2.0144045e-05,-0.00019980947,6.088132e-05,1.3229075e-05,-0.0062067574,-0.008042411,-0.094034806,0.00846913,0.022704868,-0.055205878,-0.03801274,score_roll3_mean,
ZWE,-0.061837636,-0.26339537,-0.1117471,-0.0013555726,-0.18531458,-0.031408995,0.028530853,0.0197052,-0.051636446,-0.5143981,-0.91483116,-0.028815605,-0.3108788,-0.12342456,-0.16608591,-0.95526046,-0.026338173,-0.0376645,0.0042876094,-0.2624941,-0.6167773,-0.030417461,-0.040373243,-0.04844102,-0.022382312,-0.00079903577,-0.001056829,-0.0006421534,0.00066369085,-0.0051410636,0.060599096,-0.005506223,-0.015682872,-0.08082906,-5.275582e-06,-0.03490169,-0.03998415,0.0066640195,0.006033219,0.0051204525,-0.022991497,0.0009477521,0.02083817,0.004163951,0.06445984,0.03249341,0.020304859,-0.10346682,-0.024321862,0.072360344,0.022390448,0.005852766,-0.0051547266,-0.01427703,-0.010662227,-0.31726786,0.0018084433,-0.030323086,9.807924e-05,-0.16611922,-0.0069348337,-10.829822,-0.066336244,-0.31081873,-0.0028514445,0.0,0.0,-0.017585196,0.00071173883,-0.02850043,-0.11026477,-0.0026574994,0.0010661341,-0.003843253,0.009933724,-0.054471612,-0.027758718,-0.23140453,-0.06598206,0.022678755,-0.0066596107,-1.1202419e-06,-0.00079199625,6.1917744e-05,0.0001343399,-0.006339658,-0.009296167,-0.04433361,-0.006182851,-0.08939423,-0.0055412967,0.01602835,score_roll3_mean,
